clave,codigo,nombre,nivel,capitulo,capituloNombre,subtipo,sexo,edadMin,edadMax,activo
00,00,"PROCEDIMIENTOS E INTERVENCIONES, NO CLASIFICADOS EN OTRA PARTE",2,00,PROCEDIMIENTOS DIAGNÓSTICOS Y TERAPÉUTICOS MISCELÁNEOS (87 - 99),,,,,NO
000,00.0,ULTRASONIDO TERAPÉUTICO,3,00,PROCEDIMIENTOS DIAGNÓSTICOS Y TERAPÉUTICOS MISCELÁNEOS (87 - 99),,,,,NO
0001,00.01,ULTRASONIDO TERAPÉUTICO DE VASOS DE CABEZA Y CUELLO,4,00,PROCEDIMIENTOS DIAGNÓSTICOS Y TERAPÉUTICOS MISCELÁNEOS (87 - 99),T,,,,SI
0002,00.02,ULTRASONIDO TERAPÉUTICO CARDÍACO,4,00,PROCEDIMIENTOS DIAGNÓSTICOS Y TERAPÉUTICOS MISCELÁNEOS (87 - 99),T,,,,SI
0003,00.03,ULTRASONIDO TERAPÉUTICO DE VASOS PERIFÉRICOS,4,00,PROCEDIMIENTOS DIAGNÓSTICOS Y TERAPÉUTICOS MISCELÁNEOS (87 - 99),T,,,,SI
0009,00.09,OTRO ULTRASONIDO TERAPÉUTICO,4,00,PROCEDIMIENTOS DIAGNÓSTICOS Y TERAPÉUTICOS MISCELÁNEOS (87 - 99),T,,,,SI
001,00.1,FÁRMACOS,3,00,PROCEDIMIENTOS DIAGNÓSTICOS Y TERAPÉUTICOS MISCELÁNEOS (87 - 99),,,,,NO
0010,00.10,IMPLANTACIÓN DE AGENTE QUIMIOTERAPÉUTICO,4,00,PROCEDIMIENTOS DIAGNÓSTICOS Y TERAPÉUTICOS MISCELÁNEOS (87 - 99),T,,,,SI
0011,00.11,INFUSIÓN DE DROTRECOGÍN ALFA (ACTIVADA),4,00,PROCEDIMIENTOS DIAGNÓSTICOS Y TERAPÉUTICOS MISCELÁNEOS (87 - 99),T,,,,SI
0012,00.12,ADMINISTRACIÓN DE ÓXIDO NÍTRICO INHALADO,4,00,PROCEDIMIENTOS DIAGNÓSTICOS Y TERAPÉUTICOS MISCELÁNEOS (87 - 99),T,,,,SI
0013,00.13,INYECCIÓN O INFUSIÓN DE NESIRITIDE,4,00,PROCEDIMIENTOS DIAGNÓSTICOS Y TERAPÉUTICOS MISCELÁNEOS (87 - 99),T,,,,SI
0014,00.14,INYECCIÓN O INFUSIÓN DE ANTIBIÓTICOS DEL GRUPO DE LA OXAZOLIDINONA,4,00,PROCEDIMIENTOS DIAGNÓSTICOS Y TERAPÉUTICOS MISCELÁNEOS (87 - 99),T,,,,SI
0015,00.15,INFUSIÓN DE DOSIS ALTA DE INTERLEUCINA-2 [IL-2],4,00,PROCEDIMIENTOS DIAGNÓSTICOS Y TERAPÉUTICOS MISCELÁNEOS (87 - 99),T,,,,SI
0016,00.16,TRATAMIENTO PRESURIZADO DE INJERTO DE DERIVACIÓN VENOSO [CONDUCTO] CON SUSTANCIA MEDICAMENTOSA,4,00,PROCEDIMIENTOS DIAGNÓSTICOS Y TERAPÉUTICOS MISCELÁNEOS (87 - 99),T,,,,SI
0017,00.17,INFUSIÓN DE AGENTE VASOPRESOR,4,00,PROCEDIMIENTOS DIAGNÓSTICOS Y TERAPÉUTICOS MISCELÁNEOS (87 - 99),T,,,,SI
0018,00.18,TERAPIA DE INFUSIÓN DE ANTICUERPOS INMUNOSUPRESORES,4,00,PROCEDIMIENTOS DIAGNÓSTICOS Y TERAPÉUTICOS MISCELÁNEOS (87 - 99),T,,,,SI
0019,00.19,IRRUPCIÓN DE LA BARRERA HEMATOENCEFÁLICA VÍA INFUSIÓN [IBH] [BBBD],4,00,PROCEDIMIENTOS DIAGNÓSTICOS Y TERAPÉUTICOS MISCELÁNEOS (87 - 99),T,,,,SI
002,00.2,IMAGEN INTRAVASCULAR DE VASOS SANGUÍNEOS,3,00,PROCEDIMIENTOS DIAGNÓSTICOS Y TERAPÉUTICOS MISCELÁNEOS (87 - 99),,,,,NO
0021,00.21,IMAGEN INTRAVASCULAR DE VASOS CEREBRALES EXTRACRANEALES,4,00,PROCEDIMIENTOS DIAGNÓSTICOS Y TERAPÉUTICOS MISCELÁNEOS (87 - 99),D,,,,SI
0022,00.22,IMAGEN INTRAVASCULAR DE VASOS INTRATORÁCICOS,4,00,PROCEDIMIENTOS DIAGNÓSTICOS Y TERAPÉUTICOS MISCELÁNEOS (87 - 99),D,,,,SI
0023,00.23,IMAGEN INTRAVASCULAR DE VASOS PERIFÉRICOS,4,00,PROCEDIMIENTOS DIAGNÓSTICOS Y TERAPÉUTICOS MISCELÁNEOS (87 - 99),D,,,,SI
0024,00.24,IMAGEN INTRAVASCULAR DE VASOS CORONARIOS,4,00,PROCEDIMIENTOS DIAGNÓSTICOS Y TERAPÉUTICOS MISCELÁNEOS (87 - 99),D,,,,SI
0025,00.25,IMAGEN INTRAVASCULAR DE VASOS RENALES,4,00,PROCEDIMIENTOS DIAGNÓSTICOS Y TERAPÉUTICOS MISCELÁNEOS (87 - 99),D,,,,SI
0028,00.28,IMAGEN INTRAVASCULAR DE OTRO(S) VASO(S) ESPECIFICADO(S),4,00,PROCEDIMIENTOS DIAGNÓSTICOS Y TERAPÉUTICOS MISCELÁNEOS (87 - 99),D,,,,SI
0029,00.29,IMAGEN INTRAVASCULAR DE VASO(S) NO ESPECIFICADO(S),4,00,PROCEDIMIENTOS DIAGNÓSTICOS Y TERAPÉUTICOS MISCELÁNEOS (87 - 99),D,,,,SI
003,00.3,CIRUGÍA ESPECIFICADOS ASISTIDA POR ORDENADOR [CAS],3,00,PROCEDIMIENTOS DIAGNÓSTICOS Y TERAPÉUTICOS MISCELÁNEOS (87 - 99),,,,,NO
0031,00.31,CIRUGÍA ASISTIDA POR ORDENADOR CON TAC/TC,4,00,PROCEDIMIENTOS DIAGNÓSTICOS Y TERAPÉUTICOS MISCELÁNEOS (87 - 99),Q,,,,SI
0032,00.32,CIRUGÍA ASISTIDA POR ORDENADOR CON RM/ARM,4,00,PROCEDIMIENTOS DIAGNÓSTICOS Y TERAPÉUTICOS MISCELÁNEOS (87 - 99),Q,,,,SI
0033,00.33,CIRUGÍA ASISTIDA POR ORDENADOR CON RADIOSCOPIA,4,00,PROCEDIMIENTOS DIAGNÓSTICOS Y TERAPÉUTICOS MISCELÁNEOS (87 - 99),Q,,,,SI
0034,00.34,CIRUGÍA ASISTIDA POR ORDENADOR SIN IMAGEN,4,00,PROCEDIMIENTOS DIAGNÓSTICOS Y TERAPÉUTICOS MISCELÁNEOS (87 - 99),Q,,,,SI
0035,00.35,CIRUGÍA ASISTIDA POR ORDENADOR CON MÚLTIPLES FUENTES DE DATOS,4,00,PROCEDIMIENTOS DIAGNÓSTICOS Y TERAPÉUTICOS MISCELÁNEOS (87 - 99),Q,,,,SI
0039,00.39,OTRA CIRUGÍA ASISTIDA POR ORDENADOR,4,00,PROCEDIMIENTOS DIAGNÓSTICOS Y TERAPÉUTICOS MISCELÁNEOS (87 - 99),Q,,,,SI
004,00.4,PROCEDIMIENTOS AUXILIARES SOBRE EL SISTEMA VASCULAR,3,00,PROCEDIMIENTOS DIAGNÓSTICOS Y TERAPÉUTICOS MISCELÁNEOS (87 - 99),,,,,NO
0040,00.40,PROCEDIMIENTO SOBRE UN SOLO VASO,4,00,PROCEDIMIENTOS DIAGNÓSTICOS Y TERAPÉUTICOS MISCELÁNEOS (87 - 99),Q,,,,SI
0041,00.41,PROCEDIMIENTO SOBRE DOS VASOS,4,00,PROCEDIMIENTOS DIAGNÓSTICOS Y TERAPÉUTICOS MISCELÁNEOS (87 - 99),Q,,,,SI
0042,00.42,PROCEDIMIENTO SOBRE TRES VASOS,4,00,PROCEDIMIENTOS DIAGNÓSTICOS Y TERAPÉUTICOS MISCELÁNEOS (87 - 99),Q,,,,SI
0043,00.43,PROCEDIMIENTO SOBRE CUATRO O MÁS VASOS,4,00,PROCEDIMIENTOS DIAGNÓSTICOS Y TERAPÉUTICOS MISCELÁNEOS (87 - 99),Q,,,,SI
0044,00.44,PROCEDIMIENTO SOBRE BIFURCACIÓN VASCULAR,4,00,PROCEDIMIENTOS DIAGNÓSTICOS Y TERAPÉUTICOS MISCELÁNEOS (87 - 99),Q,,,,SI
0045,00.45,INSERCIÓN DE UN STENT VASCULAR,4,00,PROCEDIMIENTOS DIAGNÓSTICOS Y TERAPÉUTICOS MISCELÁNEOS (87 - 99),Q,,,,SI
0046,00.46,INSERCIÓN DE DOS STENTS VASCULARES,4,00,PROCEDIMIENTOS DIAGNÓSTICOS Y TERAPÉUTICOS MISCELÁNEOS (87 - 99),Q,,,,SI
0047,00.47,INSERCIÓN DE TRES STENTS VASCULARES,4,00,PROCEDIMIENTOS DIAGNÓSTICOS Y TERAPÉUTICOS MISCELÁNEOS (87 - 99),Q,,,,SI
0048,00.48,INSERCIÓN DE CUATRO O MÁS STENTS VASCULARES,4,00,PROCEDIMIENTOS DIAGNÓSTICOS Y TERAPÉUTICOS MISCELÁNEOS (87 - 99),Q,,,,SI
0049,00.49,TERAPIA CON OXIGENO SUPERSATURADO,4,00,PROCEDIMIENTOS DIAGNÓSTICOS Y TERAPÉUTICOS MISCELÁNEOS (87 - 99),Q,,,,SI
005,00.5,OTROS PROCEDIMIENTOS CARDIOVASCULARES,3,00,PROCEDIMIENTOS DIAGNÓSTICOS Y TERAPÉUTICOS MISCELÁNEOS (87 - 99),,,,,NO
0050,00.50,"IMPLANTACIÓN DE MARCAPASOS DE RESINCRONIZACIÓN CARDÍACA SIN MENCIÓN DE DESFIBRILACIÓN, SISTEMA TOTAL [DRCT] [CRT-P]",4,00,PROCEDIMIENTOS DIAGNÓSTICOS Y TERAPÉUTICOS MISCELÁNEOS (87 - 99),Q,,,,SI
0051,00.51,"IMPLANTACIÓN DE DESFIBRILADOR DE RESINCRONIZACIÓN CARDÍACA, SISTEMA TOTAL [DRCT] [CRT-D]",4,00,PROCEDIMIENTOS DIAGNÓSTICOS Y TERAPÉUTICOS MISCELÁNEOS (87 - 99),Q,,,,SI
0052,00.52,IMPLANTACIÓN O SUSTITUCIÓN DE ELECTRODO DENTRO DEL SISTEMA VENOSO CORONARIO VENTRICULAR IZQUIERDO,4,00,PROCEDIMIENTOS DIAGNÓSTICOS Y TERAPÉUTICOS MISCELÁNEOS (87 - 99),Q,,,,SI
0053,00.53,IMPLANTACIÓN DE O SUSTITUCIÓN DE MARCAPASOS DE RESINCRONIZACIÓN CARDÍACA SÓLO GENERADOR DE PULSO [IMRC] [CRT-P],4,00,PROCEDIMIENTOS DIAGNÓSTICOS Y TERAPÉUTICOS MISCELÁNEOS (87 - 99),Q,,,,SI
0054,00.54,"IMPLANTACIÓN O SUSTITUCIÓN DE DESFIBRILADOR DE RESINCRONIZACIÓN CARDÍACA,SÓLO DISPOSITIVO GENERADOR DE PULSO [DRC] [CRT-D]",4,00,PROCEDIMIENTOS DIAGNÓSTICOS Y TERAPÉUTICOS MISCELÁNEOS (87 - 99),Q,,,,SI
0055,00.55,INSERCIÓN DE STENT(S) LIBERADOR DE FÁRMACO EN VASO PERIFÉRICO,4,00,PROCEDIMIENTOS DIAGNÓSTICOS Y TERAPÉUTICOS MISCELÁNEOS (87 - 99),Q,,,,SI
0056,00.56,INSERCIÓN O SUSTITUCIÓN DE SENSOR DE PRESIÓN IMPLANTABLE (ELECTRODO) PARA MONITORIZACIÓN HEMODINÁMICA INTRACARDIACA,4,00,PROCEDIMIENTOS DIAGNÓSTICOS Y TERAPÉUTICOS MISCELÁNEOS (87 - 99),Q,,,,SI
0057,00.57,IMPLANTACIÓN O SUSTITUCIÓN DE DISPOSITIVO SUBCUTÁNEO PARA MONITORIZACIÓN HEMODINÁMICA INTRACARDIACA,4,00,PROCEDIMIENTOS DIAGNÓSTICOS Y TERAPÉUTICOS MISCELÁNEOS (87 - 99),Q,,,,SI
0058,00.58,INSERCIÓN DE DISPOSITIVO PARA MONITORIZACIÓN DE PRESIÓN EN SACO INTRA-ANEURISMÁTICO (INTRAOPERATORIO),4,00,PROCEDIMIENTOS DIAGNÓSTICOS Y TERAPÉUTICOS MISCELÁNEOS (87 - 99),Q,,,,SI
0059,00.59,MEDICIÓN DE PRESIÓN INTRAVASCULAR DE ARTERIAS CORONARIAS,4,00,PROCEDIMIENTOS DIAGNÓSTICOS Y TERAPÉUTICOS MISCELÁNEOS (87 - 99),D,,,,SI
006,00.6,PROCEDIMIENTOS SOBRE VASOS SANGUÍNEOS,3,00,PROCEDIMIENTOS DIAGNÓSTICOS Y TERAPÉUTICOS MISCELÁNEOS (87 - 99),,,,,NO
0061,00.61,ANGIOPLASTIA O ATERECTOMÍA PERCUTÁNEA DE VASO(S) PRECEREBRAL(ES) (EXTRACRANEAL(ES)),4,00,PROCEDIMIENTOS DIAGNÓSTICOS Y TERAPÉUTICOS MISCELÁNEOS (87 - 99),Q,,,,SI
0062,00.62,ANGIOPLASTIA O ATERECTOMÍA PERCUTÁNEA DE VASO(S) INTRACRANEAL(ES),4,00,PROCEDIMIENTOS DIAGNÓSTICOS Y TERAPÉUTICOS MISCELÁNEOS (87 - 99),Q,,,,SI
0063,00.63,INSERCIÓN PERCUTÁNEA DE STENT(S) DE ARTERIA CARÓTIDA,4,00,PROCEDIMIENTOS DIAGNÓSTICOS Y TERAPÉUTICOS MISCELÁNEOS (87 - 99),Q,,,,SI
0064,00.64,INSERCIÓN PERCUTÁNEA DE STENT(S) DE OTRA ARTERIA PRECEREBRAL (EXTRACRANEAL),4,00,PROCEDIMIENTOS DIAGNÓSTICOS Y TERAPÉUTICOS MISCELÁNEOS (87 - 99),Q,,,,SI
0065,00.65,INSERCIÓN PERCUTÁNEA DE STENT(S) VASCULAR(ES) INTRACRANEAL(ES),4,00,PROCEDIMIENTOS DIAGNÓSTICOS Y TERAPÉUTICOS MISCELÁNEOS (87 - 99),Q,,,,SI
0066,00.66,ANGIOPLASTIA CORONARIA PERCUTÁNEA TRANSLUMINAL (ACTP) [PTCA] O ATERECTOMÍA CORONARIA,4,00,PROCEDIMIENTOS DIAGNÓSTICOS Y TERAPÉUTICOS MISCELÁNEOS (87 - 99),Q,,,,SI
0067,00.67,MEDICIÓN DE PRESIÓN INTRAVASCULAR DE ARTERIAS INTRATORÁCICAS,4,00,PROCEDIMIENTOS DIAGNÓSTICOS Y TERAPÉUTICOS MISCELÁNEOS (87 - 99),D,,,,SI
0068,00.68,MEDICIÓN DE PRESIÓN INTRAVASCULAR DE ARTERIAS PERIFÉRICAS,4,00,PROCEDIMIENTOS DIAGNÓSTICOS Y TERAPÉUTICOS MISCELÁNEOS (87 - 99),D,,,,SI
0069,00.69,MEDICIÓN DE PRESIÓN INTRAVASCULAR DE OTROS VASOS ESPECIFICADOS Y LOS NO ESPECIFICADOS,4,00,PROCEDIMIENTOS DIAGNÓSTICOS Y TERAPÉUTICOS MISCELÁNEOS (87 - 99),D,,,,SI
007,00.7,OTROS PROCEDIMIENTOS DE CADERA,3,00,PROCEDIMIENTOS DIAGNÓSTICOS Y TERAPÉUTICOS MISCELÁNEOS (87 - 99),,,,,NO
0070,00.70,"REVISIÓN DE SUSTITUCIÓN DE CADERA, COMPONENTES ACETABULAR Y FEMORAL",4,00,PROCEDIMIENTOS DIAGNÓSTICOS Y TERAPÉUTICOS MISCELÁNEOS (87 - 99),Q,,,,SI
0071,00.71,"REVISIÓN DE SUSTITUCIÓN DE CADERA, COMPONENTE ACETABULAR",4,00,PROCEDIMIENTOS DIAGNÓSTICOS Y TERAPÉUTICOS MISCELÁNEOS (87 - 99),Q,,,,SI
0072,00.72,"REVISIÓN DE SUSTITUCIÓN DE CADERA, COMPONENTE FEMORAL",4,00,PROCEDIMIENTOS DIAGNÓSTICOS Y TERAPÉUTICOS MISCELÁNEOS (87 - 99),Q,,,,SI
0073,00.73,"REVISIÓN DE SUSTITUCIÓN DE CADERA, SÓLO ALINEADOR ACETABULAR Y/O CABEZA FEMORAL",4,00,PROCEDIMIENTOS DIAGNÓSTICOS Y TERAPÉUTICOS MISCELÁNEOS (87 - 99),Q,,,,SI
0074,00.74,"SUPERFICIE DE APOYO EN SUSTITUCIÓN DE CADERA, METAL SOBRE POLIETILENO",4,00,PROCEDIMIENTOS DIAGNÓSTICOS Y TERAPÉUTICOS MISCELÁNEOS (87 - 99),Q,,,,SI
0075,00.75,"SUPERFICIE DE APOYO EN SUSTITUCIÓN DE CADERA, METAL SOBRE METAL",4,00,PROCEDIMIENTOS DIAGNÓSTICOS Y TERAPÉUTICOS MISCELÁNEOS (87 - 99),Q,,,,SI
0076,00.76,"SUPERFICIE DE APOYO EN SUSTITUCIÓN DE CADERA, CERÁMICA SOBRE CERÁMICA",4,00,PROCEDIMIENTOS DIAGNÓSTICOS Y TERAPÉUTICOS MISCELÁNEOS (87 - 99),Q,,,,SI
0077,00.77,"SUPERFICIE DE APOYO EN SUSTITUCIÓN DE CADERA, CERÁMICA SOBE POLIETILENO",4,00,PROCEDIMIENTOS DIAGNÓSTICOS Y TERAPÉUTICOS MISCELÁNEOS (87 - 99),Q,,,,SI
008,00.8,OTROS PROCEDIMIENTOS SOBRE RODILLA Y CADERA,3,00,PROCEDIMIENTOS DIAGNÓSTICOS Y TERAPÉUTICOS MISCELÁNEOS (87 - 99),,,,,NO
0080,00.80,"REVISIÓN DE SUSTITUCIÓN DE RODILLA, TOTAL (TODOS LOS COMPONENTES)",4,00,PROCEDIMIENTOS DIAGNÓSTICOS Y TERAPÉUTICOS MISCELÁNEOS (87 - 99),Q,,,,SI
0081,00.81,"REVISIÓN DE SUSTITUCIÓN DE RODILLA, COMPONENTE TIBIAL",4,00,PROCEDIMIENTOS DIAGNÓSTICOS Y TERAPÉUTICOS MISCELÁNEOS (87 - 99),Q,,,,SI
0082,00.82,"REVISIÓN DE SUSTITUCIÓN DE RODILLA, COMPONENTE FEMORAL",4,00,PROCEDIMIENTOS DIAGNÓSTICOS Y TERAPÉUTICOS MISCELÁNEOS (87 - 99),Q,,,,SI
0083,00.83,"REVISIÓN DE SUSTITUCIÓN DE RODILLA, COMPONENTE ROTULIANO",4,00,PROCEDIMIENTOS DIAGNÓSTICOS Y TERAPÉUTICOS MISCELÁNEOS (87 - 99),Q,,,,SI
0084,00.84,"REVISIÓN DE SUSTITUCIÓN TOTAL DE RODILLA, INSERCIÓN (ALINEADOR) TIBIAL",4,00,PROCEDIMIENTOS DIAGNÓSTICOS Y TERAPÉUTICOS MISCELÁNEOS (87 - 99),Q,,,,SI
0085,00.85,"RECUBRIMIENTO TOTAL DE CADERA, ACETÁBULO Y CABEZA FEMORAL",4,00,PROCEDIMIENTOS DIAGNÓSTICOS Y TERAPÉUTICOS MISCELÁNEOS (87 - 99),Q,,,,SI
0086,00.86,"RECUBRIMIENTO PARCIAL DE CADERA, CABEZA FEMORAL",4,00,PROCEDIMIENTOS DIAGNÓSTICOS Y TERAPÉUTICOS MISCELÁNEOS (87 - 99),Q,,,,SI
0087,00.87,"RECUBRIMIENTO PARCIAL DE CADERA, ACETÁBULO",4,00,PROCEDIMIENTOS DIAGNÓSTICOS Y TERAPÉUTICOS MISCELÁNEOS (87 - 99),Q,,,,SI
009,00.9,OTROS PROCEDIMIENTOS E INTERVENCIONES,3,00,PROCEDIMIENTOS DIAGNÓSTICOS Y TERAPÉUTICOS MISCELÁNEOS (87 - 99),,,,,NO
0091,00.91,TRASPLANTE PROCEDENTE DE DONANTE VIVO EMPARENTADO,4,00,PROCEDIMIENTOS DIAGNÓSTICOS Y TERAPÉUTICOS MISCELÁNEOS (87 - 99),Q,,,,SI
0092,00.92,TRASPLANTE PROCEDENTE DE DONANTE VIVO NO EMPARENTADO,4,00,PROCEDIMIENTOS DIAGNÓSTICOS Y TERAPÉUTICOS MISCELÁNEOS (87 - 99),Q,,,,SI
0093,00.93,TRASPLANTE PROCEDENTE DE CADÁVER,4,00,PROCEDIMIENTOS DIAGNÓSTICOS Y TERAPÉUTICOS MISCELÁNEOS (87 - 99),Q,,,,SI
0094,00.94,MONITORIZACIÓN NEUROFISIOLÓGICA INTRAOPERATORIA,4,00,PROCEDIMIENTOS DIAGNÓSTICOS Y TERAPÉUTICOS MISCELÁNEOS (87 - 99),D,,,,SI
00A,00.A,PROCEDIMIENTOS ASISTIDOS POR ROBÓTICA,3,00,PROCEDIMIENTOS DIAGNÓSTICOS Y TERAPÉUTICOS MISCELÁNEOS (87 - 99),,,,,NO
00A1,00.A1,PROCEDIMIENTO ABIERTO ASISTIDO POR ROBÓTICA,4,00,PROCEDIMIENTOS DIAGNÓSTICOS Y TERAPÉUTICOS MISCELÁNEOS (87 - 99),Q,,,,SI
00A2,00.A2,PROCEDIMIENTO LAPAROSCÓPICO ASISTIDO POR ROBÓTICA,4,00,PROCEDIMIENTOS DIAGNÓSTICOS Y TERAPÉUTICOS MISCELÁNEOS (87 - 99),Q,,,,SI
00A3,00.A3,PROCEDIMIENTO PERCUTÁNEO ASISTIDO POR ROBÓTICA,4,00,PROCEDIMIENTOS DIAGNÓSTICOS Y TERAPÉUTICOS MISCELÁNEOS (87 - 99),Q,,,,SI
00A4,00.A4,PROCEDIMIENTO ENDOSCÓPICO ASISTIDO POR ROBÓTICA,4,00,PROCEDIMIENTOS DIAGNÓSTICOS Y TERAPÉUTICOS MISCELÁNEOS (87 - 99),Q,,,,SI
00A5,00.A5,PROCEDIMIENTO TORACOSCÓPICO ASISTIDO POR ROBÓTICA,4,00,PROCEDIMIENTOS DIAGNÓSTICOS Y TERAPÉUTICOS MISCELÁNEOS (87 - 99),Q,,,,SI
00A9,00.A9,OTRO PROCEDIMIENTO ASISTIDO POR ROBÓTICA Y EL NO ESPECIFICADO,4,00,PROCEDIMIENTOS DIAGNÓSTICOS Y TERAPÉUTICOS MISCELÁNEOS (87 - 99),Q,,,,SI
00B,00.B,PROCEDIMIENTOS DE REHABILITACIÓN I,3,00,PROCEDIMIENTOS DIAGNÓSTICOS Y TERAPÉUTICOS MISCELÁNEOS (87 - 99),,,,,NO
00B0,00.B0,POTENCIALES EVOCADOS AUDITIVOS,4,00,PROCEDIMIENTOS DIAGNÓSTICOS Y TERAPÉUTICOS MISCELÁNEOS (87 - 99),D,,,,SI
00B1,00.B1,POTENCIALES EVOCADOS SOMATOSENSORIALES,4,00,PROCEDIMIENTOS DIAGNÓSTICOS Y TERAPÉUTICOS MISCELÁNEOS (87 - 99),D,,,,SI
00B2,00.B2,POTENCIALES EVOCADOS MOTORES,4,00,PROCEDIMIENTOS DIAGNÓSTICOS Y TERAPÉUTICOS MISCELÁNEOS (87 - 99),D,,,,SI
00B3,00.B3,POTENCIALES EVOCADOS COGNITIVOS,4,00,PROCEDIMIENTOS DIAGNÓSTICOS Y TERAPÉUTICOS MISCELÁNEOS (87 - 99),D,,,,SI
00B4,00.B4,LABORATORIO DE ISOCINÉTICOS,4,00,PROCEDIMIENTOS DIAGNÓSTICOS Y TERAPÉUTICOS MISCELÁNEOS (87 - 99),D,,,,SI
00B5,00.B5,"ENTRENAMIENTO EN EL PACIENTE AMPUTADO DE MIEMBRO INFERIOR, PREPROTÉSICA",4,00,PROCEDIMIENTOS DIAGNÓSTICOS Y TERAPÉUTICOS MISCELÁNEOS (87 - 99),T,,,,SI
00B6,00.B6,"ENTRENAMIENTO EN EL PACIENTE AMPUTADO DE MIEMBRO INFERIOR, PROTÉSICA",4,00,PROCEDIMIENTOS DIAGNÓSTICOS Y TERAPÉUTICOS MISCELÁNEOS (87 - 99),T,,,,SI
00B7,00.B7,TINA DE HUBBARD,4,00,PROCEDIMIENTOS DIAGNÓSTICOS Y TERAPÉUTICOS MISCELÁNEOS (87 - 99),T,,,,SI
00B8,00.B8,NEUROFACILITACIÓN,4,00,PROCEDIMIENTOS DIAGNÓSTICOS Y TERAPÉUTICOS MISCELÁNEOS (87 - 99),T,,,,SI
00B9,00.B9,TENS,4,00,PROCEDIMIENTOS DIAGNÓSTICOS Y TERAPÉUTICOS MISCELÁNEOS (87 - 99),T,,,,SI
00C,00.C,PROCEDIMIENTOS DE REHABILITACIÓN II,3,00,PROCEDIMIENTOS DIAGNÓSTICOS Y TERAPÉUTICOS MISCELÁNEOS (87 - 99),,,,,NO
00C0,00.C0,EJERCICIO ISOCINÉTICO,4,00,PROCEDIMIENTOS DIAGNÓSTICOS Y TERAPÉUTICOS MISCELÁNEOS (87 - 99),T,,,,SI
00C1,00.C1,TERAPIA CON LÁSER,4,00,PROCEDIMIENTOS DIAGNÓSTICOS Y TERAPÉUTICOS MISCELÁNEOS (87 - 99),T,,,,SI
00C2,00.C2,FLUIDOTERAPIA,4,00,PROCEDIMIENTOS DIAGNÓSTICOS Y TERAPÉUTICOS MISCELÁNEOS (87 - 99),T,,,,SI
00C3,00.C3,CRIOTERAPIA,4,00,PROCEDIMIENTOS DIAGNÓSTICOS Y TERAPÉUTICOS MISCELÁNEOS (87 - 99),T,,,,SI
00C4,00.C4,CORRIENTES INTERFERENCIALES,4,00,PROCEDIMIENTOS DIAGNÓSTICOS Y TERAPÉUTICOS MISCELÁNEOS (87 - 99),T,,,,SI
00C5,00.C5,TERAPIA OCUPACIONAL EN LESIONES DE MANO Y EXTREMIDAD SUPERIOR,4,00,PROCEDIMIENTOS DIAGNÓSTICOS Y TERAPÉUTICOS MISCELÁNEOS (87 - 99),T,,,,SI
00C6,00.C6,TERAPIA OCUPACIONAL EN PACIENTE PEDIÁTRICO,4,00,PROCEDIMIENTOS DIAGNÓSTICOS Y TERAPÉUTICOS MISCELÁNEOS (87 - 99),T,,,,SI
00C7,00.C7,TERAPIA OCUPACIONAL EN PACIENTE NEUROLÓGICO,4,00,PROCEDIMIENTOS DIAGNÓSTICOS Y TERAPÉUTICOS MISCELÁNEOS (87 - 99),T,,,,SI
00C8,00.C8,TERAPIA OCUPACIONAL: ADIESTRAMIENTO EN CUIDADO Y USO DE ÓRTESIS EN PACIENTES AMPUTADOS,4,00,PROCEDIMIENTOS DIAGNÓSTICOS Y TERAPÉUTICOS MISCELÁNEOS (87 - 99),T,,,,SI
00C9,00.C9,TERAPIA OCUPACIONAL: ADIESTRAMIENTO EN CUIDADO Y USO DE PRÓTESIS EN PACIENTES AMPUTADOS,4,00,PROCEDIMIENTOS DIAGNÓSTICOS Y TERAPÉUTICOS MISCELÁNEOS (87 - 99),T,,,,SI
00D,00.D,PROCEDIMIENTOS DE REHABILITACIÓN III,3,00,PROCEDIMIENTOS DIAGNÓSTICOS Y TERAPÉUTICOS MISCELÁNEOS (87 - 99),,,,,NO
00D0,00.D0,GESTORÍA OCUPACIONAL,4,00,PROCEDIMIENTOS DIAGNÓSTICOS Y TERAPÉUTICOS MISCELÁNEOS (87 - 99),D,,,,SI
00D1,00.D1,TALLER DE ADIESTRAMIENTO DE ACTIVIDADES MÚLTIPLES,4,00,PROCEDIMIENTOS DIAGNÓSTICOS Y TERAPÉUTICOS MISCELÁNEOS (87 - 99),T,,,,SI
00D2,00.D2,ANÁLISIS DE PUESTO,4,00,PROCEDIMIENTOS DIAGNÓSTICOS Y TERAPÉUTICOS MISCELÁNEOS (87 - 99),D,,,,SI
00D3,00.D3,REACOMODO LABORAL,4,00,PROCEDIMIENTOS DIAGNÓSTICOS Y TERAPÉUTICOS MISCELÁNEOS (87 - 99),T,,,,SI
00D4,00.D4,VALORACIÓN DE CAPACIDAD RESIDUAL PARA PUESTO ESPECÍFICO,4,00,PROCEDIMIENTOS DIAGNÓSTICOS Y TERAPÉUTICOS MISCELÁNEOS (87 - 99),D,,,,SI
00D5,00.D5,VALORACIÓN DE FUNCIONALIDAD Y CAPACIDAD POTENCIAL PARA EL TRABAJO,4,00,PROCEDIMIENTOS DIAGNÓSTICOS Y TERAPÉUTICOS MISCELÁNEOS (87 - 99),D,,,,SI
00D6,00.D6,REHABILITACIÓN PARA EL TRABAJO,4,00,PROCEDIMIENTOS DIAGNÓSTICOS Y TERAPÉUTICOS MISCELÁNEOS (87 - 99),T,,,,SI
00D7,00.D7,PROYECTO MAGIA,4,00,PROCEDIMIENTOS DIAGNÓSTICOS Y TERAPÉUTICOS MISCELÁNEOS (87 - 99),T,,,,SI
00D8,00.D8,ULTRASONIDO TERAPEÚTICO,4,00,PROCEDIMIENTOS DIAGNÓSTICOS Y TERAPÉUTICOS MISCELÁNEOS (87 - 99),T,,,,SI
00D9,00.D9,BAÑO DE PARAFINA,4,00,PROCEDIMIENTOS DIAGNÓSTICOS Y TERAPÉUTICOS MISCELÁNEOS (87 - 99),T,,,,SI
00E0,00.E0,IRRADIACIÓN CON INFRARROJO,4,00,PROCEDIMIENTOS DIAGNÓSTICOS Y TERAPÉUTICOS MISCELÁNEOS (87 - 99),T,,,,SI
00E1,00.E1,COMPRESAS HÚMEDO CALIENTES,4,00,PROCEDIMIENTOS DIAGNÓSTICOS Y TERAPÉUTICOS MISCELÁNEOS (87 - 99),T,,,,SI
00E2,00.E2,ESTROBOSCOPÍA DE LARINGE,4,00,PROCEDIMIENTOS DIAGNÓSTICOS Y TERAPÉUTICOS MISCELÁNEOS (87 - 99),T,,,,SI
00F,00.F,PROCEDIMIENTOS EN CONSULTORIO I,3,00,PROCEDIMIENTOS DIAGNÓSTICOS Y TERAPÉUTICOS MISCELÁNEOS (87 - 99),,,,,NO
00F0,00.F0,ADMINISTRACIÓN DE INFUSIÓN DE HIERRO,4,00,PROCEDIMIENTOS DIAGNÓSTICOS Y TERAPÉUTICOS MISCELÁNEOS (87 - 99),T,,,,SI
00F1,00.F1,AJUSTE DE APARATOS ORTOMAXILOFACIALES,4,00,PROCEDIMIENTOS DIAGNÓSTICOS Y TERAPÉUTICOS MISCELÁNEOS (87 - 99),T,,,,SI
00F2,00.F2,APLICACIÓN DE ORGANIL ÓTICO,4,00,PROCEDIMIENTOS DIAGNÓSTICOS Y TERAPÉUTICOS MISCELÁNEOS (87 - 99),T,,,,SI
00F3,00.F3,APLICACIÓN TÓPICA DE FLUOR,4,00,PROCEDIMIENTOS DIAGNÓSTICOS Y TERAPÉUTICOS MISCELÁNEOS (87 - 99),T,,,,SI
00F4,00.F4,BIOPSIA DE PERINÉ,4,00,PROCEDIMIENTOS DIAGNÓSTICOS Y TERAPÉUTICOS MISCELÁNEOS (87 - 99),D,,,,SI
00F5,00.F5,CARDIOTOCOGRAFÍA (PSS),4,00,PROCEDIMIENTOS DIAGNÓSTICOS Y TERAPÉUTICOS MISCELÁNEOS (87 - 99),D,,,,SI
00F6,00.F6,COLOCACIÓN DE APARATOS ORTOMAXILOFACIALES,4,00,PROCEDIMIENTOS DIAGNÓSTICOS Y TERAPÉUTICOS MISCELÁNEOS (87 - 99),T,,,,SI
00F7,00.F7,COLOCACIÓN DE PARCHE DE CELULOSA,4,00,PROCEDIMIENTOS DIAGNÓSTICOS Y TERAPÉUTICOS MISCELÁNEOS (87 - 99),T,,,,SI
00F8,00.F8,CONTROL DE PLACA DENTOBACTERIANA,4,00,PROCEDIMIENTOS DIAGNÓSTICOS Y TERAPÉUTICOS MISCELÁNEOS (87 - 99),T,,,,SI
00F9,00.F9,CURACIÓN DE HERIDA,4,00,PROCEDIMIENTOS DIAGNÓSTICOS Y TERAPÉUTICOS MISCELÁNEOS (87 - 99),T,,,,SI
00G,00.G,PROCEDIMIENTOS EN CONSULTORIO II,3,00,PROCEDIMIENTOS DIAGNÓSTICOS Y TERAPÉUTICOS MISCELÁNEOS (87 - 99),,,,,NO
00G0,00.G0,DIÁLISIS ENTERAL,4,00,PROCEDIMIENTOS DIAGNÓSTICOS Y TERAPÉUTICOS MISCELÁNEOS (87 - 99),T,,,,SI
00G1,00.G1,DRENAJE DE ABSCESO DENTARIO,4,00,PROCEDIMIENTOS DIAGNÓSTICOS Y TERAPÉUTICOS MISCELÁNEOS (87 - 99),T,,,,SI
00G2,00.G2,ECOCARDIOGRAMA FETAL,4,00,PROCEDIMIENTOS DIAGNÓSTICOS Y TERAPÉUTICOS MISCELÁNEOS (87 - 99),D,F,,,SI
00G3,00.G3,ECOCARDIOGRAMA MATERNO,4,00,PROCEDIMIENTOS DIAGNÓSTICOS Y TERAPÉUTICOS MISCELÁNEOS (87 - 99),D,F,,,SI
00G4,00.G4,ELECTRONEUROGRAFÍA,4,00,PROCEDIMIENTOS DIAGNÓSTICOS Y TERAPÉUTICOS MISCELÁNEOS (87 - 99),D,,,,SI
00G5,00.G5,EXTRACCIÓN DE CUERPO EXTRAÑO EN CONDUCTO AUDITIVO INTERNO,4,00,PROCEDIMIENTOS DIAGNÓSTICOS Y TERAPÉUTICOS MISCELÁNEOS (87 - 99),T,,,,SI
00G6,00.G6,INFILTRACIÓN DE BLEOMICINA,4,00,PROCEDIMIENTOS DIAGNÓSTICOS Y TERAPÉUTICOS MISCELÁNEOS (87 - 99),T,,,,SI
00G7,00.G7,INTERPRETACIÓN DE ELECTROCADIOGRAMA,4,00,PROCEDIMIENTOS DIAGNÓSTICOS Y TERAPÉUTICOS MISCELÁNEOS (87 - 99),D,,,,SI
00G8,00.G8,LAVADO MECÁNICO DE CAVIDAD ORAL,4,00,PROCEDIMIENTOS DIAGNÓSTICOS Y TERAPÉUTICOS MISCELÁNEOS (87 - 99),T,,,,SI
00G9,00.G9,PRUEBA DE DILATADORES (HEGAR),4,00,PROCEDIMIENTOS DIAGNÓSTICOS Y TERAPÉUTICOS MISCELÁNEOS (87 - 99),D,,,,SI
00H,00.H,PROCEDIMIENTOS EN CONSULTORIO III,3,00,PROCEDIMIENTOS DIAGNÓSTICOS Y TERAPÉUTICOS MISCELÁNEOS (87 - 99),,,,,NO
00H0,00.H0,PRUEBA DE MARSHALL,4,00,PROCEDIMIENTOS DIAGNÓSTICOS Y TERAPÉUTICOS MISCELÁNEOS (87 - 99),D,,,,SI
00H1,00.H1,PRUEBAS EPICUTÁNEAS,4,00,PROCEDIMIENTOS DIAGNÓSTICOS Y TERAPÉUTICOS MISCELÁNEOS (87 - 99),D,,,,SI
00H2,00.H2,PUVATERAPIA,4,00,PROCEDIMIENTOS DIAGNÓSTICOS Y TERAPÉUTICOS MISCELÁNEOS (87 - 99),T,,,,SI
00H3,00.H3,RETIRO DE TAPONAMIENTO NASAL,4,00,PROCEDIMIENTOS DIAGNÓSTICOS Y TERAPÉUTICOS MISCELÁNEOS (87 - 99),T,,,,SI
00H4,00.H4,TIMPANOMETRÍA,4,00,PROCEDIMIENTOS DIAGNÓSTICOS Y TERAPÉUTICOS MISCELÁNEOS (87 - 99),D,,,,SI
00H5,00.H5,TOMA DE CULTIVO DE EXUDADO DE HERIDA,4,00,PROCEDIMIENTOS DIAGNÓSTICOS Y TERAPÉUTICOS MISCELÁNEOS (87 - 99),D,,,,SI
00H6,00.H6,TOMA DE MUESTRA DE PAPANICOLAU CERVICAL,4,00,PROCEDIMIENTOS DIAGNÓSTICOS Y TERAPÉUTICOS MISCELÁNEOS (87 - 99),D,F,,,SI
00H7,00.H7,TOMA DE MUESTRA DE TRACTO GENITAL FEMENINO,4,00,PROCEDIMIENTOS DIAGNÓSTICOS Y TERAPÉUTICOS MISCELÁNEOS (87 - 99),D,F,,,SI
00H8,00.H8,INSTALACIÓN DE SONDA VESICAL,4,00,PROCEDIMIENTOS DIAGNÓSTICOS Y TERAPÉUTICOS MISCELÁNEOS (87 - 99),T,,,,SI
00H9,00.H9,RETIRO DE SONDA VESICAL,4,00,PROCEDIMIENTOS DIAGNÓSTICOS Y TERAPÉUTICOS MISCELÁNEOS (87 - 99),T,,,,SI
00I,00.I,PRUEBAS NEONATALES,3,00,PROCEDIMIENTOS DIAGNÓSTICOS Y TERAPÉUTICOS MISCELÁNEOS (87 - 99),,,,,NO
00I0,00.I0,TAMIZ METABÓLICO (NEONATAL),4,00,PROCEDIMIENTOS DIAGNÓSTICOS Y TERAPÉUTICOS MISCELÁNEOS (87 - 99),D,,,,SI
00I1,00.I1,TAMIZ AUDITIVO (NEONATAL),4,00,PROCEDIMIENTOS DIAGNÓSTICOS Y TERAPÉUTICOS MISCELÁNEOS (87 - 99),D,,,,SI
00J,00.J,EXAMEN PARA COVID-19 (SARS-COV-2),3,00,PROCEDIMIENTOS DIAGNÓSTICOS Y TERAPÉUTICOS MISCELÁNEOS (87 - 99),,,,,NO
00J0,00.J0,"ASPIRADO TRAQUEAL, ASPIRADO NASOFARÍNGEO O LAVADO NASAL PARA COVID-19",4,00,PROCEDIMIENTOS DIAGNÓSTICOS Y TERAPÉUTICOS MISCELÁNEOS (87 - 99),D,,,,SI
00J1,00.J1,BIOPSIA DE PULMÓN PARA COVID-19,4,00,PROCEDIMIENTOS DIAGNÓSTICOS Y TERAPÉUTICOS MISCELÁNEOS (87 - 99),D,,,,SI
00J2,00.J2,TEST DE DIAGNÓSTICO RÁPIDO (CROMATOGRAFÍA) PARA COVID-19,4,00,PROCEDIMIENTOS DIAGNÓSTICOS Y TERAPÉUTICOS MISCELÁNEOS (87 - 99),D,,,,SI
00J3,00.J3,EXAMEN MICROSCÓPICO FARÍNGEO Y NASOFARÍNGEO (HISOPADO) PARA COVID-19,4,00,PROCEDIMIENTOS DIAGNÓSTICOS Y TERAPÉUTICOS MISCELÁNEOS (87 - 99),D,,,,SI
00J4,00.J4,LAVADO BRONQUIO ALVEOLAR PARA COVID-19,4,00,PROCEDIMIENTOS DIAGNÓSTICOS Y TERAPÉUTICOS MISCELÁNEOS (87 - 99),D,,,,SI
00J5,00.J5,PCR (“REACCIÓN EN CADENA DE LA POLIMERASA”) (TÉCNICA) PARA COVID-19,4,00,PROCEDIMIENTOS DIAGNÓSTICOS Y TERAPÉUTICOS MISCELÁNEOS (87 - 99),D,,,,SI
00J6,00.J6,TOMOGRAFÍA AXIAL COMPUTARIZADA (TAC) DE TÓRAX PARA COVID-19,4,00,PROCEDIMIENTOS DIAGNÓSTICOS Y TERAPÉUTICOS MISCELÁNEOS (87 - 99),D,,,,SI
00J8,00.J8,OTRO EXAMEN ESPECIFICADO PARA COVID-19,4,00,PROCEDIMIENTOS DIAGNÓSTICOS Y TERAPÉUTICOS MISCELÁNEOS (87 - 99),D,,,,SI
00J9,00.J9,"EXAMEN (PRUEBA) PARA (COVID-19), NO ESPECIFICADO DE OTRA MANERA",4,00,PROCEDIMIENTOS DIAGNÓSTICOS Y TERAPÉUTICOS MISCELÁNEOS (87 - 99),D,,,,SI
00K,00.K,OTROS MÉTODOS ANTICONCEPTIVOS,3,00,PROCEDIMIENTOS DIAGNÓSTICOS Y TERAPÉUTICOS MISCELÁNEOS (87 - 99),,,,,NO
00K1,00.K1,INYECCIÓN DE HORMONA PROGESTINA,4,00,PROCEDIMIENTOS DIAGNÓSTICOS Y TERAPÉUTICOS MISCELÁNEOS (87 - 99),T,F,3650,19710,SI
00K2,00.K2,INYECCIÓN DE HORMONA ESTRÓGENO Y PROGESTERONA,4,00,PROCEDIMIENTOS DIAGNÓSTICOS Y TERAPÉUTICOS MISCELÁNEOS (87 - 99),T,F,3650,19710,SI
00K3,00.K3,PARCHE (TRANSDÉRMICO) LIBERADOR DE HORMONAS PARA ANTICONCEPCIÓN,4,00,PROCEDIMIENTOS DIAGNÓSTICOS Y TERAPÉUTICOS MISCELÁNEOS (87 - 99),T,F,3650,19710,SI
00K8,00.K8,OTRO MÉTODO ANTICONCEPTIVO ESPECIFICADO,4,00,PROCEDIMIENTOS DIAGNÓSTICOS Y TERAPÉUTICOS MISCELÁNEOS (87 - 99),T,F,3650,19710,SI
00K9,00.K9,"MÉTODO ANTICONCEPTIVO, NO ESPECIFICADO DE OTRA MANERA",4,00,PROCEDIMIENTOS DIAGNÓSTICOS Y TERAPÉUTICOS MISCELÁNEOS (87 - 99),T,F,3650,19710,SI
00L,00.L,REHABILITACIÓN A PERSONAS CON CONDICIÓN DE SALUD POSTERIOR A COVID-19,3,00,PROCEDIMIENTOS DIAGNÓSTICOS Y TERAPÉUTICOS MISCELÁNEOS (87 - 99),,,,,NO
00L0,00.L0,REHABILITACIÓN CON EL USO DE HIDROTERAPIA A PERSONAS CON CONDICIÓN DE SALUD POSTERIOR A COVID-19,4,00,PROCEDIMIENTOS DIAGNÓSTICOS Y TERAPÉUTICOS MISCELÁNEOS (87 - 99),T,,,,SI
00L1,00.L1,REHABILITACIÓN CON EL USO DE MECANOTERAPIA A PERSONAS CON CONDICIÓN DE SALUD POSTERIOR A COVID-19,4,00,PROCEDIMIENTOS DIAGNÓSTICOS Y TERAPÉUTICOS MISCELÁNEOS (87 - 99),T,,,,SI
00L2,00.L2,REHABILITACIÓN CON EL USO DE ULTRASONIDO A PERSONAS CON CONDICIÓN DE SALUD POSTERIOR A COVID-19,4,00,PROCEDIMIENTOS DIAGNÓSTICOS Y TERAPÉUTICOS MISCELÁNEOS (87 - 99),T,,,,SI
00L3,00.L3,REHABILITACIÓN CON EL USO DE LASER A PERSONAS CON CONDICIÓN DE SALUD POSTERIOR A COVID-19,4,00,PROCEDIMIENTOS DIAGNÓSTICOS Y TERAPÉUTICOS MISCELÁNEOS (87 - 99),T,,,,SI
00L4,00.L4,REHABILITACIÓN CON EL USO DE LUNIMOTERAPIA A PERSONAS CON CONDICIÓN DE SALUD POSTERIOR A COVID-19,4,00,PROCEDIMIENTOS DIAGNÓSTICOS Y TERAPÉUTICOS MISCELÁNEOS (87 - 99),T,,,,SI
00L5,00.L5,REHABILITACIÓN CON EL USO DE PARAFINA POST-COVID 19 A PERSONAS CON CONDICIÓN DE SALUD POSTERIOR A COVID-19,4,00,PROCEDIMIENTOS DIAGNÓSTICOS Y TERAPÉUTICOS MISCELÁNEOS (87 - 99),T,,,,SI
00L6,00.L6,REHABILITACIÓN CON APOYO ISOCINÉTICO O ROBÓTICOA PERSONAS CON CONDICIÓN DE SALUD POSTERIOR A COVID-19,4,00,PROCEDIMIENTOS DIAGNÓSTICOS Y TERAPÉUTICOS MISCELÁNEOS (87 - 99),T,,,,SI
00L7,00.L7,REHABILITACIÓN DE TRASTORNOS COGNITIVOS A PERSONAS CON CONDICIÓN DE SALUD POSTERIOR A COVID-19,4,00,PROCEDIMIENTOS DIAGNÓSTICOS Y TERAPÉUTICOS MISCELÁNEOS (87 - 99),T,,,,SI
00L8,00.L8,OTRA REHABILITACIÓN A PERSONAS CON CONDICIÓN DE SALUD POSTERIOR A COVID-19,4,00,PROCEDIMIENTOS DIAGNÓSTICOS Y TERAPÉUTICOS MISCELÁNEOS (87 - 99),T,,,,SI
00L9,00.L9,"REHABILITACIÓN A PERSONAS CON CONDICIÓN DE SALUD POSTERIOR A COVID-19, NO ESPECIFICADA",4,00,PROCEDIMIENTOS DIAGNÓSTICOS Y TERAPÉUTICOS MISCELÁNEOS (87 - 99),T,,,,SI
00M,00.M,TERAPIA PARA PERSONAS CON CONDICIÓN DE SALUD POSTERIOR A COVID-19,3,00,PROCEDIMIENTOS DIAGNÓSTICOS Y TERAPÉUTICOS MISCELÁNEOS (87 - 99),,,,,NO
00M1,00.M1,TERAPIA DE LENGUAJE PARA PERSONAS CON CONDICIÓN DE SALUD POSTERIOR A COVID-19,4,00,PROCEDIMIENTOS DIAGNÓSTICOS Y TERAPÉUTICOS MISCELÁNEOS (87 - 99),T,,,,SI
00M2,00.M2,TERAPIA Y REEDUCACIÓN DE LA VOZ Y DEGLUCIÓN PARA PERSONAS CON CONDICIÓN DE SALUD DE SALUD POSTERIOR A COVID-19,4,00,PROCEDIMIENTOS DIAGNÓSTICOS Y TERAPÉUTICOS MISCELÁNEOS (87 - 99),T,,,,SI
00M3,00.M3,"TERAPIA PARA PERSONAS CON CONDICIÓN DE SALUD POSTERIOR A COVID-19, CON SINTOMAS AUDITIVOS",4,00,PROCEDIMIENTOS DIAGNÓSTICOS Y TERAPÉUTICOS MISCELÁNEOS (87 - 99),T,,,,SI
00M4,00.M4,"TERAPIA PARA PERSONAS CON CONDICIÓN DE SALUD POSTERIOR A COVID-19, CON SINTOMAS VESTIBULARES",4,00,PROCEDIMIENTOS DIAGNÓSTICOS Y TERAPÉUTICOS MISCELÁNEOS (87 - 99),T,,,,SI
00M5,00.M5,TERAPIA DE MOVIMIENTO Y PATRONES DE COORDINACIÓN MOTORA PARA PERSONAS CON CONDICIÓN DE SALUD POSTERIOR A COVID-19,4,00,PROCEDIMIENTOS DIAGNÓSTICOS Y TERAPÉUTICOS MISCELÁNEOS (87 - 99),T,,,,SI
00M6,00.M6,TERAPIA Y ENTRENAMIENTO DE LAS ACTIVIDADES DE LA VIDA DIARIA BÁSICAS E INSTRUMENTALES A PERSONAS CON CONDICIÓN DE SALUD POSTERIOR A COVID-19,4,00,PROCEDIMIENTOS DIAGNÓSTICOS Y TERAPÉUTICOS MISCELÁNEOS (87 - 99),T,,,,SI
00M7,00.M7,TERAPIA DE EJERCICIOS FÍSICOS PARA REHABILITACIÓN A PERSONAS CON CONDICIÓN DE SALUD POSTERIOR A COVID-19,4,00,PROCEDIMIENTOS DIAGNÓSTICOS Y TERAPÉUTICOS MISCELÁNEOS (87 - 99),T,,,,SI
00M8,00.M8,OTRAS TERAPIAS PARA PERSONAS CON CONDICIÓN DE SALUD POSTERIOR A COVID-19,4,00,PROCEDIMIENTOS DIAGNÓSTICOS Y TERAPÉUTICOS MISCELÁNEOS (87 - 99),T,,,,SI
00M9,00.M9,"TERAPIA PARA PERSONAS CON CONDICIÓN DE SALUD POSTERIOR A COVID-19, NO ESPECIFICADA",4,00,PROCEDIMIENTOS DIAGNÓSTICOS Y TERAPÉUTICOS MISCELÁNEOS (87 - 99),T,,,,SI
00N,00.N,MÉTODOS DE REHABILITACIÓN DE PERSONAS CON CONDICIÓN DE SALUD POSTERIOR A COVID-19,3,00,PROCEDIMIENTOS DIAGNÓSTICOS Y TERAPÉUTICOS MISCELÁNEOS (87 - 99),,,,,NO
00N1,00.N1,ENTRENAMIENTO DE LOS MÚSCULOS INSPIRATORIOS PARA PERSONAS CON CONDICIÓN DE SALUD POSTERIOR A COVID-19,4,00,PROCEDIMIENTOS DIAGNÓSTICOS Y TERAPÉUTICOS MISCELÁNEOS (87 - 99),T,,,,SI
00N2,00.N2,ESTIMULACIÓN ELÉCTRICA NEUROMUSCULAR PARA PERSONAS CON CONDICIÓN DE SALUD POSTERIOR A COVID-19,4,00,PROCEDIMIENTOS DIAGNÓSTICOS Y TERAPÉUTICOS MISCELÁNEOS (87 - 99),T,,,,SI
00N3,00.N3,ASESORAMIENTO PSICOSOCIAL PARA PERSONAS CON CONDICIÓN DE SALUD POSTERIOR A COVID-19,4,00,PROCEDIMIENTOS DIAGNÓSTICOS Y TERAPÉUTICOS MISCELÁNEOS (87 - 99),T,,,,SI
00N4,00.N4,EVALUACIÓN NUTRICIONAL Y ASESORAMIENTO PARA PERSONAS CON CONDICIÓN DE SALUD POSTERIOR A COVID-19,4,00,PROCEDIMIENTOS DIAGNÓSTICOS Y TERAPÉUTICOS MISCELÁNEOS (87 - 99),T,,,,SI
00N5,00.N5,PROGRAMA DE ENSEÑANZA PARA REALIZAR EN CASA TERAPIA DE REHABILITACIÓN PARA PERSONAS CON CONDICIÓN DE SALUD POSTERIOR A COVID-19,4,00,PROCEDIMIENTOS DIAGNÓSTICOS Y TERAPÉUTICOS MISCELÁNEOS (87 - 99),T,,,,SI
00N6,00.N6,ENTRENAMIENTO Y CAPACITACIÓN A FAMILIARES O CUIDADOR DE PERSONAS CON CONDICIÓN DE SALUD POSTERIOR A COVID-19,4,00,PROCEDIMIENTOS DIAGNÓSTICOS Y TERAPÉUTICOS MISCELÁNEOS (87 - 99),T,,,,SI
00N7,00.N7,ESTIMULACIÓN DE LA SENSO-PERCEPCIÓN Y LA PROPIOCEPCIÓN PARA LAS PERSONAS CON CONDICIÓN DE SALUD POSTERIOR A COVID-19,4,00,PROCEDIMIENTOS DIAGNÓSTICOS Y TERAPÉUTICOS MISCELÁNEOS (87 - 99),T,,,,SI
00N8,00.N8,OTROS MÉTODOS PARA REHABILITACIÓN EN PERSONAS CON CONDICIÓN DE SALUD POSTERIOR A COVID-19,4,00,PROCEDIMIENTOS DIAGNÓSTICOS Y TERAPÉUTICOS MISCELÁNEOS (87 - 99),T,,,,SI
00N9,00.N9,"MÉTODOS DE REHABILITACIÓN DE PERSONAS CON CONDICIÓN DE SALUD POSTERIOR A COVID-19, NO ESPECIFICADOS",4,00,PROCEDIMIENTOS DIAGNÓSTICOS Y TERAPÉUTICOS MISCELÁNEOS (87 - 99),T,,,,SI
00,00,OPERACIONES SOBRE EL SISTEMA NERVIOSO (01- 05),2,00,PROCEDIMIENTOS DIAGNÓSTICOS Y TERAPÉUTICOS MISCELÁNEOS (87 - 99),,,,,NO
01,01,"INCISIÓN Y EXCISIÓN DE CRÁNEO, CEREBRO Y MENINGES CEREBRALES",2,01,"INCISIÓN Y EXCISIÓN DE CRÁNEO, CEREBRO Y MENINGES CEREBRALES",,,,,NO
010,01.0,PUNCIÓN CRANEAL,3,01,"INCISIÓN Y EXCISIÓN DE CRÁNEO, CEREBRO Y MENINGES CEREBRALES",,,,,NO
0101,01.01,PUNCIÓN CISTERNAL,4,01,"INCISIÓN Y EXCISIÓN DE CRÁNEO, CEREBRO Y MENINGES CEREBRALES",Q,,,,SI
0102,01.02,PUNCIÓN VENTRICULAR A TRAVÉS DE CATÉTER PREVIAMENTE IMPLANTADO,4,01,"INCISIÓN Y EXCISIÓN DE CRÁNEO, CEREBRO Y MENINGES CEREBRALES",Q,,,,SI
0109,01.09,OTRA PUNCIÓN CRANEAL,4,01,"INCISIÓN Y EXCISIÓN DE CRÁNEO, CEREBRO Y MENINGES CEREBRALES",Q,,,,SI
011,01.1,"PROCEDIMIENTOS DIAGNÓSTICOS SOBRE CRÁNEO, CEREBRO Y MENINGES CEREBRALES",3,01,"INCISIÓN Y EXCISIÓN DE CRÁNEO, CEREBRO Y MENINGES CEREBRALES",,,,,NO
0110,01.10,MONITORIZACIÓN DE LA PRESIÓN INTRACRANEAL,4,01,"INCISIÓN Y EXCISIÓN DE CRÁNEO, CEREBRO Y MENINGES CEREBRALES",D,,,,SI
0111,01.11,BIOPSIA CERRADA [AGUJA] [PERCUTÁNEA] DE MENINGES CEREBRALES,4,01,"INCISIÓN Y EXCISIÓN DE CRÁNEO, CEREBRO Y MENINGES CEREBRALES",D,,,,SI
0112,01.12,"BIOPSIA ABIERTA DE MENINGES CEREBRALES,",4,01,"INCISIÓN Y EXCISIÓN DE CRÁNEO, CEREBRO Y MENINGES CEREBRALES",D,,,,SI
0113,01.13,"BIOPSIA CERRADA [AGUJA] [PERCUTÁNEA] DE CEREBRO,",4,01,"INCISIÓN Y EXCISIÓN DE CRÁNEO, CEREBRO Y MENINGES CEREBRALES",D,,,,SI
0114,01.14,BIOPSIA ABIERTA DE CEREBRO,4,01,"INCISIÓN Y EXCISIÓN DE CRÁNEO, CEREBRO Y MENINGES CEREBRALES",D,,,,SI
0115,01.15,BIOPSIA DE CRÁNEO,4,01,"INCISIÓN Y EXCISIÓN DE CRÁNEO, CEREBRO Y MENINGES CEREBRALES",D,,,,SI
0116,01.16,MONITORIZACIÓN DE OXIGENACIÓN INTRACRANEAL,4,01,"INCISIÓN Y EXCISIÓN DE CRÁNEO, CEREBRO Y MENINGES CEREBRALES",D,,,,SI
0117,01.17,MONITORIZACIÓN DE LA TEMPERATURA DEL CEREBRO,4,01,"INCISIÓN Y EXCISIÓN DE CRÁNEO, CEREBRO Y MENINGES CEREBRALES",D,,,,SI
0118,01.18,OTROS PROCEDIMIENTOS DIAGNÓSTICOS SOBRE CEREBRO Y MENINGES CEREBRALES,4,01,"INCISIÓN Y EXCISIÓN DE CRÁNEO, CEREBRO Y MENINGES CEREBRALES",D,,,,SI
0119,01.19,OTROS PROCEDIMIENTOS DIAGNÓSTICOS SOBRE EL CRÁNEO,4,01,"INCISIÓN Y EXCISIÓN DE CRÁNEO, CEREBRO Y MENINGES CEREBRALES",D,,,,SI
012,01.2,CRANEOTOMÍA Y CRANIECTOMÍA,3,01,"INCISIÓN Y EXCISIÓN DE CRÁNEO, CEREBRO Y MENINGES CEREBRALES",,,,,NO
0121,01.21,INCISIÓN Y DRENAJE DE SENO CRANEAL,4,01,"INCISIÓN Y EXCISIÓN DE CRÁNEO, CEREBRO Y MENINGES CEREBRALES",Q,,,,SI
0122,01.22,EXTRACCIÓN DE ELECTRODO (S) DE NEUROESTIMULADOR INTRACRANEAL,4,01,"INCISIÓN Y EXCISIÓN DE CRÁNEO, CEREBRO Y MENINGES CEREBRALES",Q,,,,SI
0123,01.23,REAPERTURA DE CRANEOTOMÍA,4,01,"INCISIÓN Y EXCISIÓN DE CRÁNEO, CEREBRO Y MENINGES CEREBRALES",Q,,,,SI
0124,01.24,OTRAS CRANEOTOMÍAS,4,01,"INCISIÓN Y EXCISIÓN DE CRÁNEO, CEREBRO Y MENINGES CEREBRALES",Q,,,,SI
0125,01.25,OTRAS CRANIECTOMÍAS,4,01,"INCISIÓN Y EXCISIÓN DE CRÁNEO, CEREBRO Y MENINGES CEREBRALES",Q,,,,SI
0126,01.26,INSERCIÓN DE CATÉTER(ES) EN CAVIDAD O TEJIDO CRANEAL,4,01,"INCISIÓN Y EXCISIÓN DE CRÁNEO, CEREBRO Y MENINGES CEREBRALES",Q,,,,SI
0127,01.27,RETIRO DE CATÉTER(ES) DE CAVIDAD O TEJIDO CRANEAL,4,01,"INCISIÓN Y EXCISIÓN DE CRÁNEO, CEREBRO Y MENINGES CEREBRALES",Q,,,,SI
0128,01.28,COLOCACIÓN DE CATÉTER(ES) INTRACEREBRAL(ES) A TRAVÉS DE AGUJERO(S) DE TRÉPANO,4,01,"INCISIÓN Y EXCISIÓN DE CRÁNEO, CEREBRO Y MENINGES CEREBRALES",Q,,,,SI
013,01.3,INCISIÓN DE CEREBRO Y MENINGES CEREBRALES,3,01,"INCISIÓN Y EXCISIÓN DE CRÁNEO, CEREBRO Y MENINGES CEREBRALES",,,,,NO
0131,01.31,INCISIÓN DE MENINGES CEREBRALES,4,01,"INCISIÓN Y EXCISIÓN DE CRÁNEO, CEREBRO Y MENINGES CEREBRALES",Q,,,,SI
0132,01.32,LOBOTOMÍA Y TRACTOMÍA,4,01,"INCISIÓN Y EXCISIÓN DE CRÁNEO, CEREBRO Y MENINGES CEREBRALES",Q,,,,SI
0139,01.39,OTRAS INCISIONES CEREBRALES,4,01,"INCISIÓN Y EXCISIÓN DE CRÁNEO, CEREBRO Y MENINGES CEREBRALES",Q,,,,SI
014,01.4,OPERACIONES SOBRE TÁLAMO Y GLOBO PÁLIDO,3,01,"INCISIÓN Y EXCISIÓN DE CRÁNEO, CEREBRO Y MENINGES CEREBRALES",,,,,NO
0141,01.41,OPERACIONES SOBRE TÁLAMO,4,01,"INCISIÓN Y EXCISIÓN DE CRÁNEO, CEREBRO Y MENINGES CEREBRALES",Q,,,,SI
0142,01.42,OPERACIONES SOBRE GLOBO PÁLIDO,4,01,"INCISIÓN Y EXCISIÓN DE CRÁNEO, CEREBRO Y MENINGES CEREBRALES",Q,,,,SI
015,01.5,OTRAS EXCISIONES O DESTRUCCIONES DE CEREBRO Y MENINGES,3,01,"INCISIÓN Y EXCISIÓN DE CRÁNEO, CEREBRO Y MENINGES CEREBRALES",,,,,NO
0151,01.51,EXCISIÓN DE LESIÓN O TEJIDO DE MENINGES CEREBRALES,4,01,"INCISIÓN Y EXCISIÓN DE CRÁNEO, CEREBRO Y MENINGES CEREBRALES",Q,,,,SI
0152,01.52,HEMISFERECTOMIA,4,01,"INCISIÓN Y EXCISIÓN DE CRÁNEO, CEREBRO Y MENINGES CEREBRALES",Q,,,,SI
0153,01.53,LOBECTOMIA CEREBRAL,4,01,"INCISIÓN Y EXCISIÓN DE CRÁNEO, CEREBRO Y MENINGES CEREBRALES",Q,,,,SI
0159,01.59,OTRAS EXCISIONES O DESTRUCCIONES DE LESIÓN O TEJIDO CEREBRAL,4,01,"INCISIÓN Y EXCISIÓN DE CRÁNEO, CEREBRO Y MENINGES CEREBRALES",Q,,,,SI
016,01.6,EXCISIÓN DE LESIÓN CRANEAL,3,01,"INCISIÓN Y EXCISIÓN DE CRÁNEO, CEREBRO Y MENINGES CEREBRALES",,,,,NO
016X,01.6X,EXCISIÓN DE LESIÓN CRANEAL,4,01,"INCISIÓN Y EXCISIÓN DE CRÁNEO, CEREBRO Y MENINGES CEREBRALES",Q,,,,SI
02,02,"OTRAS OPERACIONES SOBRE CRÁNEO, CEREBRO Y MENINGES CEREBRALES",2,02,"OTRAS OPERACIONES SOBRE CRÁNEO, CEREBRO Y MENINGES CEREBRALES",,,,,NO
020,02.0,CRANEOPLASTIA,3,02,"OTRAS OPERACIONES SOBRE CRÁNEO, CEREBRO Y MENINGES CEREBRALES",,,,,NO
0201,02.01,APERTURA DE SUTURA CRANEAL,4,02,"OTRAS OPERACIONES SOBRE CRÁNEO, CEREBRO Y MENINGES CEREBRALES",Q,,,,SI
0202,02.02,ELEVACIÓN DE FRAGMENTOS DE FRACTURA DE CRÁNEO,4,02,"OTRAS OPERACIONES SOBRE CRÁNEO, CEREBRO Y MENINGES CEREBRALES",Q,,,,SI
0203,02.03,FORMACIÓN DE PLIEGUE DE HUESO CRANEAL,4,02,"OTRAS OPERACIONES SOBRE CRÁNEO, CEREBRO Y MENINGES CEREBRALES",Q,,,,SI
0204,02.04,INJERTO ÓSEO DE CRÁNEO,4,02,"OTRAS OPERACIONES SOBRE CRÁNEO, CEREBRO Y MENINGES CEREBRALES",Q,,,,SI
0205,02.05,"COLOCACIÓN DE PLACA CRANEAL (METÁLICA, ACRÍLICA)",4,02,"OTRAS OPERACIONES SOBRE CRÁNEO, CEREBRO Y MENINGES CEREBRALES",Q,,,,SI
0206,02.06,OTRAS OSTEOPLASTIAS CRANEALES,4,02,"OTRAS OPERACIONES SOBRE CRÁNEO, CEREBRO Y MENINGES CEREBRALES",Q,,,,SI
0207,02.07,EXTRACCIÓN DE PLACA CRANEAL,4,02,"OTRAS OPERACIONES SOBRE CRÁNEO, CEREBRO Y MENINGES CEREBRALES",Q,,,,SI
021,02.1,REPARACIÓN DE MENINGES CEREBRALES,3,02,"OTRAS OPERACIONES SOBRE CRÁNEO, CEREBRO Y MENINGES CEREBRALES",,,,,NO
0211,02.11,SUTURA SIMPLE DE DURAMADRE CEREBRAL,4,02,"OTRAS OPERACIONES SOBRE CRÁNEO, CEREBRO Y MENINGES CEREBRALES",Q,,,,SI
0212,02.12,OTRAS REPARACIONES DE MENINGES CEREBRALES,4,02,"OTRAS OPERACIONES SOBRE CRÁNEO, CEREBRO Y MENINGES CEREBRALES",Q,,,,SI
0213,02.13,LIGADURA DE VASO MENÍNGEO,4,02,"OTRAS OPERACIONES SOBRE CRÁNEO, CEREBRO Y MENINGES CEREBRALES",Q,,,,SI
0214,02.14,PLEXECTOMÍA COROIDEA,4,02,"OTRAS OPERACIONES SOBRE CRÁNEO, CEREBRO Y MENINGES CEREBRALES",Q,,,,SI
022,02.2,VENTRICULOSTOMÍA,3,02,"OTRAS OPERACIONES SOBRE CRÁNEO, CEREBRO Y MENINGES CEREBRALES",,,,,NO
022X,02.2X,VENTRICULOSTOMÍA,4,02,"OTRAS OPERACIONES SOBRE CRÁNEO, CEREBRO Y MENINGES CEREBRALES",Q,,,,SI
023,02.3,DERIVACIÓN VENTRICULAR EXTRACRANEAL,3,02,"OTRAS OPERACIONES SOBRE CRÁNEO, CEREBRO Y MENINGES CEREBRALES",,,,,NO
0231,02.31,DERIVACIÓN VENTRICULAR A ESTRUCTURAS EN CABEZA Y CUELLO,4,02,"OTRAS OPERACIONES SOBRE CRÁNEO, CEREBRO Y MENINGES CEREBRALES",Q,,,,SI
0232,02.32,DERIVACIÓN VENTRICULAR AL APARATO CIRCULATORIO,4,02,"OTRAS OPERACIONES SOBRE CRÁNEO, CEREBRO Y MENINGES CEREBRALES",Q,,,,SI
0233,02.33,DERIVACIÓN VENTRICULAR A LA CAVIDAD TORÁCICA,4,02,"OTRAS OPERACIONES SOBRE CRÁNEO, CEREBRO Y MENINGES CEREBRALES",Q,,,,SI
0234,02.34,DERIVACIÓN VENTRICULAR A LA CAVIDAD Y ÓRGANOS ABDOMINALES,4,02,"OTRAS OPERACIONES SOBRE CRÁNEO, CEREBRO Y MENINGES CEREBRALES",Q,,,,SI
0235,02.35,DERIVACIÓN VENTRICULAR AL APARATO URINARIO,4,02,"OTRAS OPERACIONES SOBRE CRÁNEO, CEREBRO Y MENINGES CEREBRALES",Q,,,,SI
0239,02.39,OTRAS OPERACIONES PARA ESTABLECER DRENAJES DE VENTRÍCULO,4,02,"OTRAS OPERACIONES SOBRE CRÁNEO, CEREBRO Y MENINGES CEREBRALES",Q,,,,SI
024,02.4,"REVISIÓN, EXTRACCIÓN E IRRIGACIÓN DE DERIVACIÓN VENTRICULAR",3,02,"OTRAS OPERACIONES SOBRE CRÁNEO, CEREBRO Y MENINGES CEREBRALES",,,,,NO
0241,02.41,IRRIGACIÓN Y EXPLORACIÓN DE DERIVACIÓN VENTRICULAR,4,02,"OTRAS OPERACIONES SOBRE CRÁNEO, CEREBRO Y MENINGES CEREBRALES",Q,,,,SI
0242,02.42,SUSTITUCIÓN DE DERIVACIÓN VENTRICULAR,4,02,"OTRAS OPERACIONES SOBRE CRÁNEO, CEREBRO Y MENINGES CEREBRALES",Q,,,,SI
0243,02.43,EXTRACCIÓN DE DERIVACIÓN VENTRICULAR,4,02,"OTRAS OPERACIONES SOBRE CRÁNEO, CEREBRO Y MENINGES CEREBRALES",Q,,,,SI
029,02.9,"OTRAS OPERACIONES SOBRE CRÁNEO, CEREBRO Y MENINGES CEREBRALES",3,02,"OTRAS OPERACIONES SOBRE CRÁNEO, CEREBRO Y MENINGES CEREBRALES",,,,,NO
0291,02.91,LISIS DE ADHERENCIAS CORTICALES,4,02,"OTRAS OPERACIONES SOBRE CRÁNEO, CEREBRO Y MENINGES CEREBRALES",Q,,,,SI
0292,02.92,REPARACIÓN CEREBRAL,4,02,"OTRAS OPERACIONES SOBRE CRÁNEO, CEREBRO Y MENINGES CEREBRALES",Q,,,,SI
0293,02.93,IMPLANTACIÓN O SUSTITUCIÓN DE ELECTRODOS(S) DE NEUROESTIMULADOR INTRACRANEAL,4,02,"OTRAS OPERACIONES SOBRE CRÁNEO, CEREBRO Y MENINGES CEREBRALES",Q,,,,SI
0294,02.94,COLOCACIÓN O SUSTITUCIÓN DE COMPÁS O DE HALO CRANEAL,4,02,"OTRAS OPERACIONES SOBRE CRÁNEO, CEREBRO Y MENINGES CEREBRALES",Q,,,,SI
0295,02.95,EXTRACCIÓN DE COMPÁS O DE HALO CRANEAL,4,02,"OTRAS OPERACIONES SOBRE CRÁNEO, CEREBRO Y MENINGES CEREBRALES",Q,,,,SI
0296,02.96,INSERCIÓN DE ELECTRODO ESFENOIDAL,4,02,"OTRAS OPERACIONES SOBRE CRÁNEO, CEREBRO Y MENINGES CEREBRALES",Q,,,,SI
0299,02.99,"OTRA OPERACIÓN SOBRE CRÁNEO, CEREBRO Y MENINGES CEREBRALES",4,02,"OTRAS OPERACIONES SOBRE CRÁNEO, CEREBRO Y MENINGES CEREBRALES",Q,,,,SI
03,03,OPERACIONES SOBRE MÉDULA ESPINAL Y ESTRUCTURAS DEL CONDUCTO ESPINAL,2,03,OPERACIONES SOBRE MÉDULA ESPINAL Y ESTRUCTURAS DEL CONDUCTO ESPINAL,,,,,NO
030,03.0,EXPLORACIÓN Y DESCOMPRESIÓN DE ESTRUCTURAS DEL CONDUCTO ESPINAL,3,03,OPERACIONES SOBRE MÉDULA ESPINAL Y ESTRUCTURAS DEL CONDUCTO ESPINAL,,,,,NO
0301,03.01,EXTRACCIÓN DE CUERPO EXTRAÑO DE CONDUCTO ESPINAL,4,03,OPERACIONES SOBRE MÉDULA ESPINAL Y ESTRUCTURAS DEL CONDUCTO ESPINAL,Q,,,,SI
0302,03.02,REAPERTURA DE SITIO DE LAMINECTOMÍA,4,03,OPERACIONES SOBRE MÉDULA ESPINAL Y ESTRUCTURAS DEL CONDUCTO ESPINAL,Q,,,,SI
0309,03.09,OTRA EXPLORACIÓN Y DESCOMPRESIÓN DEL CONDUCTO ESPINAL,4,03,OPERACIONES SOBRE MÉDULA ESPINAL Y ESTRUCTURAS DEL CONDUCTO ESPINAL,Q,,,,SI
031,03.1,DIVISIÓN DE RAÍZ DE NERVIO INTRAESPINAL,3,03,OPERACIONES SOBRE MÉDULA ESPINAL Y ESTRUCTURAS DEL CONDUCTO ESPINAL,,,,,NO
031X,03.1X,DIVISIÓN DE RAÍZ DE NERVIO INTRAESPINAL,4,03,OPERACIONES SOBRE MÉDULA ESPINAL Y ESTRUCTURAS DEL CONDUCTO ESPINAL,Q,,,,SI
032,03.2,CORDOTOMÍA,3,03,OPERACIONES SOBRE MÉDULA ESPINAL Y ESTRUCTURAS DEL CONDUCTO ESPINAL,,,,,NO
0321,03.21,CORDOTOMÍA PERCUTÁNEA,4,03,OPERACIONES SOBRE MÉDULA ESPINAL Y ESTRUCTURAS DEL CONDUCTO ESPINAL,Q,,,,SI
0329,03.29,OTRA CORDOTOMÍA,4,03,OPERACIONES SOBRE MÉDULA ESPINAL Y ESTRUCTURAS DEL CONDUCTO ESPINAL,Q,,,,SI
033,03.3,PROCEDIMIENTOS DIAGNÓSTICOS SOBRE LA MÉDULA ESPINAL Y ESTRUCTURAS DEL CONDUCTO ESPINAL,3,03,OPERACIONES SOBRE MÉDULA ESPINAL Y ESTRUCTURAS DEL CONDUCTO ESPINAL,,,,,NO
0331,03.31,PUNCIÓN ESPINAL,4,03,OPERACIONES SOBRE MÉDULA ESPINAL Y ESTRUCTURAS DEL CONDUCTO ESPINAL,D,,,,SI
0332,03.32,BIOPSIA DE MÉDULA ESPINAL O MENINGES ESPINALES,4,03,OPERACIONES SOBRE MÉDULA ESPINAL Y ESTRUCTURAS DEL CONDUCTO ESPINAL,D,,,,SI
0339,03.39,OTROS PROCEDIMIENTOS DIAGNÓSTICOS SOBRE LA MÉDULA ESPINAL Y ESTRUCTURAS DEL CONDUCTO ESPINAL,4,03,OPERACIONES SOBRE MÉDULA ESPINAL Y ESTRUCTURAS DEL CONDUCTO ESPINAL,D,,,,SI
034,03.4,EXCISIÓN O DESTRUCCIÓN DE LESIÓN DE LA MÉDULA ESPINAL O DE MENINGES ESPINALES,3,03,OPERACIONES SOBRE MÉDULA ESPINAL Y ESTRUCTURAS DEL CONDUCTO ESPINAL,,,,,NO
034X,03.4X,EXCISIÓN O DESTRUCCIÓN DE LESIÓN DE LA MÉDULA ESPINAL O DE MENINGES ESPINALES,4,03,OPERACIONES SOBRE MÉDULA ESPINAL Y ESTRUCTURAS DEL CONDUCTO ESPINAL,Q,,,,SI
035,03.5,OPERACIONES PLÁSTICAS SOBRE ESTRUCTURAS DE LA MÉDULA ESPINAL,3,03,OPERACIONES SOBRE MÉDULA ESPINAL Y ESTRUCTURAS DEL CONDUCTO ESPINAL,,,,,NO
0351,03.51,REPARACIÓN DE MININGOCELE ESPINAL,4,03,OPERACIONES SOBRE MÉDULA ESPINAL Y ESTRUCTURAS DEL CONDUCTO ESPINAL,Q,,,,SI
0352,03.52,REPARACIÓN DE MIELOMENINGOCELE ESPINAL,4,03,OPERACIONES SOBRE MÉDULA ESPINAL Y ESTRUCTURAS DEL CONDUCTO ESPINAL,Q,,,,SI
0353,03.53,REPARACIÓN DE FRACTURA VERTEBRAL,4,03,OPERACIONES SOBRE MÉDULA ESPINAL Y ESTRUCTURAS DEL CONDUCTO ESPINAL,Q,,,,SI
0359,03.59,OTRAS REPARACIONES DE OPERACIONES PLÁSTICAS SOBRE ESTRUCTURAS DEL CONDUCTO ESPINAL,4,03,OPERACIONES SOBRE MÉDULA ESPINAL Y ESTRUCTURAS DEL CONDUCTO ESPINAL,Q,,,,SI
036,03.6,LISIS DE ADHERENCIAS DE MÉDULA ESPINAL Y RAÍCES DE NERVIOS ESPINALES,3,03,OPERACIONES SOBRE MÉDULA ESPINAL Y ESTRUCTURAS DEL CONDUCTO ESPINAL,,,,,NO
036X,03.6X,LISIS DE ADHERENCIAS DE MÉDULA ESPINAL Y RAÍCES DE NERVIOS ESPINALES,4,03,OPERACIONES SOBRE MÉDULA ESPINAL Y ESTRUCTURAS DEL CONDUCTO ESPINAL,Q,,,,SI
037,03.7,DERIVACIÓN DE TECA ESPINAL,3,03,OPERACIONES SOBRE MÉDULA ESPINAL Y ESTRUCTURAS DEL CONDUCTO ESPINAL,,,,,NO
0371,03.71,DERIVACIÓN SUBARACNOIDE-PERITONEAL ESPINAL,4,03,OPERACIONES SOBRE MÉDULA ESPINAL Y ESTRUCTURAS DEL CONDUCTO ESPINAL,Q,,,,SI
0372,03.72,DERIVACIÓN SUBARACNOIDE-URETERAL ESPINAL,4,03,OPERACIONES SOBRE MÉDULA ESPINAL Y ESTRUCTURAS DEL CONDUCTO ESPINAL,Q,,,,SI
0379,03.79,OTRA DERIVACIÓN DE TECA ESPINAL,4,03,OPERACIONES SOBRE MÉDULA ESPINAL Y ESTRUCTURAS DEL CONDUCTO ESPINAL,Q,,,,SI
038,03.8,INYECCIÓN DE AGENTE DESTRUCTIVO EN EL CONDUCTO ESPINAL,3,03,OPERACIONES SOBRE MÉDULA ESPINAL Y ESTRUCTURAS DEL CONDUCTO ESPINAL,,,,,NO
038X,03.8X,INYECCIÓN DE AGENTE DESTRUCTIVO EN EL CONDUCTO ESPINAL,4,03,OPERACIONES SOBRE MÉDULA ESPINAL Y ESTRUCTURAS DEL CONDUCTO ESPINAL,Q,,,,SI
039,03.9,OTRAS OPERACIONES SOBRE LA MÉDULA ESPINAL Y ESTRUCTURAS DEL CONDUCTO ESPINAL,3,03,OPERACIONES SOBRE MÉDULA ESPINAL Y ESTRUCTURAS DEL CONDUCTO ESPINAL,,,,,NO
0390,03.90,INSERCIÓN DE CATÉTER EN CONDUCTO ESPINAL PARA INFUSIÓN DE SUSTANCIAS TERAPÉUTICAS O PALIATIVAS,4,03,OPERACIONES SOBRE MÉDULA ESPINAL Y ESTRUCTURAS DEL CONDUCTO ESPINAL,Q,,,,SI
0391,03.91,INYECCIÓN DE ANESTÉSICO EN EL CONDUCTO ESPINAL PARA ANALGESIA,4,03,OPERACIONES SOBRE MÉDULA ESPINAL Y ESTRUCTURAS DEL CONDUCTO ESPINAL,Q,,,,SI
0392,03.92,INYECCIÓN DE OTRO AGENTE EN CANAL ESPINAL,4,03,OPERACIONES SOBRE MÉDULA ESPINAL Y ESTRUCTURAS DEL CONDUCTO ESPINAL,Q,,,,SI
0393,03.93,IMPLANTACIÓN O SUSTITUCIÓN DE ELECRODO(S) DE NEUROESTIMULADOR MEDULAR,4,03,OPERACIONES SOBRE MÉDULA ESPINAL Y ESTRUCTURAS DEL CONDUCTO ESPINAL,Q,,,,SI
0394,03.94,EXTRACCIÓN DE ELECTRODO(S) DE NEUROESTIMULADOR ESPINAL,4,03,OPERACIONES SOBRE MÉDULA ESPINAL Y ESTRUCTURAS DEL CONDUCTO ESPINAL,Q,,,,SI
0395,03.95,PARCHE HEMÁTICO ESPINAL,4,03,OPERACIONES SOBRE MÉDULA ESPINAL Y ESTRUCTURAS DEL CONDUCTO ESPINAL,Q,,,,SI
0396,03.96,DENERVACIÓN PERCUTÁNEA DE FACETA,4,03,OPERACIONES SOBRE MÉDULA ESPINAL Y ESTRUCTURAS DEL CONDUCTO ESPINAL,Q,,,,SI
0397,03.97,REVISIÓN DE DERIVACIÓN DE TECA ESPINAL,4,03,OPERACIONES SOBRE MÉDULA ESPINAL Y ESTRUCTURAS DEL CONDUCTO ESPINAL,Q,,,,SI
0398,03.98,EXTRACCIÓN DE DERIVACIÓN DE TECA ESPINAL,4,03,OPERACIONES SOBRE MÉDULA ESPINAL Y ESTRUCTURAS DEL CONDUCTO ESPINAL,Q,,,,SI
0399,03.99,OTRA OPERACIONES SOBRE LA MÉDULA ESPINAL Y ESTRUCTURAS DEL CONDUCTO ESPINAL ESPINAL,4,03,OPERACIONES SOBRE MÉDULA ESPINAL Y ESTRUCTURAS DEL CONDUCTO ESPINAL,Q,,,,SI
04,04,OPERACIONES SOBRE NERVIOS CRANEALES Y PERIFÉRICOS,2,04,OPERACIONES SOBRE NERVIOS CRANEALES Y PERIFÉRICOS,,,,,NO
040,04.0,"INCISIÓN, DIVISIÓN Y EXCISIÓN DE NERVIOS CRANEALES Y PERIFÉRICOS",3,04,OPERACIONES SOBRE NERVIOS CRANEALES Y PERIFÉRICOS,,,,,NO
0401,04.01,EXCISIÓN DE NEUROMA ACÚSTICO,4,04,OPERACIONES SOBRE NERVIOS CRANEALES Y PERIFÉRICOS,Q,,,,SI
0402,04.02,SECCIÓN DE NERVIO TRIGÉMINO,4,04,OPERACIONES SOBRE NERVIOS CRANEALES Y PERIFÉRICOS,Q,,,,SI
0403,04.03,SECCIÓN APLASTAMIENTO DE OTROS NERVIOS CRANEALES Y PERIFÉRICOS,4,04,OPERACIONES SOBRE NERVIOS CRANEALES Y PERIFÉRICOS,Q,,,,SI
0404,04.04,OTRAS INCISIONES DE NERVIOS CRANEALES Y PERIFÉRICOS,4,04,OPERACIONES SOBRE NERVIOS CRANEALES Y PERIFÉRICOS,Q,,,,SI
0405,04.05,GANGLIONECTOMÍA DE GASSER,4,04,OPERACIONES SOBRE NERVIOS CRANEALES Y PERIFÉRICOS,Q,,,,SI
0406,04.06,OTRAS GANGLIONECTOMÍAS CRANEALES O PERIFÉRICAS,4,04,OPERACIONES SOBRE NERVIOS CRANEALES Y PERIFÉRICOS,Q,,,,SI
0407,04.07,OTRAS EXCISIONES O AVULSIONES DE NERVIOS CRANEALES Y PERIFÉRICOS,4,04,OPERACIONES SOBRE NERVIOS CRANEALES Y PERIFÉRICOS,Q,,,,SI
041,04.1,PROCEDIMIENTOS DIAGNÓSTICOS SOBRE EL SISTEMA NERVIOSO PERIFÉRICO,3,04,OPERACIONES SOBRE NERVIOS CRANEALES Y PERIFÉRICOS,,,,,NO
0411,04.11,BIOPSIA CERRADA [AGUJA] [PERCUTÁNEA] DE NERVIO O GANGLIO CRANEAL O SIMPÁTICO,4,04,OPERACIONES SOBRE NERVIOS CRANEALES Y PERIFÉRICOS,D,,,,SI
0412,04.12,BIOPSIA ABIERTA DE NERVIO O GANGLIO CRANEAL O PERIFÉRICO,4,04,OPERACIONES SOBRE NERVIOS CRANEALES Y PERIFÉRICOS,D,,,,SI
0419,04.19,OTROS PROCEDIMIENTOS DIAGNÓSTICOS SOBRE NERVIOS Y GLANGLIOS CRANEALES Y PERIFÉRICOS,4,04,OPERACIONES SOBRE NERVIOS CRANEALES Y PERIFÉRICOS,D,,,,SI
042,04.2,DESTRUCCIÓN DE NERVIOS CRANEALES Y PERIFÉRICOS,3,04,OPERACIONES SOBRE NERVIOS CRANEALES Y PERIFÉRICOS,,,,,NO
042X,04.2X,DESTRUCCIÓN DE NERVIOS CRANEALES Y PERIFÉRICOS,4,04,OPERACIONES SOBRE NERVIOS CRANEALES Y PERIFÉRICOS,Q,,,,SI
043,04.3,SUTURA DE NERVIOS CRANEALES Y PERIFÉRICOS,3,04,OPERACIONES SOBRE NERVIOS CRANEALES Y PERIFÉRICOS,,,,,NO
043X,04.3X,SUTURA DE NERVIOS CRANEALES Y PERIFÉRICOS,4,04,OPERACIONES SOBRE NERVIOS CRANEALES Y PERIFÉRICOS,Q,,,,SI
044,04.4,LISIS DE ADHERENCIAS Y DESCOMPRESIÓN DE NERVIOS CRANEALES Y PERIFÉRICOS,3,04,OPERACIONES SOBRE NERVIOS CRANEALES Y PERIFÉRICOS,,,,,NO
0441,04.41,DESCOMPRESIÓN DE RAÍZ DE NERVIO TRIGÉMINO,4,04,OPERACIONES SOBRE NERVIOS CRANEALES Y PERIFÉRICOS,Q,,,,SI
0442,04.42,DESCOMPRESIÓN DE OTRO NERVIO CRANEAL,4,04,OPERACIONES SOBRE NERVIOS CRANEALES Y PERIFÉRICOS,Q,,,,SI
0443,04.43,LIBERACIÓN DE TÚNEL CARPIANO,4,04,OPERACIONES SOBRE NERVIOS CRANEALES Y PERIFÉRICOS,Q,,,,SI
0444,04.44,LIBERACIÓN DE TÚNEL TARSAL,4,04,OPERACIONES SOBRE NERVIOS CRANEALES Y PERIFÉRICOS,Q,,,,SI
0449,04.49,OTRA DESCOMPRESIÓN O LISIS DE ADHERENCIA DE NERVIO O GANGLIO PERIFÉRICO,4,04,OPERACIONES SOBRE NERVIOS CRANEALES Y PERIFÉRICOS,Q,,,,SI
045,04.5,INJERTO DE NERVIO CRANEAL O PERIFÉRICO,3,04,OPERACIONES SOBRE NERVIOS CRANEALES Y PERIFÉRICOS,,,,,NO
045X,04.5X,INJERTO DE NERVIO CRANEAL O PERIFÉRICO,4,04,OPERACIONES SOBRE NERVIOS CRANEALES Y PERIFÉRICOS,Q,,,,SI
046,04.6,TRANSPOSICIÓN DE NERVIOS CRANEALES Y PERIFÉRICOS,3,04,OPERACIONES SOBRE NERVIOS CRANEALES Y PERIFÉRICOS,,,,,NO
046X,04.6X,TRANSPOSICIÓN DE NERVIOS CRANEALES Y PERIFÉRICOS,4,04,OPERACIONES SOBRE NERVIOS CRANEALES Y PERIFÉRICOS,Q,,,,SI
047,04.7,OTRA NEUROPLASTIA CRANEAL O PERIFÉRICA,3,04,OPERACIONES SOBRE NERVIOS CRANEALES Y PERIFÉRICOS,,,,,NO
0471,04.71,ANASTOMOSIS HIPOGLOSO-FACIAL,4,04,OPERACIONES SOBRE NERVIOS CRANEALES Y PERIFÉRICOS,Q,,,,SI
0472,04.72,ANASTOMOSIS ACCESORIO-FACIAL,4,04,OPERACIONES SOBRE NERVIOS CRANEALES Y PERIFÉRICOS,Q,,,,SI
0473,04.73,ANASTOMOSIS ACCESORIO-HIPOGLOSA,4,04,OPERACIONES SOBRE NERVIOS CRANEALES Y PERIFÉRICOS,Q,,,,SI
0474,04.74,OTRA ANASTOMOSIS DE NERVIO CRANEAL O PERIFÉRICO,4,04,OPERACIONES SOBRE NERVIOS CRANEALES Y PERIFÉRICOS,Q,,,,SI
0475,04.75,REVISIÓN DE REPARACIÓN ANTERIOR DE NERVIOS CRANEALES Y PERIFÉRICOS,4,04,OPERACIONES SOBRE NERVIOS CRANEALES Y PERIFÉRICOS,Q,,,,SI
0476,04.76,REPARACIÓN DE HERIDA TRAUMÁTICA ANTIGUA DE CRÁNEO Y NERVIOS PERIFÉRICOS,4,04,OPERACIONES SOBRE NERVIOS CRANEALES Y PERIFÉRICOS,Q,,,,SI
0479,04.79,OTRAS NEUROPLASTIAS,4,04,OPERACIONES SOBRE NERVIOS CRANEALES Y PERIFÉRICOS,Q,,,,SI
048,04.8,INYECCIÓN DENTRO DE NERVIO PERIFÉRICO,3,04,OPERACIONES SOBRE NERVIOS CRANEALES Y PERIFÉRICOS,,,,,NO
0480,04.80,"INYECCIÓN DE NERVIO CRANEAL O PERIFÉRICO, NO ESPECIFICADO DE OTRA MANERA",4,04,OPERACIONES SOBRE NERVIOS CRANEALES Y PERIFÉRICOS,Q,,,,SI
0481,04.81,INYECCIÓN DE ANESTESIA DENTRO DE NERVIO CRANEAL O PERIFÉRICO CON FINES ANALGÉSICOS,4,04,OPERACIONES SOBRE NERVIOS CRANEALES Y PERIFÉRICOS,Q,,,,SI
0489,04.89,INYECCIÓN DE OTRO AGENTE EXCEPTO NEUROLÍTICO,4,04,OPERACIONES SOBRE NERVIOS CRANEALES Y PERIFÉRICOS,Q,,,,SI
049,04.9,OTRAS OPERACIONES SOBRE NERVIOS CRANEALES Y PERIFÉRICOS,3,04,OPERACIONES SOBRE NERVIOS CRANEALES Y PERIFÉRICOS,,,,,NO
0491,04.91,NEURECTASIA,4,04,OPERACIONES SOBRE NERVIOS CRANEALES Y PERIFÉRICOS,Q,,,,SI
0492,04.92,IMPLANTACIÓN O SUSTITUCIÓN DE ELECTRODO(S) DE NEUROESTIMULADOR PERIFÉRICO,4,04,OPERACIONES SOBRE NERVIOS CRANEALES Y PERIFÉRICOS,Q,,,,SI
0493,04.93,EXTRACCIÓN DE ELECTRODO(S) DE NEUROESTIMULADOR PERIFÉRICO,4,04,OPERACIONES SOBRE NERVIOS CRANEALES Y PERIFÉRICOS,Q,,,,SI
0499,04.99,OTRA OPERACIÓN SOBRE NERVIOS CRANEALES Y PERIFÉRICOS,4,04,OPERACIONES SOBRE NERVIOS CRANEALES Y PERIFÉRICOS,Q,,,,SI
05,05,OPERACIONES SOBRE NERVIOS O GANGLIOS SIMPÁTICOS,2,05,OPERACIONES SOBRE NERVIOS O GANGLIOS SIMPÁTICOS,,,,,NO
050,05.0,DIVISIÓN DE NERVIO O GANGLIO SIMPÁTICO,3,05,OPERACIONES SOBRE NERVIOS O GANGLIOS SIMPÁTICOS,,,,,NO
050X,05.0X,DIVISIÓN DE NERVIO O GANGLIO SIMPÁTICO,4,05,OPERACIONES SOBRE NERVIOS O GANGLIOS SIMPÁTICOS,Q,,,,SI
051,05.1,PROCEDIMIENTOS DIAGNÓSTICOS SOBRE NERVIOS O GANGLIOS SIMPÁTICOS,3,05,OPERACIONES SOBRE NERVIOS O GANGLIOS SIMPÁTICOS,,,,,NO
0511,05.11,BIOPSIA DE NERVIO O GANGLIO SIMPÁTICO,4,05,OPERACIONES SOBRE NERVIOS O GANGLIOS SIMPÁTICOS,D,,,,SI
0519,05.19,OTROS PROCEDIMIENTOS DIAGNÓSTICOS SOBRE NERVIOS O GANGLIOS SIMPÁTICOS,4,05,OPERACIONES SOBRE NERVIOS O GANGLIOS SIMPÁTICOS,D,,,,SI
052,05.2,SIMPATECTOMÍA,3,05,OPERACIONES SOBRE NERVIOS O GANGLIOS SIMPÁTICOS,,,,,NO
0521,05.21,GANGLIONECTOMÍA ESFENOPALATINA,4,05,OPERACIONES SOBRE NERVIOS O GANGLIOS SIMPÁTICOS,Q,,,,SI
0522,05.22,SIMPATECTOMÍA CERVICAL,4,05,OPERACIONES SOBRE NERVIOS O GANGLIOS SIMPÁTICOS,Q,,,,SI
0523,05.23,SIMPATECTOMÍA LUMBAR,4,05,OPERACIONES SOBRE NERVIOS O GANGLIOS SIMPÁTICOS,Q,,,,SI
0524,05.24,SIMPATECTOMÍA PRESACRAL,4,05,OPERACIONES SOBRE NERVIOS O GANGLIOS SIMPÁTICOS,Q,,,,SI
0525,05.25,SIMPATECTOMÍA PERIARTERIAL,4,05,OPERACIONES SOBRE NERVIOS O GANGLIOS SIMPÁTICOS,Q,,,,SI
0529,05.29,OTRAS SIMPATECTOMÍAS Y GANGLIONECTOMÍAS,4,05,OPERACIONES SOBRE NERVIOS O GANGLIOS SIMPÁTICOS,Q,,,,SI
053,05.3,INYECCIÓN EN NERVIO O GANGLIO SIMPÁTICO,3,05,OPERACIONES SOBRE NERVIOS O GANGLIOS SIMPÁTICOS,,,,,NO
0531,05.31,INYECCIÓN DE ANESTÉSICO EN NERVIO SIMPÁTICO CON FINES ANALGÉSICOS,4,05,OPERACIONES SOBRE NERVIOS O GANGLIOS SIMPÁTICOS,Q,,,,SI
0532,05.32,INYECCIÓN DE AGENTE NEUROLÍTICO EN NERVIO SIMPÁTICO,4,05,OPERACIONES SOBRE NERVIOS O GANGLIOS SIMPÁTICOS,Q,,,,SI
0539,05.39,OTRA INYECCIÓN EN NERVIO O GANGLIO SIMPÁTICO,4,05,OPERACIONES SOBRE NERVIOS O GANGLIOS SIMPÁTICOS,Q,,,,SI
058,05.8,OTRAS OPERACIONES SOBRE NERVIOS O GANGLIOS SIMPÁTICOS,3,05,OPERACIONES SOBRE NERVIOS O GANGLIOS SIMPÁTICOS,,,,,NO
0581,05.81,REPARACIÓN DE NERVIO O GANGLIO SIMPÁTICO,4,05,OPERACIONES SOBRE NERVIOS O GANGLIOS SIMPÁTICOS,Q,,,,SI
0589,05.89,OTRAS OPERACIONES SOBRE NERVIOS O GANGLIOS LINFÁTICOS,4,05,OPERACIONES SOBRE NERVIOS O GANGLIOS SIMPÁTICOS,Q,,,,SI
059,05.9,OTRAS OPERACIONES SOBRE EL SISTEMA NERVIOSO,3,05,OPERACIONES SOBRE NERVIOS O GANGLIOS SIMPÁTICOS,,,,,NO
059X,05.9X,OTRAS OPERACIONES SOBRE EL SISTEMA NERVIOSO,4,05,OPERACIONES SOBRE NERVIOS O GANGLIOS SIMPÁTICOS,Q,,,,SI
00,00,OPERACIONES SOBRE EL SISTEMA ENDOCRINO (06 - 07),2,00,PROCEDIMIENTOS DIAGNÓSTICOS Y TERAPÉUTICOS MISCELÁNEOS (87 - 99),,,,,NO
06,06,OPERACIONES SOBRE LAS GLÁNDULAS TIROIDES Y PARATIROIDES,2,06,OPERACIONES SOBRE LAS GLÁNDULAS TIROIDES Y PARATIROIDES,,,,,NO
060,06.0,INCISIÓN SOBRE EL ÁREA TIROIDEA,3,06,OPERACIONES SOBRE LAS GLÁNDULAS TIROIDES Y PARATIROIDES,,,,,NO
0601,06.01,ASPIRACIÓN DEL ÁREA TIROIDEA,4,06,OPERACIONES SOBRE LAS GLÁNDULAS TIROIDES Y PARATIROIDES,Q,,,,SI
0602,06.02,REAPERTURA DE HERIDA DE ÁREA TIROIDEA,4,06,OPERACIONES SOBRE LAS GLÁNDULAS TIROIDES Y PARATIROIDES,Q,,,,SI
0609,06.09,OTRA INCISIÓN DEL ÁREA TIROIDEA,4,06,OPERACIONES SOBRE LAS GLÁNDULAS TIROIDES Y PARATIROIDES,Q,,,,SI
061,06.1,PROCEDIMIENTOS DIAGNÓSTICOS SOBRE GLÁNDULAS PARATIROIDES Y TIROIDES,3,06,OPERACIONES SOBRE LAS GLÁNDULAS TIROIDES Y PARATIROIDES,,,,,NO
0611,06.11,BIOPSIA CERRADA [AGUJA] [PERCUTÁNEA] DE GLÁNDULA TIROIDES,4,06,OPERACIONES SOBRE LAS GLÁNDULAS TIROIDES Y PARATIROIDES,D,,,,SI
0612,06.12,OTRA BIOPSIA DE GLÁNDULA TIROIDES,4,06,OPERACIONES SOBRE LAS GLÁNDULAS TIROIDES Y PARATIROIDES,D,,,,SI
0613,06.13,BIOPSIA DE GLÁNDULA PARATIROIDES,4,06,OPERACIONES SOBRE LAS GLÁNDULAS TIROIDES Y PARATIROIDES,D,,,,SI
0619,06.19,OTROS PROCEDIMIENTOS DIAGNÓSTICOS SOBRE GLÁNDULAS TIROIDES Y PARATIROIDES,4,06,OPERACIONES SOBRE LAS GLÁNDULAS TIROIDES Y PARATIROIDES,D,,,,SI
062,06.2,LOBECTOMÍA TIROIDEA UNILATERAL,3,06,OPERACIONES SOBRE LAS GLÁNDULAS TIROIDES Y PARATIROIDES,,,,,NO
062X,06.2X,LOBECTOMÍA TIROIDEA UNILATERAL,4,06,OPERACIONES SOBRE LAS GLÁNDULAS TIROIDES Y PARATIROIDES,Q,,,,SI
063,06.3,OTRA TIROIDECTOMÍA PARCIAL,3,06,OPERACIONES SOBRE LAS GLÁNDULAS TIROIDES Y PARATIROIDES,,,,,NO
0631,06.31,EXTIRPACIÓN DE LESIÓN DE TIROIDES,4,06,OPERACIONES SOBRE LAS GLÁNDULAS TIROIDES Y PARATIROIDES,Q,,,,SI
0639,06.39,OTRA TIROIDECTOMÍA PARCIAL,4,06,OPERACIONES SOBRE LAS GLÁNDULAS TIROIDES Y PARATIROIDES,Q,,,,SI
064,06.4,TIROIDECTOMÍA TOTAL,3,06,OPERACIONES SOBRE LAS GLÁNDULAS TIROIDES Y PARATIROIDES,,,,,NO
064X,06.4X,TIROIDECTOMÍA TOTAL,4,06,OPERACIONES SOBRE LAS GLÁNDULAS TIROIDES Y PARATIROIDES,Q,,,,SI
065,06.5,TIROIDECTOMÍA RETROESTERNAL,3,06,OPERACIONES SOBRE LAS GLÁNDULAS TIROIDES Y PARATIROIDES,,,,,NO
0650,06.50,"TIROIDECTOMÍA RETROESTERNAL, NO ESPECIFICADA DE OTRA MANERA",4,06,OPERACIONES SOBRE LAS GLÁNDULAS TIROIDES Y PARATIROIDES,Q,,,,SI
0651,06.51,TIROIDECTOMÍA RETROESTERNAL PARCIAL,4,06,OPERACIONES SOBRE LAS GLÁNDULAS TIROIDES Y PARATIROIDES,Q,,,,SI
0652,06.52,TIROIDECTOMÍA RETROESTERNAL TOTAL,4,06,OPERACIONES SOBRE LAS GLÁNDULAS TIROIDES Y PARATIROIDES,Q,,,,SI
066,06.6,EXTIRPACIÓN DE TIROIDES LINGUAL,3,06,OPERACIONES SOBRE LAS GLÁNDULAS TIROIDES Y PARATIROIDES,,,,,NO
066X,06.6X,EXTIRPACIÓN DE TIROIDES LINGUAL,4,06,OPERACIONES SOBRE LAS GLÁNDULAS TIROIDES Y PARATIROIDES,Q,,,,SI
067,06.7,EXTIRPACIÓN DEL CONDUCTO TIROGLOSO,3,06,OPERACIONES SOBRE LAS GLÁNDULAS TIROIDES Y PARATIROIDES,,,,,NO
067X,06.7X,EXTIRPACIÓN DEL CONDUCTO TIROGLOSO,4,06,OPERACIONES SOBRE LAS GLÁNDULAS TIROIDES Y PARATIROIDES,Q,,,,SI
068,06.8,PARATIROIDECTOMÍA,3,06,OPERACIONES SOBRE LAS GLÁNDULAS TIROIDES Y PARATIROIDES,,,,,NO
0681,06.81,PARATIROIDECTOMÍA TOTAL,4,06,OPERACIONES SOBRE LAS GLÁNDULAS TIROIDES Y PARATIROIDES,Q,,,,SI
0689,06.89,OTRA PARATIROIDECTOMÍA,4,06,OPERACIONES SOBRE LAS GLÁNDULAS TIROIDES Y PARATIROIDES,Q,,,,SI
069,06.9,OTRAS OPERACIONES SOBRE TIROIDES (REGIÓN) Y PARATIROIDES,3,06,OPERACIONES SOBRE LAS GLÁNDULAS TIROIDES Y PARATIROIDES,,,,,NO
0691,06.91,DIVISIÓN DEL ISTMO TIROIDEO,4,06,OPERACIONES SOBRE LAS GLÁNDULAS TIROIDES Y PARATIROIDES,Q,,,,SI
0692,06.92,LIGADURA DE VASOS TIROIDEOS,4,06,OPERACIONES SOBRE LAS GLÁNDULAS TIROIDES Y PARATIROIDES,Q,,,,SI
0693,06.93,SUTURA DE GLÁNDULA TIROIDES,4,06,OPERACIONES SOBRE LAS GLÁNDULAS TIROIDES Y PARATIROIDES,Q,,,,SI
0694,06.94,REIMPLANTACIÓN DE TEJIDOS TIROIDEOS,4,06,OPERACIONES SOBRE LAS GLÁNDULAS TIROIDES Y PARATIROIDES,Q,,,,SI
0695,06.95,REIMPLANTACIÓN DE TEJIDO PARATIROIDEO,4,06,OPERACIONES SOBRE LAS GLÁNDULAS TIROIDES Y PARATIROIDES,Q,,,,SI
0698,06.98,OTRAS OPERACIONES SOBRE GLÁNDULAS TIROIDES,4,06,OPERACIONES SOBRE LAS GLÁNDULAS TIROIDES Y PARATIROIDES,Q,,,,SI
0699,06.99,OTRAS OPERACIONES SOBRE GLÁNDULAS PARATIROIDES,4,06,OPERACIONES SOBRE LAS GLÁNDULAS TIROIDES Y PARATIROIDES,Q,,,,SI
07,07,OPERACIONES SOBRE OTRAS GLÁNDULAS ENDOCRINAS,2,07,OPERACIONES SOBRE OTRAS GLÁNDULAS ENDOCRINAS,,,,,NO
070,07.0,EXPLORACIÓN DEL ÁREA SUPRARRENAL,3,07,OPERACIONES SOBRE OTRAS GLÁNDULAS ENDOCRINAS,,,,,NO
0700,07.00,"EXPLORACIÓN DE ÁREA SUPRARRENAL, NO ESPECIFICADO DE OTRA MANERA",4,07,OPERACIONES SOBRE OTRAS GLÁNDULAS ENDOCRINAS,Q,,,,SI
0701,07.01,EXPLORACIÓN UNILATERAL DEL ÁREA SUPRARRENAL,4,07,OPERACIONES SOBRE OTRAS GLÁNDULAS ENDOCRINAS,Q,,,,SI
0702,07.02,EXPLORACIÓN BILATERAL DEL ÁREA SUPRARRENAL,4,07,OPERACIONES SOBRE OTRAS GLÁNDULAS ENDOCRINAS,Q,,,,SI
071,07.1,"PROCEDIMIENTOS DIAGNÓSTICOS SOBRE GLÁNDULAS SUPRARRENALES, GLÁNDULA PITUITARIA,",3,07,OPERACIONES SOBRE OTRAS GLÁNDULAS ENDOCRINAS,,,,,NO
0711,07.11,BIOPSIA CERRADA [AGUJA] [PERCUTÁNEA] DE GLÁNDULA SUPRARRENAL,4,07,OPERACIONES SOBRE OTRAS GLÁNDULAS ENDOCRINAS,D,,,,SI
0712,07.12,OTRA BIOPSIA DE GLÁNDULA SUPRARRENAL,4,07,OPERACIONES SOBRE OTRAS GLÁNDULAS ENDOCRINAS,D,,,,SI
0713,07.13,"BIOPSIA DE GLÁNDULA PITUITARIA, ACCESO TRANSFRONTAL",4,07,OPERACIONES SOBRE OTRAS GLÁNDULAS ENDOCRINAS,D,,,,SI
0714,07.14,"BIOPSIA DE GLÁNDULA PITUITARIA, ACCESO TRANSESFENOIDAL",4,07,OPERACIONES SOBRE OTRAS GLÁNDULAS ENDOCRINAS,D,,,,SI
0715,07.15,"BIOPSIA DE GLÁNDULA PITUITARIA, ACCESO NO ESPECIFICADO",4,07,OPERACIONES SOBRE OTRAS GLÁNDULAS ENDOCRINAS,D,,,,SI
0716,07.16,BIOPSIA DE TIMO,4,07,OPERACIONES SOBRE OTRAS GLÁNDULAS ENDOCRINAS,D,,,,SI
0717,07.17,BIOPSIA DE GLÁNDULA PINEAL,4,07,OPERACIONES SOBRE OTRAS GLÁNDULAS ENDOCRINAS,D,,,,SI
0719,07.19,"OTROS PROCEDIMIENTOS DIAGNÓSTICOS SOBRE GLÁNDULAS SUPRARRENALES, GLÁNDULA PITUITARIA, GLÁNDULA PINEAL Y TIMO",4,07,OPERACIONES SOBRE OTRAS GLÁNDULAS ENDOCRINAS,D,,,,SI
072,07.2,SUPRARRENALECTOMÍA PARCIAL,3,07,OPERACIONES SOBRE OTRAS GLÁNDULAS ENDOCRINAS,,,,,NO
0721,07.21,EXCISIÓN DE LESIÓN DE GLÁNDULA SUPRARRENAL,4,07,OPERACIONES SOBRE OTRAS GLÁNDULAS ENDOCRINAS,Q,,,,SI
0722,07.22,SUPRARRENALECTOMÍA UNILATERAL,4,07,OPERACIONES SOBRE OTRAS GLÁNDULAS ENDOCRINAS,Q,,,,SI
0729,07.29,OTRA SUPRARRENALECTOMÍA PARCIAL,4,07,OPERACIONES SOBRE OTRAS GLÁNDULAS ENDOCRINAS,Q,,,,SI
073,07.3,SUPRARRENALECTOMÍA BILATERAL,3,07,OPERACIONES SOBRE OTRAS GLÁNDULAS ENDOCRINAS,,,,,NO
073X,07.3X,SUPRARRENALECTOMÍA BILATERAL,4,07,OPERACIONES SOBRE OTRAS GLÁNDULAS ENDOCRINAS,Q,,,,SI
074,07.4,"OTRAS OPERACIONES SOBRE GLÁNDULAS, NERVIOS, Y VASOS SUPRARRENALES",3,07,OPERACIONES SOBRE OTRAS GLÁNDULAS ENDOCRINAS,,,,,NO
0741,07.41,INCISIÓN DE GLÁNDULA SUPRARRENAL,4,07,OPERACIONES SOBRE OTRAS GLÁNDULAS ENDOCRINAS,Q,,,,SI
0742,07.42,DIVISIÓN DE NERVIOS AFERENTES CON GLÁNDULAS SUPRARRENALES,4,07,OPERACIONES SOBRE OTRAS GLÁNDULAS ENDOCRINAS,Q,,,,SI
0743,07.43,LIGADURA DE VASOS SUPRARRENALES,4,07,OPERACIONES SOBRE OTRAS GLÁNDULAS ENDOCRINAS,Q,,,,SI
0744,07.44,REPARACIÓN DE GLÁNDULA SUPRARRENAL,4,07,OPERACIONES SOBRE OTRAS GLÁNDULAS ENDOCRINAS,Q,,,,SI
0745,07.45,REIMPLANTACIÓN DE TEJIDO SUPRARRENAL,4,07,OPERACIONES SOBRE OTRAS GLÁNDULAS ENDOCRINAS,Q,,,,SI
0749,07.49,"OTRA OPERACIÓN SOBRE GLÁNDULAS, NERVIOS Y VASOS SUPRARRENALES",4,07,OPERACIONES SOBRE OTRAS GLÁNDULAS ENDOCRINAS,Q,,,,SI
075,07.5,OPERACIONES SOBRE GLÁNDULA PINEAL,3,07,OPERACIONES SOBRE OTRAS GLÁNDULAS ENDOCRINAS,,,,,NO
0751,07.51,EXPLORACIÓN DEL ÁREA PINEAL,4,07,OPERACIONES SOBRE OTRAS GLÁNDULAS ENDOCRINAS,Q,,,,SI
0752,07.52,INCISIÓN DE GLÁNDULA PINEAL,4,07,OPERACIONES SOBRE OTRAS GLÁNDULAS ENDOCRINAS,Q,,,,SI
0753,07.53,EXCISIÓN PARCIAL DE GLÁNDULA PINEAL,4,07,OPERACIONES SOBRE OTRAS GLÁNDULAS ENDOCRINAS,Q,,,,SI
0754,07.54,EXCISIÓN TOTAL DE GLÁNDULA PINEAL,4,07,OPERACIONES SOBRE OTRAS GLÁNDULAS ENDOCRINAS,Q,,,,SI
0759,07.59,OTRAS OPERACIONES SOBRE GLÁNDULA PINEAL,4,07,OPERACIONES SOBRE OTRAS GLÁNDULAS ENDOCRINAS,Q,,,,SI
076,07.6,HIPOFISECTOMÍA,3,07,OPERACIONES SOBRE OTRAS GLÁNDULAS ENDOCRINAS,,,,,NO
0761,07.61,"EXCISIÓN PARCIAL DE GLÁNDULA PITUITARIA, ACCESO TRANSFRONTAL",4,07,OPERACIONES SOBRE OTRAS GLÁNDULAS ENDOCRINAS,Q,,,,SI
0762,07.62,"EXCISIÓN PARCIAL DE GLÁNDULA PITUITARIA, ACCESO TRANSESFENOIDAL",4,07,OPERACIONES SOBRE OTRAS GLÁNDULAS ENDOCRINAS,Q,,,,SI
0763,07.63,"EXCISIÓN PARCIAL DE GLÁNDULA PITUITARIA, ACCESO NO ESPECIFICADO",4,07,OPERACIONES SOBRE OTRAS GLÁNDULAS ENDOCRINAS,Q,,,,SI
0764,07.64,"EXCISIÓN TOTAL DE GLÁNDULA PITUITARIA, ACCESO TRANSFRONTAL",4,07,OPERACIONES SOBRE OTRAS GLÁNDULAS ENDOCRINAS,Q,,,,SI
0765,07.65,"EXCISIÓN TOTAL DE GLÁNDULA PITUITARIA, ACCESO TRANSESFENOIDAL",4,07,OPERACIONES SOBRE OTRAS GLÁNDULAS ENDOCRINAS,Q,,,,SI
0768,07.68,"EXCISIÓN TOTAL DE GLÁNDULA PITUITARIA, OTRO ACCESO ESPECIFICADO",4,07,OPERACIONES SOBRE OTRAS GLÁNDULAS ENDOCRINAS,Q,,,,SI
0769,07.69,"EXCISIÓN TOTAL DE GLÁNDULA PITUITARIA, ACCESO NO ESPECIFICADO",4,07,OPERACIONES SOBRE OTRAS GLÁNDULAS ENDOCRINAS,Q,,,,SI
077,07.7,OTRAS OPERACIONES SOBRE HIPÓFISIS,3,07,OPERACIONES SOBRE OTRAS GLÁNDULAS ENDOCRINAS,,,,,NO
0771,07.71,EXPLORACIÓN DE FOSA PITUITARIA,4,07,OPERACIONES SOBRE OTRAS GLÁNDULAS ENDOCRINAS,Q,,,,SI
0772,07.72,INCISIÓN DE GLÁNDULA PITUITARIA,4,07,OPERACIONES SOBRE OTRAS GLÁNDULAS ENDOCRINAS,Q,,,,SI
0779,07.79,OTRA OPERACIÓN SOBRE HIPÓFISIS,4,07,OPERACIONES SOBRE OTRAS GLÁNDULAS ENDOCRINAS,Q,,,,SI
078,07.8,TIMECTOMÍA,3,07,OPERACIONES SOBRE OTRAS GLÁNDULAS ENDOCRINAS,,,,,NO
0780,07.80,"TIMECTOMÍA, NO ESPECIFICADA DE OTRA MANERA",4,07,OPERACIONES SOBRE OTRAS GLÁNDULAS ENDOCRINAS,Q,,,,SI
0781,07.81,OTRA EXTIRPACIÓN PARCIAL DE TIMO,4,07,OPERACIONES SOBRE OTRAS GLÁNDULAS ENDOCRINAS,Q,,,,SI
0782,07.82,OTRA EXTIRPACIÓN TOTAL DE TIMO,4,07,OPERACIONES SOBRE OTRAS GLÁNDULAS ENDOCRINAS,Q,,,,SI
0783,07.83,EXTIRPACIÓN PARCIAL DEL TIMO POR TORACOSCOPÍA,4,07,OPERACIONES SOBRE OTRAS GLÁNDULAS ENDOCRINAS,Q,,,,SI
0784,07.84,EXTIRPACIÓN TOTAL DEL TIMO POR TORACOSCOPÍA,4,07,OPERACIONES SOBRE OTRAS GLÁNDULAS ENDOCRINAS,Q,,,,SI
079,07.9,OTRAS OPERACIONES SOBRE EL TIMO,3,07,OPERACIONES SOBRE OTRAS GLÁNDULAS ENDOCRINAS,,,,,NO
0791,07.91,EXPLORACIÓN DEL ÁREA TÍMICA,4,07,OPERACIONES SOBRE OTRAS GLÁNDULAS ENDOCRINAS,Q,,,,SI
0792,07.92,OTRA INCISIÓN DE TIMO,4,07,OPERACIONES SOBRE OTRAS GLÁNDULAS ENDOCRINAS,Q,,,,SI
0793,07.93,REPARACIÓN DE TIMO,4,07,OPERACIONES SOBRE OTRAS GLÁNDULAS ENDOCRINAS,Q,,,,SI
0794,07.94,TRANSPLANTE DE TIMO,4,07,OPERACIONES SOBRE OTRAS GLÁNDULAS ENDOCRINAS,Q,,,,SI
0795,07.95,INCISIÓN DE TIMO POR TORACOSCOPÍA,4,07,OPERACIONES SOBRE OTRAS GLÁNDULAS ENDOCRINAS,Q,,,,SI
0798,07.98,OTRAS OPERACIONES Y LAS NO ESPECIFICADAS DEL TIMO POR TORACOSCOPIA,4,07,OPERACIONES SOBRE OTRAS GLÁNDULAS ENDOCRINAS,Q,,,,SI
0799,07.99,OTRAS OPERACIÓNES Y LAS NO ESPECIFICADAS DEL TIMO,4,07,OPERACIONES SOBRE OTRAS GLÁNDULAS ENDOCRINAS,Q,,,,SI
00,00,OPERACIONES SOBRE EL OJO (08 - 16),2,00,PROCEDIMIENTOS DIAGNÓSTICOS Y TERAPÉUTICOS MISCELÁNEOS (87 - 99),,,,,NO
08,08,OPERACIONES SOBRE PÁRPADOS,2,08,OPERACIONES SOBRE PÁRPADOS,,,,,NO
080,08.0,INCISIÓN DE PÁRPADO,3,08,OPERACIONES SOBRE PÁRPADOS,,,,,NO
0801,08.01,INCISIÓN DEL MARGEN DEL PÁRPADO,4,08,OPERACIONES SOBRE PÁRPADOS,Q,,,,SI
0802,08.02,SECCIONADO DE BLEFARORRAFIA,4,08,OPERACIONES SOBRE PÁRPADOS,Q,,,,SI
0809,08.09,OTRA INCISIÓN DE PÁRPADO,4,08,OPERACIONES SOBRE PÁRPADOS,Q,,,,SI
081,08.1,PROCEDIMIENTOS DIAGNÓSTICOS SOBRE PÁRPADO,3,08,OPERACIONES SOBRE PÁRPADOS,,,,,NO
0811,08.11,BIOPSIA DE PÁRPADO,4,08,OPERACIONES SOBRE PÁRPADOS,D,,,,SI
0819,08.19,OTROS PROCEDIMIENTOS DIAGNÓSTICOS SOBRE PÁRPADO,4,08,OPERACIONES SOBRE PÁRPADOS,D,,,,SI
082,08.2,EXCISIÓN O DESTRUCCIÓN DE LESIÓN O TEJIDO DE PÁRPADO,3,08,OPERACIONES SOBRE PÁRPADOS,,,,,NO
0820,08.20,"ELIMINACIÓN DE LESIÓN DE PÁRPADO, NO ESPECIFICADO DE OTRA MANERA",4,08,OPERACIONES SOBRE PÁRPADOS,Q,,,,SI
0821,08.21,EXCISIÓN DE CHALAZIÓN,4,08,OPERACIONES SOBRE PÁRPADOS,Q,,,,SI
0822,08.22,EXCISIÓN DE OTRA LESIÓN MENOR DE PÁRPADO,4,08,OPERACIONES SOBRE PÁRPADOS,Q,,,,SI
0823,08.23,"EXCISIÓN DE LESIÓN IMPORTANTE DE PÁRPADO, ESPESOR PARCIAL",4,08,OPERACIONES SOBRE PÁRPADOS,Q,,,,SI
0824,08.24,"EXCISIÓN DE LESIÓN IMPORTANTE DE PÁRPADO, ESPESOR TOTAL",4,08,OPERACIONES SOBRE PÁRPADOS,Q,,,,SI
0825,08.25,DESTRUCCIÓN DE LESIÓN DE PÁRPADO,4,08,OPERACIONES SOBRE PÁRPADOS,Q,,,,SI
083,08.3,REPARACIÓN DE BLEFAROPTOSIS Y RETRACCIÓN DEL PÁRPADO,3,08,OPERACIONES SOBRE PÁRPADOS,,,,,NO
0831,08.31,REPARACIÓN DE BLEFAROPTOSIS POR TÉCNICA DE MÚSCULO FRONTAL CON SUTURA,4,08,OPERACIONES SOBRE PÁRPADOS,Q,,,,SI
0832,08.32,REPARACIÓN DE BLEFAROPTOSIS POR TÉCNICA DE MÚSCULO FRONTAL CON SUSPENSIÓN FACIAL,4,08,OPERACIONES SOBRE PÁRPADOS,Q,,,,SI
0833,08.33,REPARACIÓN DE BLEFAROPTOSIS POR RESECCIÓN O AVANCE DE MÚSCULO ELEVADOR O APONEUROSIS,4,08,OPERACIONES SOBRE PÁRPADOS,Q,,,,SI
0834,08.34,REPARACIÓN DE BLEFAROPTOSIS POR OTRAS TÉCNICAS DEL MÚSCULO ELEVADOR,4,08,OPERACIONES SOBRE PÁRPADOS,Q,,,,SI
0835,08.35,REPARACIÓN DE BLEFAROPTOSIS POR OTRA TÉCNICA TARSIANA,4,08,OPERACIONES SOBRE PÁRPADOS,Q,,,,SI
0836,08.36,REPARACIÓN DE BLEFAROPTOSIS POR OTRAS TÉCNICAS,4,08,OPERACIONES SOBRE PÁRPADOS,Q,,,,SI
0837,08.37,REDUCCIÓN DE CORRECCIÓN EXCESIVA DE PTOSIS,4,08,OPERACIONES SOBRE PÁRPADOS,Q,,,,SI
0838,08.38,CORRECCIÓN DE RETRACCIÓN DEL PÁRPADO,4,08,OPERACIONES SOBRE PÁRPADOS,Q,,,,SI
084,08.4,REPARACIÓN DE ENTROPIÓN O ECTROPIÓN,3,08,OPERACIONES SOBRE PÁRPADOS,,,,,NO
0841,08.41,REPARACIÓN DE ENTROPIÓN O ECTROPIÓN POR TERMOCAUTERIZACIÓN,4,08,OPERACIONES SOBRE PÁRPADOS,Q,,,,SI
0842,08.42,REPARACIÓN DE ENTROPIÓN O ECTROPIÓN POR TÉCNICA DE SUTURA,4,08,OPERACIONES SOBRE PÁRPADOS,Q,,,,SI
0843,08.43,REPARACIÓN DE ENTROPIÓN O ECTROPIÓN CON RESECCIÓN EN CUÑA,4,08,OPERACIONES SOBRE PÁRPADOS,Q,,,,SI
0844,08.44,REPARACIÓN DE ENTROPIÓN O ECTROPIÓN CON RECONSTRUCCIÓN DE PÁRPADO,4,08,OPERACIONES SOBRE PÁRPADOS,Q,,,,SI
0849,08.49,OTRA REPARACIÓN DE ENTROPIÓN O ECTROPIÓN,4,08,OPERACIONES SOBRE PÁRPADOS,Q,,,,SI
085,08.5,OTRO AJUSTE DE POSICIÓN DE PÁRPADO,3,08,OPERACIONES SOBRE PÁRPADOS,,,,,NO
0851,08.51,CANTOTOMÍA,4,08,OPERACIONES SOBRE PÁRPADOS,Q,,,,SI
0852,08.52,BLEFARORRAFIA,4,08,OPERACIONES SOBRE PÁRPADOS,Q,,,,SI
0859,08.59,OTRO AJUSTE DE POSICIÓN DEL PÁRPADO,4,08,OPERACIONES SOBRE PÁRPADOS,Q,,,,SI
086,08.6,RECONSTRUCCIÓN DE PÁRPADO CON COLGAJO O INJERTO,3,08,OPERACIONES SOBRE PÁRPADOS,,,,,NO
0861,08.61,RECONSTRUCCIÓN DE PÁRPADO CON COLGAJO O INJERTO DE PIEL,4,08,OPERACIONES SOBRE PÁRPADOS,Q,,,,SI
0862,08.62,RECONSTRUCCIÓN DE PÁRPADO CON COLGAJO O INJERTO DE MEMBRANA MUCOSA,4,08,OPERACIONES SOBRE PÁRPADOS,Q,,,,SI
0863,08.63,RECONSTRUCCIÓN DE PÁRPADO CON INJERTO DE FOLÍCULO PILOSO,4,08,OPERACIONES SOBRE PÁRPADOS,Q,,,,SI
0864,08.64,RECONSTRUCCIÓN DE PÁRPADO CON COLGAJO TARSOCONJUNTIVAL,4,08,OPERACIONES SOBRE PÁRPADOS,Q,,,,SI
0869,08.69,OTRA RECONSTRUCCIÓN DE PÁRPADO CON COLGAJOS O INJERTOS,4,08,OPERACIONES SOBRE PÁRPADOS,Q,,,,SI
087,08.7,OTRA RECONSTRUCCIÓN DE PÁRPADO,3,08,OPERACIONES SOBRE PÁRPADOS,,,,,NO
0870,08.70,"RECONSTRUCCIÓN DE PÁRPADO, NO ESPECIFICADO DE OTRA MANERA",4,08,OPERACIONES SOBRE PÁRPADOS,Q,,,,SI
0871,08.71,"RECONSTRUCCIÓN DE PÁRPADO, CON IMPLICACIÓN DE MARGEN DE PÁRPADO, GROSOR PARCIAL",4,08,OPERACIONES SOBRE PÁRPADOS,Q,,,,SI
0872,08.72,"OTRA RECONSTRUCCIÓN DE PÁRPADO, GROSOR PARCIAL",4,08,OPERACIONES SOBRE PÁRPADOS,Q,,,,SI
0873,08.73,"RECONSTRUCCIÓN DE PÁRPADO, CON IMPLICACIÓN DE MARGEN DEL PÁRPADO, GROSOR TOTAL",4,08,OPERACIONES SOBRE PÁRPADOS,Q,,,,SI
0874,08.74,"OTRA RECONSTRUCCIÓN DEL PÁRPADO, GROSOR TOTAL",4,08,OPERACIONES SOBRE PÁRPADOS,Q,,,,SI
088,08.8,OTRA REPARACIÓN DEL PÁRPADO,3,08,OPERACIONES SOBRE PÁRPADOS,,,,,NO
0881,08.81,REPARACIÓN LINEAL DE LACERACIÓN DE PÁRPADO O CEJA,4,08,OPERACIONES SOBRE PÁRPADOS,Q,,,,SI
0882,08.82,"REPARACIÓN DE LACERACIÓN CON AFECTACIÓN DE MARGEN PÁRPADO, GROSOR PARCIAL",4,08,OPERACIONES SOBRE PÁRPADOS,Q,,,,SI
0883,08.83,"OTRA REPARACIÓN DE LACERACIÓN DE PÁRPADO, GROSOR PARCIAL",4,08,OPERACIONES SOBRE PÁRPADOS,Q,,,,SI
0884,08.84,"REPARACIÓN DE LACERACIÓN CON AFECTACIÓN DE MARGEN DE PÁRPADO, GROSOR TOTAL",4,08,OPERACIONES SOBRE PÁRPADOS,Q,,,,SI
0885,08.85,"OTRA REPARACIÓN DE LACERACIÓN DE PÁRPADO, GROSOR TOTAL",4,08,OPERACIONES SOBRE PÁRPADOS,Q,,,,SI
0886,08.86,RITIDECTOMÍA DE PÁRPADO INFERIOR,4,08,OPERACIONES SOBRE PÁRPADOS,Q,,,,SI
0887,08.87,RITIDECTOMÍA DE PÁRPADO SUPERIOR,4,08,OPERACIONES SOBRE PÁRPADOS,Q,,,,SI
0889,08.89,OTRA REPARACIÓN DE PÁRPADO,4,08,OPERACIONES SOBRE PÁRPADOS,Q,,,,SI
089,08.9,OTRAS OPERACIONES SOBRE PÁRPADOS,3,08,OPERACIONES SOBRE PÁRPADOS,,,,,NO
0891,08.91,EPILACIÓN ELECTROQUIRÚRGICA DE PÁRPADO,4,08,OPERACIONES SOBRE PÁRPADOS,Q,,,,SI
0892,08.92,EPILACIÓN CRIOQUIRÚRGICA DE PÁRPADO,4,08,OPERACIONES SOBRE PÁRPADOS,Q,,,,SI
0893,08.93,OTRA EPILACIÓN DE PÁRPADO,4,08,OPERACIONES SOBRE PÁRPADOS,Q,,,,SI
0899,08.99,OTRAS OPERACIONES DE PÁRPADOS,4,08,OPERACIONES SOBRE PÁRPADOS,Q,,,,SI
09,09,OPERACIONES SOBRE APARATO LAGRIMAL,2,09,OPERACIONES SOBRE APARATO LAGRIMAL,,,,,NO
090,09.0,INCISIÓN DE GLÁNDULA LAGRIMAL,3,09,OPERACIONES SOBRE APARATO LAGRIMAL,,,,,NO
090X,09.0X,INCISIÓN DE GLÁNDULA LAGRIMAL,4,09,OPERACIONES SOBRE APARATO LAGRIMAL,Q,,,,SI
091,09.1,PROCEDIMIENTOS DIAGNÓSTICOS SOBRE APARATO LAGRIMAL,3,09,OPERACIONES SOBRE APARATO LAGRIMAL,,,,,NO
0911,09.11,BIOPSIA DE GLÁNDULA LAGRIMAL,4,09,OPERACIONES SOBRE APARATO LAGRIMAL,D,,,,SI
0912,09.12,BIOPSIA DE SACO LAGRIMAL,4,09,OPERACIONES SOBRE APARATO LAGRIMAL,D,,,,SI
0919,09.19,OTROS PROCEDIMIENTOS DIAGNÓSTICOS SOBRE APARATO LAGRIMAL,4,09,OPERACIONES SOBRE APARATO LAGRIMAL,D,,,,SI
092,09.2,EXCISIÓN DE LESIÓN O TEJIDO DE GLÁNDULA LAGRIMAL,3,09,OPERACIONES SOBRE APARATO LAGRIMAL,,,,,NO
0920,09.20,"EXCISIÓN DE GLÁNDULA LAGRIMAL, NO ESPECIFICADA DE OTRA MANERA",4,09,OPERACIONES SOBRE APARATO LAGRIMAL,Q,,,,SI
0921,09.21,EXCISIÓN DE LESIÓN DE GLÁNDULA LAGRIMAL,4,09,OPERACIONES SOBRE APARATO LAGRIMAL,Q,,,,SI
0922,09.22,OTRA DACRIOADENECTOMÍA PARCIAL,4,09,OPERACIONES SOBRE APARATO LAGRIMAL,Q,,,,SI
0923,09.23,DACRIOADENECTOMÍA TOTAL,4,09,OPERACIONES SOBRE APARATO LAGRIMAL,Q,,,,SI
093,09.3,OTRAS OPERACIONES SOBRE GLÁNDULA LAGRIMAL,3,09,OPERACIONES SOBRE APARATO LAGRIMAL,,,,,NO
093X,09.3X,OTRAS OPERACIONES SOBRE GLÁNDULA LAGRIMAL,4,09,OPERACIONES SOBRE APARATO LAGRIMAL,Q,,,,SI
094,09.4,MANIPULACIÓN DEL CONDUCTO LAGRIMAL,3,09,OPERACIONES SOBRE APARATO LAGRIMAL,,,,,NO
0941,09.41,SONDAJE DEL PUNTO LAGRIMAL,4,09,OPERACIONES SOBRE APARATO LAGRIMAL,Q,,,,SI
0942,09.42,SONDAJE DEL CANALÍCULOS LAGRIMALES,4,09,OPERACIONES SOBRE APARATO LAGRIMAL,Q,,,,SI
0943,09.43,EXPLORACIÓN DE CONDUCTO NASOLAGRIMAL,4,09,OPERACIONES SOBRE APARATO LAGRIMAL,Q,,,,SI
0944,09.44,INTUBACIÓN DE CONDUCTO NASOLAGRIMAL,4,09,OPERACIONES SOBRE APARATO LAGRIMAL,Q,,,,SI
0949,09.49,OTRA MANIPULACIÓN DE CONDUCTO LAGRIMAL,4,09,OPERACIONES SOBRE APARATO LAGRIMAL,Q,,,,SI
095,09.5,INCISIÓN DE SACO Y CONDUCTOS LAGRIMALES,3,09,OPERACIONES SOBRE APARATO LAGRIMAL,,,,,NO
0951,09.51,INCISIÓN DE PUNTO LAGRIMAL,4,09,OPERACIONES SOBRE APARATO LAGRIMAL,Q,,,,SI
0952,09.52,INCISIÓN DE CANALÍCULOS LAGRIMALES,4,09,OPERACIONES SOBRE APARATO LAGRIMAL,Q,,,,SI
0953,09.53,INCISIÓN DE SACO LAGRIMAL,4,09,OPERACIONES SOBRE APARATO LAGRIMAL,Q,,,,SI
0959,09.59,OTRA INCISIÓN DE CONDUCTOS LAGRIMALES,4,09,OPERACIONES SOBRE APARATO LAGRIMAL,Q,,,,SI
096,09.6,EXCISIÓN DE SACO Y CONDUCTO LAGRIMAL,3,09,OPERACIONES SOBRE APARATO LAGRIMAL,,,,,NO
096X,09.6X,EXCISIÓN DE SACO Y CONDUCTO LAGRIMAL,4,09,OPERACIONES SOBRE APARATO LAGRIMAL,Q,,,,SI
097,09.7,REPARACIÓN DE CANALÍCULO Y PUNTO,3,09,OPERACIONES SOBRE APARATO LAGRIMAL,,,,,NO
0971,09.71,CORRECCIÓN DE PUNTO EVERTIDO,4,09,OPERACIONES SOBRE APARATO LAGRIMAL,Q,,,,SI
0972,09.72,OTRA REPARACIÓN DE PUNTO,4,09,OPERACIONES SOBRE APARATO LAGRIMAL,Q,,,,SI
0973,09.73,REPARACIÓN DE CANALÍCULOS,4,09,OPERACIONES SOBRE APARATO LAGRIMAL,Q,,,,SI
098,09.8,FISTULIZACIÓN DEL TRACTO LAGRIMAL HASTA LA CAVIDAD NASAL,3,09,OPERACIONES SOBRE APARATO LAGRIMAL,,,,,NO
0981,09.81,DACRIOCISTORRINOSTOMÍA [DCR],4,09,OPERACIONES SOBRE APARATO LAGRIMAL,Q,,,,SI
0982,09.82,CONJUNTIVOCISTORRINOSTOMÍA,4,09,OPERACIONES SOBRE APARATO LAGRIMAL,Q,,,,SI
0983,09.83,CONJUNTIVORRINOSTOMÍA CON INSERCIÓN DE TUBO O VARILLA,4,09,OPERACIONES SOBRE APARATO LAGRIMAL,Q,,,,SI
099,09.9,OTRAS OPERACIONES SOBRE EL APARATO LAGRIMAL,3,09,OPERACIONES SOBRE APARATO LAGRIMAL,,,,,NO
0991,09.91,OBLITERACIÓN DEL PUNTO LAGRIMAL,4,09,OPERACIONES SOBRE APARATO LAGRIMAL,Q,,,,SI
0999,09.99,OTRAS OPERACIONES DEL APARATO LAGRIMAL,4,09,OPERACIONES SOBRE APARATO LAGRIMAL,Q,,,,SI
10,10,OPERACIONES SOBRE LA CONJUNTIVA,2,10,OPERACIONES SOBRE LA CONJUNTIVA,,,,,NO
100,10.0,EXTRACCIÓN DE LA CONJUNTIVA DE UN CUERPO EXTRAÑO INCRUSTADO MEDIANTE INCISIÓN,3,10,OPERACIONES SOBRE LA CONJUNTIVA,,,,,NO
100X,10.0X,EXTRACCIÓN DE LA CONJUNTIVA DE UN CUERPO EXTRAÑO INCRUSTADO MEDIANTE INCISIÓN,4,10,OPERACIONES SOBRE LA CONJUNTIVA,Q,,,,SI
101,10.1,OTRA INCISIÓN DE CONJUNTIVA,3,10,OPERACIONES SOBRE LA CONJUNTIVA,,,,,NO
101X,10.1X,OTRA INCISIÓN DE CONJUNTIVA,4,10,OPERACIONES SOBRE LA CONJUNTIVA,Q,,,,SI
102,10.2,PROCEDIMIENTOS DIAGNÓSTICOS DE LA CONJUNTIVA,3,10,OPERACIONES SOBRE LA CONJUNTIVA,,,,,NO
1021,10.21,BIOPSIA DE CONJUNTIVA,4,10,OPERACIONES SOBRE LA CONJUNTIVA,D,,,,SI
1029,10.29,OTROS PROCEDIMIENTOS DIAGNÓSTICOS DE LA CONJUNTIVA,4,10,OPERACIONES SOBRE LA CONJUNTIVA,D,,,,SI
103,10.3,EXCISIÓN O DESTRUCCIÓN DE LESIÓN O TEJIDO DE CONJUNTIVA,3,10,OPERACIONES SOBRE LA CONJUNTIVA,,,,,NO
1031,10.31,EXCISIÓN DE LESIÓN O TEJIDO DE CONJUNTIVA,4,10,OPERACIONES SOBRE LA CONJUNTIVA,Q,,,,SI
1032,10.32,DESTRUCCIÓN DE LESIÓN DE CONJUNTIVA,4,10,OPERACIONES SOBRE LA CONJUNTIVA,Q,,,,SI
1033,10.33,OTROS PROCEDIMIENTOS DESTRUCTIVOS DE LA CONJUNTIVA,4,10,OPERACIONES SOBRE LA CONJUNTIVA,Q,,,,SI
104,10.4,CONJUNTIVOPLASTIA,3,10,OPERACIONES SOBRE LA CONJUNTIVA,,,,,NO
1041,10.41,REPARACIÓN DE SIMBLÉFARON CON INJERTO LIBRE,4,10,OPERACIONES SOBRE LA CONJUNTIVA,Q,,,,SI
1042,10.42,RECONSTRUCCIÓN DE FONDO DE SACO CONJUNTIVAL CON INJERTO LIBRE,4,10,OPERACIONES SOBRE LA CONJUNTIVA,Q,,,,SI
1043,10.43,OTRA RECONSTRUCCIÓN DE FONDO DE SACO CONJUNTIVAL,4,10,OPERACIONES SOBRE LA CONJUNTIVA,Q,,,,SI
1044,10.44,OTRO INJERTO LIBRE A LA CONJUNTIVA,4,10,OPERACIONES SOBRE LA CONJUNTIVA,Q,,,,SI
1049,10.49,OTRA CONJUNTIVOPLASTIA,4,10,OPERACIONES SOBRE LA CONJUNTIVA,Q,,,,SI
105,10.5,LISIS DE ADHERENCIA CONJUNTIVA Y PÁRPADO,3,10,OPERACIONES SOBRE LA CONJUNTIVA,,,,,NO
105X,10.5X,LISIS DE ADHERENCIA CONJUNTIVA Y PÁRPADO,4,10,OPERACIONES SOBRE LA CONJUNTIVA,Q,,,,SI
106,10.6,REPARACIÓN DE LACERACIÓN DE CONJUNTIVA,3,10,OPERACIONES SOBRE LA CONJUNTIVA,,,,,NO
106X,10.6X,REPARACIÓN DE LACERACIÓN DE CONJUNTIVA,4,10,OPERACIONES SOBRE LA CONJUNTIVA,Q,,,,SI
109,10.9,OTRAS OPERACIONES SOBRE CONJUNTIVA,3,10,OPERACIONES SOBRE LA CONJUNTIVA,,,,,NO
1091,10.91,INYECCIÓN SUBCONJUNTIVAL,4,10,OPERACIONES SOBRE LA CONJUNTIVA,Q,,,,SI
1099,10.99,OTRAS OPERACIONES DE LA CONJUNTIVA,4,10,OPERACIONES SOBRE LA CONJUNTIVA,Q,,,,SI
11,11,OPERACIONES DE LA CÓRNEA,2,11,OPERACIONES DE LA CÓRNEA,,,,,NO
110,11.0,EXTRACCIÓN POR IMÁN DE CUERPO EXTRAÑO INCRUSTADO EN CÓRNEA,3,11,OPERACIONES DE LA CÓRNEA,,,,,NO
110X,11.0X,EXTRACCIÓN POR IMÁN DE CUERPO EXTRAÑO INCRUSTADO EN CÓRNEA,4,11,OPERACIONES DE LA CÓRNEA,Q,,,,SI
111,11.1,INCISIÓN DE CÓRNEA,3,11,OPERACIONES DE LA CÓRNEA,,,,,NO
111X,11.1X,INCISIÓN DE CÓRNEA,4,11,OPERACIONES DE LA CÓRNEA,Q,,,,SI
112,11.2,PROCEDIMIENTOS DIAGNÓSTICOS DE LA CÓRNEA,3,11,OPERACIONES DE LA CÓRNEA,,,,,NO
1121,11.21,RASPADO DE CÓRNEA PARA FROTIS O CULTIVO,4,11,OPERACIONES DE LA CÓRNEA,D,,,,SI
1122,11.22,BIOPSIA DE CÓRNEA,4,11,OPERACIONES DE LA CÓRNEA,D,,,,SI
1129,11.29,OTROS PROCEDIMIENTOS DIAGNÓSTICOS DE LA CÓRNEA,4,11,OPERACIONES DE LA CÓRNEA,D,,,,SI
113,11.3,EXCISIÓN DE PTERIGIÓN,3,11,OPERACIONES DE LA CÓRNEA,,,,,NO
1131,11.31,TRANSPOSICIÓN DE PTERIGIÓN,4,11,OPERACIONES DE LA CÓRNEA,Q,,,,SI
1132,11.32,EXCISIÓN DE PTERIGIÓN CON INJERTO CORNEAL,4,11,OPERACIONES DE LA CÓRNEA,Q,,,,SI
1139,11.39,OTRA EXCISIÓN DE PTERIGIÓN,4,11,OPERACIONES DE LA CÓRNEA,Q,,,,SI
114,11.4,EXCISIÓN O DESTRUCCIÓN DE TEJIDO U OTRA LESIÓN DE CÓRNEA,3,11,OPERACIONES DE LA CÓRNEA,,,,,NO
1141,11.41,EXTIRPACIÓN MECÁNICA DEL EPITELIO CORNEAL,4,11,OPERACIONES DE LA CÓRNEA,Q,,,,SI
1142,11.42,TERMOCAUTERIZACIÓN DE LESIÓN CORNEAL,4,11,OPERACIONES DE LA CÓRNEA,Q,,,,SI
1143,11.43,CRIOTERAPIA DE LESIÓN CORNEAL,4,11,OPERACIONES DE LA CÓRNEA,Q,,,,SI
1149,11.49,OTRA EXTIRPACIÓN O DESTRUCCIÓN DE LESIÓN CORNEAL,4,11,OPERACIONES DE LA CÓRNEA,Q,,,,SI
115,11.5,REPARACIÓN DE CÓRNEA,3,11,OPERACIONES DE LA CÓRNEA,,,,,NO
1151,11.51,SUTURA DE LACERACIÓN CORNEAL,4,11,OPERACIONES DE LA CÓRNEA,Q,,,,SI
1152,11.52,REPARACIÓN DE DEHISCENCIA DE HERIDA POSTOPERATORIA DE CÓRNEA,4,11,OPERACIONES DE LA CÓRNEA,Q,,,,SI
1153,11.53,REPARACIÓN DE LACERACIÓN O HERIDA CORNEAL CON COLGAJO CONJUNTIVAL,4,11,OPERACIONES DE LA CÓRNEA,Q,,,,SI
1159,11.59,OTRA REPARACIÓN DE CÓRNEA,4,11,OPERACIONES DE LA CÓRNEA,Q,,,,SI
116,11.6,TRASPLANTE DE CÓRNEA,3,11,OPERACIONES DE LA CÓRNEA,,,,,NO
1160,11.60,"TRASPLANTE DE CORNEA, NO ESPECIFICADO DE OTRA MANERA",4,11,OPERACIONES DE LA CÓRNEA,Q,,,,SI
1161,11.61,QUERATOPLASTIA LAMELAR CON AUTOINJERTO,4,11,OPERACIONES DE LA CÓRNEA,Q,,,,SI
1162,11.62,OTRA QUERATOPLASTIA LAMELAR,4,11,OPERACIONES DE LA CÓRNEA,Q,,,,SI
1163,11.63,QUERATOPLASTIA PENETRANTE CON AUTOINJERTO,4,11,OPERACIONES DE LA CÓRNEA,Q,,,,SI
1164,11.64,OTRA QUERATOPLASTIA PENETRANTE,4,11,OPERACIONES DE LA CÓRNEA,Q,,,,SI
1169,11.69,OTRO TRASPLANTE CORNEAL,4,11,OPERACIONES DE LA CÓRNEA,Q,,,,SI
117,11.7,OTRA CIRUGÍA RECONSTRUCTIVA Y REFRACTIVA DE LA CÓRNEA,3,11,OPERACIONES DE LA CÓRNEA,,,,,NO
1171,11.71,QUERATOMILEUSIS,4,11,OPERACIONES DE LA CÓRNEA,Q,,,,SI
1172,11.72,QUERATOFAQUIA,4,11,OPERACIONES DE LA CÓRNEA,Q,,,,SI
1173,11.73,QUERATOPRÓTESIS,4,11,OPERACIONES DE LA CÓRNEA,Q,,,,SI
1174,11.74,TERMOQUERATOPLASTIA,4,11,OPERACIONES DE LA CÓRNEA,Q,,,,SI
1175,11.75,QUERATOTOMÍA RADIAL,4,11,OPERACIONES DE LA CÓRNEA,Q,,,,SI
1176,11.76,EPIQUERATOFAQUIA,4,11,OPERACIONES DE LA CÓRNEA,Q,,,,SI
1179,11.79,OTRA CIRUGÍA RECONSTRUCTIVA Y REFRACTIVA DE LA CÓRNEA,4,11,OPERACIONES DE LA CÓRNEA,Q,,,,SI
119,11.9,OTRAS OPERACIONES DE LA CÓRNEA,3,11,OPERACIONES DE LA CÓRNEA,,,,,NO
1191,11.91,TATUAJE DE CÓRNEA,4,11,OPERACIONES DE LA CÓRNEA,Q,,,,SI
1192,11.92,ELIMINACIÓN DE LA CÓRNEA DE IMPLANTACIÓN ARTIFICIAL,4,11,OPERACIONES DE LA CÓRNEA,Q,,,,SI
1199,11.99,OTRAS OPERACIONES DE LA CÓRNEA,4,11,OPERACIONES DE LA CÓRNEA,Q,,,,SI
12,12,"OPERACIONES SOBRE IRIS, CUERPO CILIAR, ESCLERÓTICA, Y CÁMARA ANTERIOR DEL OJO.",2,12,"OPERACIONES SOBRE IRIS, CUERPO CILIAR, ESCLERÓTICA, Y CÁMARA ANTERIOR DEL OJO.",,,,,NO
120,12.0,EXTRACCIÓN DE CUERPO EXTRAÑO INTRAOCULAR DEL SEGMENTO ANTERIOR DEL OJO,3,12,"OPERACIONES SOBRE IRIS, CUERPO CILIAR, ESCLERÓTICA, Y CÁMARA ANTERIOR DEL OJO.",,,,,NO
1200,12.00,"EXTRACCIÓN DE CUERPO EXTRAÑO INTRAOCULAR DEL SEGMENTO ANTERIOR DEL OJO, NO ESPECIFICADA DE OTRA MANERA",4,12,"OPERACIONES SOBRE IRIS, CUERPO CILIAR, ESCLERÓTICA, Y CÁMARA ANTERIOR DEL OJO.",Q,,,,SI
1201,12.01,"EXTRACCIÓN DE CUERPO EXTRAÑO INTRAOCULAR DEL SEGMENTO ANTERIOR DEL OJO, CON EMPLEO DE IMÁN",4,12,"OPERACIONES SOBRE IRIS, CUERPO CILIAR, ESCLERÓTICA, Y CÁMARA ANTERIOR DEL OJO.",Q,,,,SI
1202,12.02,EXTRACCIÓN DE CUERPO EXTRAÑO DEL SEGMENTO ANTERIOR DEL OJO SIN EMPLEO DE IMÁN,4,12,"OPERACIONES SOBRE IRIS, CUERPO CILIAR, ESCLERÓTICA, Y CÁMARA ANTERIOR DEL OJO.",Q,,,,SI
121,12.1,IRIDOTOMÍA E IRIDECTOMÍA SIMPLE,3,12,"OPERACIONES SOBRE IRIS, CUERPO CILIAR, ESCLERÓTICA, Y CÁMARA ANTERIOR DEL OJO.",,,,,NO
1211,12.11,IRIDOTOMÍA CON TRANSFIXIÓN,4,12,"OPERACIONES SOBRE IRIS, CUERPO CILIAR, ESCLERÓTICA, Y CÁMARA ANTERIOR DEL OJO.",Q,,,,SI
1212,12.12,OTRA IRIDOTOMÍA,4,12,"OPERACIONES SOBRE IRIS, CUERPO CILIAR, ESCLERÓTICA, Y CÁMARA ANTERIOR DEL OJO.",Q,,,,SI
1213,12.13,EXCISIÓN DE IRIS PROLAPSADO,4,12,"OPERACIONES SOBRE IRIS, CUERPO CILIAR, ESCLERÓTICA, Y CÁMARA ANTERIOR DEL OJO.",Q,,,,SI
1214,12.14,OTRA IRIDECTOMÍA,4,12,"OPERACIONES SOBRE IRIS, CUERPO CILIAR, ESCLERÓTICA, Y CÁMARA ANTERIOR DEL OJO.",Q,,,,SI
122,12.2,"PROCEDIMIENTOS DIAGNÓSTICOS SOBRE IRIS, CUERPO CILIAR, ESCLERÓTICA, Y CÁMARA ANTERIOR DEL OJO",3,12,"OPERACIONES SOBRE IRIS, CUERPO CILIAR, ESCLERÓTICA, Y CÁMARA ANTERIOR DEL OJO.",,,,,NO
1221,12.21,ASPIRACIÓN DIAGNÓSTICA DE LA CÁMARA ANTERIOR DEL OJO,4,12,"OPERACIONES SOBRE IRIS, CUERPO CILIAR, ESCLERÓTICA, Y CÁMARA ANTERIOR DEL OJO.",D,,,,SI
1222,12.22,BIOPSIA DE IRIS,4,12,"OPERACIONES SOBRE IRIS, CUERPO CILIAR, ESCLERÓTICA, Y CÁMARA ANTERIOR DEL OJO.",D,,,,SI
1229,12.29,"OTROS PROCEDIMIENTOS DIAGNÓSTICOS SOBRE EL IRIS, CUERPO CILIAR, ESCLERÓTICA, Y CÁMARA ANTERIOR DEL OJO",4,12,"OPERACIONES SOBRE IRIS, CUERPO CILIAR, ESCLERÓTICA, Y CÁMARA ANTERIOR DEL OJO.",D,,,,SI
123,12.3,IRIDOPLASTIA Y COROPLASTIA,3,12,"OPERACIONES SOBRE IRIS, CUERPO CILIAR, ESCLERÓTICA, Y CÁMARA ANTERIOR DEL OJO.",,,,,NO
1231,12.31,LISIS DE GONIOSINEQUIAS,4,12,"OPERACIONES SOBRE IRIS, CUERPO CILIAR, ESCLERÓTICA, Y CÁMARA ANTERIOR DEL OJO.",Q,,,,SI
1232,12.32,LISIS DE OTRAS SINEQUIAS ANTERIORES,4,12,"OPERACIONES SOBRE IRIS, CUERPO CILIAR, ESCLERÓTICA, Y CÁMARA ANTERIOR DEL OJO.",Q,,,,SI
1233,12.33,LISIS DE SINEQUIAS POSTERIORES,4,12,"OPERACIONES SOBRE IRIS, CUERPO CILIAR, ESCLERÓTICA, Y CÁMARA ANTERIOR DEL OJO.",Q,,,,SI
1234,12.34,LISIS DE ADHERENCIAS CORNEOVÍTREAS,4,12,"OPERACIONES SOBRE IRIS, CUERPO CILIAR, ESCLERÓTICA, Y CÁMARA ANTERIOR DEL OJO.",Q,,,,SI
1235,12.35,COREOPLASTIA,4,12,"OPERACIONES SOBRE IRIS, CUERPO CILIAR, ESCLERÓTICA, Y CÁMARA ANTERIOR DEL OJO.",Q,,,,SI
1239,12.39,OTRA IRIDOPLASTIA,4,12,"OPERACIONES SOBRE IRIS, CUERPO CILIAR, ESCLERÓTICA, Y CÁMARA ANTERIOR DEL OJO.",Q,,,,SI
124,12.4,EXCISIÓN O DESTRUCCIÓN DE LESIÓN DE IRIS Y CUERPO CILIAR,3,12,"OPERACIONES SOBRE IRIS, CUERPO CILIAR, ESCLERÓTICA, Y CÁMARA ANTERIOR DEL OJO.",,,,,NO
1240,12.40,"EXTIRPACIÓN DE LESIÓN DEL SEGMENTO ANTERIOR DEL OJO, NO ESPECIFICADA DE OTRA MANERA",4,12,"OPERACIONES SOBRE IRIS, CUERPO CILIAR, ESCLERÓTICA, Y CÁMARA ANTERIOR DEL OJO.",Q,,,,SI
1241,12.41,"DESTRUCCIÓN DE LESIÓN DE IRIS, NO POR EXCISIÓN",4,12,"OPERACIONES SOBRE IRIS, CUERPO CILIAR, ESCLERÓTICA, Y CÁMARA ANTERIOR DEL OJO.",Q,,,,SI
1242,12.42,EXCISIÓN DE LESIÓN DE IRIS,4,12,"OPERACIONES SOBRE IRIS, CUERPO CILIAR, ESCLERÓTICA, Y CÁMARA ANTERIOR DEL OJO.",Q,,,,SI
1243,12.43,"DESTRUCCIÓN DE LESIÓN DEL CUERPO CILIAR, NO POR EXCISIÓN",4,12,"OPERACIONES SOBRE IRIS, CUERPO CILIAR, ESCLERÓTICA, Y CÁMARA ANTERIOR DEL OJO.",Q,,,,SI
1244,12.44,EXCISIÓN DE LESIÓN DE CUERPO CILIAR,4,12,"OPERACIONES SOBRE IRIS, CUERPO CILIAR, ESCLERÓTICA, Y CÁMARA ANTERIOR DEL OJO.",Q,,,,SI
125,12.5,FACILITACIÓN DE LA CIRCULACIÓN INTRAOCULAR,3,12,"OPERACIONES SOBRE IRIS, CUERPO CILIAR, ESCLERÓTICA, Y CÁMARA ANTERIOR DEL OJO.",,,,,NO
1251,12.51,GONIOPUNTURA SIN GONIOTOMÍA,4,12,"OPERACIONES SOBRE IRIS, CUERPO CILIAR, ESCLERÓTICA, Y CÁMARA ANTERIOR DEL OJO.",Q,,,,SI
1252,12.52,GONIOTOMÍA SIN GONIOPUNTURA,4,12,"OPERACIONES SOBRE IRIS, CUERPO CILIAR, ESCLERÓTICA, Y CÁMARA ANTERIOR DEL OJO.",Q,,,,SI
1253,12.53,GONIOTOMÍA CON GONIOPUNTURA,4,12,"OPERACIONES SOBRE IRIS, CUERPO CILIAR, ESCLERÓTICA, Y CÁMARA ANTERIOR DEL OJO.",Q,,,,SI
1254,12.54,TRABECULOTOMÍA DESDE EL EXTERIOR,4,12,"OPERACIONES SOBRE IRIS, CUERPO CILIAR, ESCLERÓTICA, Y CÁMARA ANTERIOR DEL OJO.",Q,,,,SI
1255,12.55,CICLODIÁLISIS,4,12,"OPERACIONES SOBRE IRIS, CUERPO CILIAR, ESCLERÓTICA, Y CÁMARA ANTERIOR DEL OJO.",Q,,,,SI
1259,12.59,OTRA FACILITACIÓN DE LA CIRCULACIÓN INTRAOCULAR,4,12,"OPERACIONES SOBRE IRIS, CUERPO CILIAR, ESCLERÓTICA, Y CÁMARA ANTERIOR DEL OJO.",Q,,,,SI
126,12.6,FISTULIZACIÓN ESCLERAL,3,12,"OPERACIONES SOBRE IRIS, CUERPO CILIAR, ESCLERÓTICA, Y CÁMARA ANTERIOR DEL OJO.",,,,,NO
1261,12.61,TREPANACIÓN DE ESCLERÓTICA CON IRIDECTOMÍA,4,12,"OPERACIONES SOBRE IRIS, CUERPO CILIAR, ESCLERÓTICA, Y CÁMARA ANTERIOR DEL OJO.",Q,,,,SI
1262,12.62,TERMOCAUTERIZACIÓN DE ESCLERÓTICA CON IRIDECTOMÍA,4,12,"OPERACIONES SOBRE IRIS, CUERPO CILIAR, ESCLERÓTICA, Y CÁMARA ANTERIOR DEL OJO.",Q,,,,SI
1263,12.63,IRIDENCLESIS E IRIDOTASIS,4,12,"OPERACIONES SOBRE IRIS, CUERPO CILIAR, ESCLERÓTICA, Y CÁMARA ANTERIOR DEL OJO.",Q,,,,SI
1264,12.64,TRABECULECTOMÍA DESDE EL EXTERIOR,4,12,"OPERACIONES SOBRE IRIS, CUERPO CILIAR, ESCLERÓTICA, Y CÁMARA ANTERIOR DEL OJO.",Q,,,,SI
1265,12.65,OTRA FÍSTULIZACIÓN ESCLERAL CON IRIDECTOMÍA,4,12,"OPERACIONES SOBRE IRIS, CUERPO CILIAR, ESCLERÓTICA, Y CÁMARA ANTERIOR DEL OJO.",Q,,,,SI
1266,12.66,REVISIÓN POSTOPERATORIA DE PROCEDIMIENTO DE FISTULIZACIÓN ESCLERAL,4,12,"OPERACIONES SOBRE IRIS, CUERPO CILIAR, ESCLERÓTICA, Y CÁMARA ANTERIOR DEL OJO.",Q,,,,SI
1269,12.69,OTRO PROCEDIMIENTO DE FISTULIZACIÓN,4,12,"OPERACIONES SOBRE IRIS, CUERPO CILIAR, ESCLERÓTICA, Y CÁMARA ANTERIOR DEL OJO.",Q,,,,SI
127,12.7,OTROS PROCEDIMIENTOS PARA EL ALIVIO DE UNA PRESIÓN INTRAOCULAR ELEVADA,3,12,"OPERACIONES SOBRE IRIS, CUERPO CILIAR, ESCLERÓTICA, Y CÁMARA ANTERIOR DEL OJO.",,,,,NO
1271,12.71,CICLODIATERMIA,4,12,"OPERACIONES SOBRE IRIS, CUERPO CILIAR, ESCLERÓTICA, Y CÁMARA ANTERIOR DEL OJO.",Q,,,,SI
1272,12.72,CICLOCRIOTERAPIA,4,12,"OPERACIONES SOBRE IRIS, CUERPO CILIAR, ESCLERÓTICA, Y CÁMARA ANTERIOR DEL OJO.",Q,,,,SI
1273,12.73,CICLOFOTOCOAGULACIÓN,4,12,"OPERACIONES SOBRE IRIS, CUERPO CILIAR, ESCLERÓTICA, Y CÁMARA ANTERIOR DEL OJO.",Q,,,,SI
1274,12.74,"DISMINUCIÓN DEL CUERPO CILIAR, NO ESPECIFICADA DE OTRA MANERA",4,12,"OPERACIONES SOBRE IRIS, CUERPO CILIAR, ESCLERÓTICA, Y CÁMARA ANTERIOR DEL OJO.",Q,,,,SI
1279,12.79,OTROS PROCEDIMIENTOS DE GLAUCOMA,4,12,"OPERACIONES SOBRE IRIS, CUERPO CILIAR, ESCLERÓTICA, Y CÁMARA ANTERIOR DEL OJO.",Q,,,,SI
128,12.8,OPERACIONES SOBRE ESCLERÓTICA,3,12,"OPERACIONES SOBRE IRIS, CUERPO CILIAR, ESCLERÓTICA, Y CÁMARA ANTERIOR DEL OJO.",,,,,NO
1281,12.81,SUTURA DE LACERACIÓN ESCLERÓTICA,4,12,"OPERACIONES SOBRE IRIS, CUERPO CILIAR, ESCLERÓTICA, Y CÁMARA ANTERIOR DEL OJO.",Q,,,,SI
1282,12.82,REPARACIÓN DE FÍSTULA ESCLERAL,4,12,"OPERACIONES SOBRE IRIS, CUERPO CILIAR, ESCLERÓTICA, Y CÁMARA ANTERIOR DEL OJO.",Q,,,,SI
1283,12.83,"REVISIÓN DE HERIDA OPERATORIA DE SEGMENTO ANTERIOR, NO CLASIFICADA BAJO OTRO CONCEPTO",4,12,"OPERACIONES SOBRE IRIS, CUERPO CILIAR, ESCLERÓTICA, Y CÁMARA ANTERIOR DEL OJO.",Q,,,,SI
1284,12.84,EXCISIÓN O DESTRUCCIÓN DE LESIÓN DE ESCLERÓTICA,4,12,"OPERACIONES SOBRE IRIS, CUERPO CILIAR, ESCLERÓTICA, Y CÁMARA ANTERIOR DEL OJO.",Q,,,,SI
1285,12.85,REPARACIÓN DE ESTAFILOMA ESCLERAL CON INJERTO,4,12,"OPERACIONES SOBRE IRIS, CUERPO CILIAR, ESCLERÓTICA, Y CÁMARA ANTERIOR DEL OJO.",Q,,,,SI
1286,12.86,OTRA REPARACIÓN DE ESTAFILOMA ESCLERAL,4,12,"OPERACIONES SOBRE IRIS, CUERPO CILIAR, ESCLERÓTICA, Y CÁMARA ANTERIOR DEL OJO.",Q,,,,SI
1287,12.87,REFUERZO ESCLERAL CON INJERTO,4,12,"OPERACIONES SOBRE IRIS, CUERPO CILIAR, ESCLERÓTICA, Y CÁMARA ANTERIOR DEL OJO.",Q,,,,SI
1288,12.88,OTRO REFUERZO ESCLERAL,4,12,"OPERACIONES SOBRE IRIS, CUERPO CILIAR, ESCLERÓTICA, Y CÁMARA ANTERIOR DEL OJO.",Q,,,,SI
1289,12.89,OTRAS OPERACIONES SOBRE ESCLERÓTICA,4,12,"OPERACIONES SOBRE IRIS, CUERPO CILIAR, ESCLERÓTICA, Y CÁMARA ANTERIOR DEL OJO.",Q,,,,SI
129,12.9,"OTRAS OPERACIONES SOBRE EL IRIS, CUERPO CILIAR Y CÁMARA ANTERIOR DEL OJO",3,12,"OPERACIONES SOBRE IRIS, CUERPO CILIAR, ESCLERÓTICA, Y CÁMARA ANTERIOR DEL OJO.",,,,,NO
1291,12.91,EVACUACIÓN TERAPÉUTICA DE LA CÁMARA ANTERIOR DEL OJO,4,12,"OPERACIONES SOBRE IRIS, CUERPO CILIAR, ESCLERÓTICA, Y CÁMARA ANTERIOR DEL OJO.",Q,,,,SI
1292,12.92,INYECCIÓN EN CÁMARA ANTERIOR DEL OJO,4,12,"OPERACIONES SOBRE IRIS, CUERPO CILIAR, ESCLERÓTICA, Y CÁMARA ANTERIOR DEL OJO.",Q,,,,SI
1293,12.93,EXTIRPACIÓN O DESTRUCCIÓN DE EXCRECENCIA DESCENDIENTE EPITELIAL DE LA CÁMARA ANTERIOR DEL OJO,4,12,"OPERACIONES SOBRE IRIS, CUERPO CILIAR, ESCLERÓTICA, Y CÁMARA ANTERIOR DEL OJO.",Q,,,,SI
1297,12.97,OTRAS OPERACIONES SOBRE IRIS,4,12,"OPERACIONES SOBRE IRIS, CUERPO CILIAR, ESCLERÓTICA, Y CÁMARA ANTERIOR DEL OJO.",Q,,,,SI
1298,12.98,OTRAS OPERACIONES SOBRE EL CUERPO CILIAR,4,12,"OPERACIONES SOBRE IRIS, CUERPO CILIAR, ESCLERÓTICA, Y CÁMARA ANTERIOR DEL OJO.",Q,,,,SI
1299,12.99,OTRAS OPERACIONES SOBRE LA CÁMARA ANTERIOR DEL OJO,4,12,"OPERACIONES SOBRE IRIS, CUERPO CILIAR, ESCLERÓTICA, Y CÁMARA ANTERIOR DEL OJO.",Q,,,,SI
13,13,OPERACIONES SOBRE EL CRISTALINO,2,13,OPERACIONES SOBRE EL CRISTALINO,,,,,NO
130,13.0,EXTRACCIÓN DE CUERPO EXTRAÑO DE CRISTALINO,3,13,OPERACIONES SOBRE EL CRISTALINO,,,,,NO
1300,13.00,"EXTRACCIÓN DE CUERPO EXTRAÑO DEL CRISTALINO, NO ESPECIFICADO DE OTRA MANERA",4,13,OPERACIONES SOBRE EL CRISTALINO,Q,,,,SI
1301,13.01,EXTRACCIÓN DE CUERPO EXTRAÑO DEL CRISTALINO CON EMPLEO DE IMÁN,4,13,OPERACIONES SOBRE EL CRISTALINO,Q,,,,SI
1302,13.02,EXTRACCIÓN DE CUERPO EXTRAÑO SIN EMPLEO DE IMÁN,4,13,OPERACIONES SOBRE EL CRISTALINO,Q,,,,SI
131,13.1,EXTRACCIÓN INTRACAPSULAR DEL CRISTALINO,3,13,OPERACIONES SOBRE EL CRISTALINO,,,,,NO
1311,13.11,EXTRACCIÓN INTRACAPSULAR DE CRISTALINO POR LA RUTA TEMPORAL INFERIOR,4,13,OPERACIONES SOBRE EL CRISTALINO,Q,,,,SI
1319,13.19,OTRA EXTRACCIÓN INTRACAPSULAR DE CRISTALINO,4,13,OPERACIONES SOBRE EL CRISTALINO,Q,,,,SI
132,13.2,EXTRACCIÓN EXTRACAPSULAR DE CRISTALINO MEDIANTE TÉCNICA DE EXTRACCIÓN LINEAL,3,13,OPERACIONES SOBRE EL CRISTALINO,,,,,NO
132X,13.2X,EXTRACCIÓN EXTRACAPSULAR DE CRISTALINO MEDIANTE TÉCNICA DE EXTRACCIÓN LINEAL,4,13,OPERACIONES SOBRE EL CRISTALINO,Q,,,,SI
133,13.3,EXTRACCIÓN EXTRACAPSULAR DE CRISTALINO MEDIANTE TÉCNICA SIMPLE SENCILLA DE ASPIRACIÓN (E IRRIGACIÓN),3,13,OPERACIONES SOBRE EL CRISTALINO,,,,,NO
133X,13.3X,EXTRACCIÓN EXTRACAPSULAR DE CRISTALINO MEDIANTE TÉCNICA SIMPLE SENCILLA DE ASPIRACIÓN (E IRRIGACIÓN),4,13,OPERACIONES SOBRE EL CRISTALINO,Q,,,,SI
134,13.4,EXTRACCIÓN EXTRACAPSULAR DE CRISTALINO MEDIANTE TÉCNICA DE FRAGMENTACIÓN Y ASPIRACIÓN,3,13,OPERACIONES SOBRE EL CRISTALINO,,,,,NO
1341,13.41,FACOEMULSIFICACIÓN Y ASPIRACIÓN DE CATARATA,4,13,OPERACIONES SOBRE EL CRISTALINO,Q,,,,SI
1342,13.42,FACOFRAGMENTACIÓN MÉCANICA Y ASPIRACIÓN DE CATARATA POR RUTA POSTERIOR,4,13,OPERACIONES SOBRE EL CRISTALINO,Q,,,,SI
1343,13.43,FACOFRAGMENTACIÓN MÉCANICA Y OTRA ASPIRACIÓN DE CATARATA,4,13,OPERACIONES SOBRE EL CRISTALINO,Q,,,,SI
135,13.5,OTRA EXTRACCIÓN EXTRACAPSULAR DE CRISTALINO,3,13,OPERACIONES SOBRE EL CRISTALINO,,,,,NO
1351,13.51,EXTRACCIÓN EXTRACAPSULAR DE CRISTALINO POR LA RUTA TEMPORAL INFERIOR,4,13,OPERACIONES SOBRE EL CRISTALINO,Q,,,,SI
1359,13.59,OTRA EXTRACCIÓN EXTRACAPSULAR DE CRISTALINO,4,13,OPERACIONES SOBRE EL CRISTALINO,Q,,,,SI
136,13.6,OTRA EXTRACCIÓN DE CATARATA,3,13,OPERACIONES SOBRE EL CRISTALINO,,,,,NO
1364,13.64,DISECCIÓN DE MEMBRANA SECUNDARIA [DESPUÉS DE CATARATA],4,13,OPERACIONES SOBRE EL CRISTALINO,Q,,,,SI
1365,13.65,EXCISIÓN DE MEMBRANA SECUNDARIA [DESPUÉS DE CATARATA],4,13,OPERACIONES SOBRE EL CRISTALINO,Q,,,,SI
1366,13.66,FRAGMENTACIÓN MECÁNICA DE MEMBRANA SECUNDARIA [DESPUÉS DE CATARATA],4,13,OPERACIONES SOBRE EL CRISTALINO,Q,,,,SI
1369,13.69,OTRA EXTRACCIÓN DE CATARATA,4,13,OPERACIONES SOBRE EL CRISTALINO,Q,,,,SI
137,13.7,INSERCIÓN DE CRISTALINO PROTÉSICO [PSEUDOCRISTALINO],3,13,OPERACIONES SOBRE EL CRISTALINO,,,,,NO
1370,13.70,"INSERCIÓN DE PSEUDOCRISTALINO, NO ESPECIFICADA DE OTRA MANERA",4,13,OPERACIONES SOBRE EL CRISTALINO,Q,,,,SI
1371,13.71,"INSERCIÓN DE PRÓTESIS DE CRISTALINO INTRAOCULAR EN EL MOMENTO DE LA EXTRACCIÓN DE LA CATARATA, UNA SOLA ETAPA",4,13,OPERACIONES SOBRE EL CRISTALINO,Q,,,,SI
1372,13.72,INSERCIÓN SECUNDARIA DE PRÓTESIS DE CRISTALINO INTRAOCULAR,4,13,OPERACIONES SOBRE EL CRISTALINO,Q,,,,SI
138,13.8,EXTRACCIÓN DE CRISTALINO IMPLANTADO,3,13,OPERACIONES SOBRE EL CRISTALINO,,,,,NO
138X,13.8X,EXTRACCIÓN DE CRISTALINO IMPLANTADO,4,13,OPERACIONES SOBRE EL CRISTALINO,Q,,,,SI
139,13.9,OTRAS OPERACIONES SOBRE CRISTALINO,3,13,OPERACIONES SOBRE EL CRISTALINO,,,,,NO
1390,13.90,"OPERACIÓN DEL CRISTALINO, NO CLASIFICADA BAJO OTRO CONCEPTO",4,13,OPERACIONES SOBRE EL CRISTALINO,Q,,,,SI
1391,13.91,IMPLANTACIÓN DE PRÓTESIS INTRAOCULAR TELESCÓPICA,4,13,OPERACIONES SOBRE EL CRISTALINO,Q,,,,SI
14,14,"OPERACIONES SOBRE RETINA, COROIDES, CUERPO VÍTREO Y CÁMARA POSTERIOR DEL OJO",2,14,"OPERACIONES SOBRE RETINA, COROIDES, CUERPO VÍTREO Y CÁMARA POSTERIOR DEL OJO",,,,,NO
140,14.0,EXTRACCIÓN DE CUERPO EXTRAÑO DEL SEGMENTO POSTERIOR DEL OJO,3,14,"OPERACIONES SOBRE RETINA, COROIDES, CUERPO VÍTREO Y CÁMARA POSTERIOR DEL OJO",,,,,NO
1400,14.00,"EXTRACCIÓN DE CUERPO EXTRAÑO DEL SEGMENTO POSTERIOR DEL OJO, NO ESPECIFICADO DE OTRA MANERA",4,14,"OPERACIONES SOBRE RETINA, COROIDES, CUERPO VÍTREO Y CÁMARA POSTERIOR DEL OJO",Q,,,,SI
1401,14.01,EXTRACCIÓN DE CUERPO EXTRAÑO DEL SEGMENTO POSTERIOR DEL OJO CON EMPLEO DE IMÁN,4,14,"OPERACIONES SOBRE RETINA, COROIDES, CUERPO VÍTREO Y CÁMARA POSTERIOR DEL OJO",Q,,,,SI
1402,14.02,EXTRACCIÓN DE CUERPO EXTRAÑO DEL SEGMENTO POSTERIOR DEL OJO SIN EMPLEO DE IMÁN,4,14,"OPERACIONES SOBRE RETINA, COROIDES, CUERPO VÍTREO Y CÁMARA POSTERIOR DEL OJO",Q,,,,SI
141,14.1,"PROCEDIMIENTOS DIAGNÓSTICOS SOBRE RETINA, COROIDES, CUERPO VÍTREO, Y LA CÁMARA POSTERIOR DEL OJO",3,14,"OPERACIONES SOBRE RETINA, COROIDES, CUERPO VÍTREO Y CÁMARA POSTERIOR DEL OJO",,,,,NO
1411,14.11,ASPIRACIÓN DIAGNÓSTICA DE CUERPO VÍTREO,4,14,"OPERACIONES SOBRE RETINA, COROIDES, CUERPO VÍTREO Y CÁMARA POSTERIOR DEL OJO",D,,,,SI
1419,14.19,"OTROS PROCEDIMIENTOS DIAGNÓSTICOS SOBRE RETINA, COROIDES, CUERPO VÍTREO Y CÁMARA POSTERIOR DEL OJO",4,14,"OPERACIONES SOBRE RETINA, COROIDES, CUERPO VÍTREO Y CÁMARA POSTERIOR DEL OJO",D,,,,SI
142,14.2,DESTRUCCIÓN DE LESIÓN DE RETINA Y COROIDES,3,14,"OPERACIONES SOBRE RETINA, COROIDES, CUERPO VÍTREO Y CÁMARA POSTERIOR DEL OJO",,,,,NO
1421,14.21,DESTRUCCIÓN DE LESIÓN CORIORRETINAL POR DIATERMIA,4,14,"OPERACIONES SOBRE RETINA, COROIDES, CUERPO VÍTREO Y CÁMARA POSTERIOR DEL OJO",Q,,,,SI
1422,14.22,DESTRUCCIÓN DE LESIÓN CORIORRETINAL POR CRIOTERAPIA,4,14,"OPERACIONES SOBRE RETINA, COROIDES, CUERPO VÍTREO Y CÁMARA POSTERIOR DEL OJO",Q,,,,SI
1423,14.23,DESTRUCCIÓN DE LESIÓN CORIORRETINAL POR FOTOCOAGULACIÓN POR ARCO DE XENÓN,4,14,"OPERACIONES SOBRE RETINA, COROIDES, CUERPO VÍTREO Y CÁMARA POSTERIOR DEL OJO",Q,,,,SI
1424,14.24,DESTRUCCIÓN DE LESIÓN CORIORRETINAL POR FOTOCOAGULACIÓN POR LASER,4,14,"OPERACIONES SOBRE RETINA, COROIDES, CUERPO VÍTREO Y CÁMARA POSTERIOR DEL OJO",Q,,,,SI
1425,14.25,DESTRUCCIÓN DE LESIÓN CORIORRETINAL POR FOTOCOAGULACIÓN DE TIPO NO ESPECIFICADO,4,14,"OPERACIONES SOBRE RETINA, COROIDES, CUERPO VÍTREO Y CÁMARA POSTERIOR DEL OJO",Q,,,,SI
1426,14.26,DESTRUCCIÓN DE LESIÓN CORIORRETINAL POR TERAPIA DE RADIACIÓN,4,14,"OPERACIONES SOBRE RETINA, COROIDES, CUERPO VÍTREO Y CÁMARA POSTERIOR DEL OJO",Q,,,,SI
1427,14.27,DESTRUCCIÓN DE LESIÓN CORIORRETINAL POR IMPLANTACIÓN DE FUENTE DE RADIACIÓN,4,14,"OPERACIONES SOBRE RETINA, COROIDES, CUERPO VÍTREO Y CÁMARA POSTERIOR DEL OJO",Q,,,,SI
1429,14.29,OTRA DESTRUCCIÓN DE LESIÓN CORIORRETINAL,4,14,"OPERACIONES SOBRE RETINA, COROIDES, CUERPO VÍTREO Y CÁMARA POSTERIOR DEL OJO",Q,,,,SI
143,14.3,REPARACIÓN DE DESGARRO RETINAL,3,14,"OPERACIONES SOBRE RETINA, COROIDES, CUERPO VÍTREO Y CÁMARA POSTERIOR DEL OJO",,,,,NO
1431,14.31,REPARACIÓN DE DESGARRO RETINAL POR DIATERMIA,4,14,"OPERACIONES SOBRE RETINA, COROIDES, CUERPO VÍTREO Y CÁMARA POSTERIOR DEL OJO",Q,,,,SI
1432,14.32,REPARACIÓN DE DESGARRO RETINAL POR CRIOTERAPIA,4,14,"OPERACIONES SOBRE RETINA, COROIDES, CUERPO VÍTREO Y CÁMARA POSTERIOR DEL OJO",Q,,,,SI
1433,14.33,REPARACIÓN DE DESGARRO RETINAL POR FOTOCOAGULACIÓN POR ARCO DE XENÓN,4,14,"OPERACIONES SOBRE RETINA, COROIDES, CUERPO VÍTREO Y CÁMARA POSTERIOR DEL OJO",Q,,,,SI
1434,14.34,REPARACIÓN DE DESGARRO RETINAL POR FOTOCOAGULACIÓN POR LASER,4,14,"OPERACIONES SOBRE RETINA, COROIDES, CUERPO VÍTREO Y CÁMARA POSTERIOR DEL OJO",Q,,,,SI
1435,14.35,REPARACIÓN DE DESGARRO RETINAL POR FOTOCOAGULACIÓN DE TIPO NO ESPECIFICADO,4,14,"OPERACIONES SOBRE RETINA, COROIDES, CUERPO VÍTREO Y CÁMARA POSTERIOR DEL OJO",Q,,,,SI
1439,14.39,OTRA REPARACIÓN DE DESGARRO RETINAL,4,14,"OPERACIONES SOBRE RETINA, COROIDES, CUERPO VÍTREO Y CÁMARA POSTERIOR DEL OJO",Q,,,,SI
144,14.4,REPARACIÓN DE DESPRENDIMIENTO RETINAL CON INDENTACIÓN ESCLERAL E IMPLANTACIÓN,3,14,"OPERACIONES SOBRE RETINA, COROIDES, CUERPO VÍTREO Y CÁMARA POSTERIOR DEL OJO",,,,,NO
1441,14.41,INDENTACIÓN ESCLERAL CON IMPLANTACIÓN,4,14,"OPERACIONES SOBRE RETINA, COROIDES, CUERPO VÍTREO Y CÁMARA POSTERIOR DEL OJO",Q,,,,SI
1449,14.49,OTRA INDENTACIÓN ESCLERAL,4,14,"OPERACIONES SOBRE RETINA, COROIDES, CUERPO VÍTREO Y CÁMARA POSTERIOR DEL OJO",Q,,,,SI
145,14.5,OTRA REPARACIÓN DE DESPRENDIMIENTO RETINAL,3,14,"OPERACIONES SOBRE RETINA, COROIDES, CUERPO VÍTREO Y CÁMARA POSTERIOR DEL OJO",,,,,NO
1451,14.51,REPARACIÓN DE DESPRENDIMIENTO RETINAL CON DIATERMIA,4,14,"OPERACIONES SOBRE RETINA, COROIDES, CUERPO VÍTREO Y CÁMARA POSTERIOR DEL OJO",Q,,,,SI
1452,14.52,REPARACIÓN DE DESPRENDIMIENTO RETINAL CON CRIOTERAPIA,4,14,"OPERACIONES SOBRE RETINA, COROIDES, CUERPO VÍTREO Y CÁMARA POSTERIOR DEL OJO",Q,,,,SI
1453,14.53,REPARACIÓN DE DESPRENDIMIENTO RETINAL CON FOTOCOAGULACIÓN POR ARCO DE XENÓN,4,14,"OPERACIONES SOBRE RETINA, COROIDES, CUERPO VÍTREO Y CÁMARA POSTERIOR DEL OJO",Q,,,,SI
1454,14.54,REPARACIÓN DE DESPRENDIMIENTO RETINAL CON FOTOCOAGULACIÓN CON LASER,4,14,"OPERACIONES SOBRE RETINA, COROIDES, CUERPO VÍTREO Y CÁMARA POSTERIOR DEL OJO",Q,,,,SI
1455,14.55,REPARACIÓN DE DESPRENDIMIENTO RETINAL CON FOTOCOAGULACIÓN DE TIPO NO ESPECIFICADO,4,14,"OPERACIONES SOBRE RETINA, COROIDES, CUERPO VÍTREO Y CÁMARA POSTERIOR DEL OJO",Q,,,,SI
1459,14.59,OTRA REPARACIÓN DE DESPRENDIMIENTO RETINAL,4,14,"OPERACIONES SOBRE RETINA, COROIDES, CUERPO VÍTREO Y CÁMARA POSTERIOR DEL OJO",Q,,,,SI
146,14.6,EXTRACCIÓN DE MATERIAL QUIRÚRGICAMENTE IMPLANTADO DEL SEGMENTO POSTERIOR DEL OJO,3,14,"OPERACIONES SOBRE RETINA, COROIDES, CUERPO VÍTREO Y CÁMARA POSTERIOR DEL OJO",,,,,NO
146X,14.6X,EXTRACCIÓN DE MATERIAL QUIRÚRGICAMENTE IMPLANTADO DEL SEGMENTO POSTERIOR DEL OJO,4,14,"OPERACIONES SOBRE RETINA, COROIDES, CUERPO VÍTREO Y CÁMARA POSTERIOR DEL OJO",Q,,,,SI
147,14.7,OPERACIONES SOBRE EL CUERPO VÍTREO,3,14,"OPERACIONES SOBRE RETINA, COROIDES, CUERPO VÍTREO Y CÁMARA POSTERIOR DEL OJO",,,,,NO
1471,14.71,"EXTRACCIÓN DE CUERPO VÍTREO, ACCESO ANTERIOR",4,14,"OPERACIONES SOBRE RETINA, COROIDES, CUERPO VÍTREO Y CÁMARA POSTERIOR DEL OJO",Q,,,,SI
1472,14.72,OTRA EXTRACCIÓN DEL CUERPO VÍTREO,4,14,"OPERACIONES SOBRE RETINA, COROIDES, CUERPO VÍTREO Y CÁMARA POSTERIOR DEL OJO",Q,,,,SI
1473,14.73,VITRECTOMÍA MECÁNICA POR ACCESO ANTERIOR,4,14,"OPERACIONES SOBRE RETINA, COROIDES, CUERPO VÍTREO Y CÁMARA POSTERIOR DEL OJO",Q,,,,SI
1474,14.74,OTRA VITRECTOMÍA MECÁNICA,4,14,"OPERACIONES SOBRE RETINA, COROIDES, CUERPO VÍTREO Y CÁMARA POSTERIOR DEL OJO",Q,,,,SI
1475,14.75,INYECCIÓN DE SUSTITUTO VÍTREO,4,14,"OPERACIONES SOBRE RETINA, COROIDES, CUERPO VÍTREO Y CÁMARA POSTERIOR DEL OJO",Q,,,,SI
1479,14.79,OTRAS OPERACIONES SOBRE EL CUERPO VÍTREO,4,14,"OPERACIONES SOBRE RETINA, COROIDES, CUERPO VÍTREO Y CÁMARA POSTERIOR DEL OJO",Q,,,,SI
149,14.9,"OTRAS OPERACIONES SOBRE RETINA, COROIDES Y CÁMARA POSTERIOR DEL OJO",3,14,"OPERACIONES SOBRE RETINA, COROIDES, CUERPO VÍTREO Y CÁMARA POSTERIOR DEL OJO",,,,,NO
149X,14.9X,"OTRAS OPERACIONES SOBRE RETINA, COROIDES Y CÁMARA POSTERIOR DEL OJO",4,14,"OPERACIONES SOBRE RETINA, COROIDES, CUERPO VÍTREO Y CÁMARA POSTERIOR DEL OJO",Q,,,,SI
15,15,OPERACIONES SOBRE MÚSCULOS EXTRAOCULARES,2,15,OPERACIONES SOBRE MÚSCULOS EXTRAOCULARES,,,,,NO
150,15.0,PROCEDIMIENTOS DIAGNÓSTICOS SOBRE MÚSCULOS O TENDONES EXTRAOCULARES,3,15,OPERACIONES SOBRE MÚSCULOS EXTRAOCULARES,,,,,NO
1501,15.01,BIOPSIA DE MÚSCULO O TENDÓN EXTRAOCULAR,4,15,OPERACIONES SOBRE MÚSCULOS EXTRAOCULARES,D,,,,SI
1509,15.09,OTROS PROCEDIMIENTOS DIAGNÓSTICOS SOBRE MÚSCULOS Y TENDONES EXTRAOCULARES,4,15,OPERACIONES SOBRE MÚSCULOS EXTRAOCULARES,D,,,,SI
151,15.1,OPERACIONES SOBRE UN MÚSCULO EXTRAOCULAR CON DESPRENDIMIENTO TEMPORAL DEL GLOBO,3,15,OPERACIONES SOBRE MÚSCULOS EXTRAOCULARES,,,,,NO
1511,15.11,RECESIÓN DE UN MÚSCULO EXTRAOCULAR,4,15,OPERACIONES SOBRE MÚSCULOS EXTRAOCULARES,Q,,,,SI
1512,15.12,AVANCE DE MÚSCULO EXTRAOCULAR,4,15,OPERACIONES SOBRE MÚSCULOS EXTRAOCULARES,Q,,,,SI
1513,15.13,RESECCIÓN DE UN MÚSCULO EXTRAOCULAR,4,15,OPERACIONES SOBRE MÚSCULOS EXTRAOCULARES,Q,,,,SI
1519,15.19,OTRAS OPERACIONES SOBRE UN MÚSCULO EXTRAOCULAR CON DESPRENDIMIENTO TEMPORAL DEL GLOBO OCULAR,4,15,OPERACIONES SOBRE MÚSCULOS EXTRAOCULARES,Q,,,,SI
152,15.2,OTRAS OPERACIONES SOBRE UN MÚSCULO EXTRAOCULAR,3,15,OPERACIONES SOBRE MÚSCULOS EXTRAOCULARES,,,,,NO
1521,15.21,PROCEDIMIENTO DE ALARGAMIENTO SOBRE UN MÚSCULO EXTRAOCULAR,4,15,OPERACIONES SOBRE MÚSCULOS EXTRAOCULARES,Q,,,,SI
1522,15.22,PROCEDIMIENTO DE ACORTAMIENTO SOBRE UN MÚSCULO EXTRAOCULAR,4,15,OPERACIONES SOBRE MÚSCULOS EXTRAOCULARES,Q,,,,SI
1529,15.29,OTRA OPERACIÓN SOBRE UN MÚSCULO EXTRAOCULAR,4,15,OPERACIONES SOBRE MÚSCULOS EXTRAOCULARES,Q,,,,SI
153,15.3,"OPERACIONES SOBRE DOS O MÁS MÚSCULOS EXTRAOCULARES CON DESPRENDIMIENTO TEMPORAL DEL GLOBO OCULAR, UNO O AMBOS OJOS",3,15,OPERACIONES SOBRE MÚSCULOS EXTRAOCULARES,,,,,NO
153X,15.3X,"OPERACIONES SOBRE DOS O MÁS MÚSCULOS EXTRAOCULARES CON DESPRENDIMIENTO TEMPORAL DEL GLOBO OCULAR, UNO U AMBOS OJOS",4,15,OPERACIONES SOBRE MÚSCULOS EXTRAOCULARES,Q,,,,SI
154,15.4,"OTRAS OPERACIONES SOBRE DOS O MÁS MÚSCULOS EXTRAOCULARES, UNO O AMBOS OJOS",3,15,OPERACIONES SOBRE MÚSCULOS EXTRAOCULARES,,,,,NO
154X,15.4X,"OTRAS OPERACIONES SOBRE DOS O MÁS MÚSCULOS EXTRAOCULARES, UNO U AMBOS OJOS",4,15,OPERACIONES SOBRE MÚSCULOS EXTRAOCULARES,Q,,,,SI
155,15.5,TRANSPOSICIÓN DE MÚSCULOS EXTRAOCULARES,3,15,OPERACIONES SOBRE MÚSCULOS EXTRAOCULARES,,,,,NO
155X,15.5X,TRANSPOSICIÓN DE MÚSCULOS EXTRAOCULARES,4,15,OPERACIONES SOBRE MÚSCULOS EXTRAOCULARES,Q,,,,SI
156,15.6,REVISIÓN DE INTERVENCIÓN QUIRÚRGICA SOBRE MÚSCULO EXTRAOCULAR,3,15,OPERACIONES SOBRE MÚSCULOS EXTRAOCULARES,,,,,NO
156X,15.6X,REVISIÓN DE INTERVENCIÓN QUIRÚRGICA SOBRE MÚSCULO EXTRAOCULAR,4,15,OPERACIONES SOBRE MÚSCULOS EXTRAOCULARES,Q,,,,SI
157,15.7,REPARACIÓN DE LESIÓN DE MÚSCULO EXTRAOCULAR,3,15,OPERACIONES SOBRE MÚSCULOS EXTRAOCULARES,,,,,NO
157X,15.7X,REPARACIÓN DE LESIÓN DE MÚSCULO EXTRAOCULAR,4,15,OPERACIONES SOBRE MÚSCULOS EXTRAOCULARES,Q,,,,SI
159,15.9,OTRAS OPERACIONES SOBRE MÚSCULOS Y TENDONES EXTRAOCULARES,3,15,OPERACIONES SOBRE MÚSCULOS EXTRAOCULARES,,,,,NO
159X,15.9X,OTRAS OPERACIONES SOBRE MÚSCULOS Y TENDONES EXTRAOCULARES,4,15,OPERACIONES SOBRE MÚSCULOS EXTRAOCULARES,Q,,,,SI
16,16,OPERACIONES SOBRE ÓRBITA Y GLOBO OCULAR,2,16,OPERACIONES SOBRE ÓRBITA Y GLOBO OCULAR,,,,,NO
160,16.0,ORBITOTOMÍA,3,16,OPERACIONES SOBRE ÓRBITA Y GLOBO OCULAR,,,,,NO
1601,16.01,ORBITOTOMÍA CON COLGAJO ÓSEO,4,16,OPERACIONES SOBRE ÓRBITA Y GLOBO OCULAR,Q,,,,SI
1602,16.02,ORBITOTOMÍA CON INSERCIÓN DE IMPLANTACIÓN ORBITAL,4,16,OPERACIONES SOBRE ÓRBITA Y GLOBO OCULAR,Q,,,,SI
1609,16.09,OTRA ORBITOTOMÍA,4,16,OPERACIONES SOBRE ÓRBITA Y GLOBO OCULAR,Q,,,,SI
161,16.1,"EXTRACCIÓN DEL OJO DE CUERPO EXTRAÑO PENETRANTE, NO ESPECIFICADA DE OTRA MANERA",3,16,OPERACIONES SOBRE ÓRBITA Y GLOBO OCULAR,,,,,NO
161X,16.1X,"EXTRACCIÓN DEL OJO DE CUERPO EXTRAÑO PENETRANTE, NO ESPECIFICADA DE OTRA MANERA",4,16,OPERACIONES SOBRE ÓRBITA Y GLOBO OCULAR,Q,,,,SI
162,16.2,PROCEDIMIENTOS DIAGNÓSTICOS SOBRE ÓRBITA Y GLOBO OCULAR,3,16,OPERACIONES SOBRE ÓRBITA Y GLOBO OCULAR,,,,,NO
1621,16.21,OFTALMOSCOPIA,4,16,OPERACIONES SOBRE ÓRBITA Y GLOBO OCULAR,D,,,,SI
1622,16.22,ASPIRACIÓN DIAGNÓSTICA DE ÓRBITA,4,16,OPERACIONES SOBRE ÓRBITA Y GLOBO OCULAR,D,,,,SI
1623,16.23,BIOPSIA DE GLOBO OCULAR Y ÓRBITA,4,16,OPERACIONES SOBRE ÓRBITA Y GLOBO OCULAR,D,,,,SI
1629,16.29,OTROS PROCEDIMIENTOS DIAGNÓSTICOS SOBRE ÓRBITA Y GLOBO OCULAR,4,16,OPERACIONES SOBRE ÓRBITA Y GLOBO OCULAR,D,,,,SI
163,16.3,EVISCERACIÓN DE GLOBO OCULAR,3,16,OPERACIONES SOBRE ÓRBITA Y GLOBO OCULAR,,,,,NO
1631,16.31,EXTRACCIÓN DEL CONTENIDO DEL OJO CON IMPLANTACIÓN SIMULTÁNEA DE LA ESCLERÓTICA,4,16,OPERACIONES SOBRE ÓRBITA Y GLOBO OCULAR,Q,,,,SI
1639,16.39,OTRA EVISCERACIÓN DEL GLOBO OCULAR,4,16,OPERACIONES SOBRE ÓRBITA Y GLOBO OCULAR,Q,,,,SI
164,16.4,ENUCLEACIÓN DEL GLOBO OCULAR,3,16,OPERACIONES SOBRE ÓRBITA Y GLOBO OCULAR,,,,,NO
1641,16.41,ENUCLEACIÓN DEL GLOBO OCULAR CON IMPLANTACIÓN SIMULTÁNEA DENTRO DE LA CÁPSULA DE TENON CON ADHESIÓN DE MÚSCULOS,4,16,OPERACIONES SOBRE ÓRBITA Y GLOBO OCULAR,Q,,,,SI
1642,16.42,ENUCLEACIÓN DEL GLOBO OCULAR CON OTRA IMPLANTACIÓN SIMULTÁNEA,4,16,OPERACIONES SOBRE ÓRBITA Y GLOBO OCULAR,Q,,,,SI
1649,16.49,OTRA ENUCLEACIÓN DEL GLOBO OCULAR,4,16,OPERACIONES SOBRE ÓRBITA Y GLOBO OCULAR,Q,,,,SI
165,16.5,EXANTERACIÓN DEL CONTENIDO DE LA ÓRBITA,3,16,OPERACIONES SOBRE ÓRBITA Y GLOBO OCULAR,,,,,NO
1651,16.51,EXENTERACIÓN DE LA ÓRBITA CON EXTIRPACIÓN DE ESTRUCTURAS ADYACENTES,4,16,OPERACIONES SOBRE ÓRBITA Y GLOBO OCULAR,Q,,,,SI
1652,16.52,EXENTERACIÓN DE ÓRBITA CON EXTRACCIÓN TERAPÉUTICA DE HUESO ORBITAL,4,16,OPERACIONES SOBRE ÓRBITA Y GLOBO OCULAR,Q,,,,SI
1659,16.59,OTRO EXCENTERACIÓN DE LA ÓRBITA,4,16,OPERACIONES SOBRE ÓRBITA Y GLOBO OCULAR,Q,,,,SI
166,16.6,PROCEDIMIENTOS SECUNDARIOS DESPUÉS DE EXTIRPACIÓN DE GLOBO OCULAR,3,16,OPERACIONES SOBRE ÓRBITA Y GLOBO OCULAR,,,,,NO
1661,16.61,INSERCIÓN SECUNDARIA DE IMPLANTACIÓN OCULAR,4,16,OPERACIONES SOBRE ÓRBITA Y GLOBO OCULAR,Q,,,,SI
1662,16.62,REVISIÓN Y REINSERCIÓN DE IMPLANTACIÓN OCULAR,4,16,OPERACIONES SOBRE ÓRBITA Y GLOBO OCULAR,Q,,,,SI
1663,16.63,REVISIÓN DE CAVIDAD DE ENUCLEACIÓN CON INJERTO,4,16,OPERACIONES SOBRE ÓRBITA Y GLOBO OCULAR,Q,,,,SI
1664,16.64,OTRA REVISIÓN DE CAVIDAD DE ENUCLEACIÓN,4,16,OPERACIONES SOBRE ÓRBITA Y GLOBO OCULAR,Q,,,,SI
1665,16.65,INJERTO SECUNDARIO A LA CAVIDAD DE EXANTERACIÓN,4,16,OPERACIONES SOBRE ÓRBITA Y GLOBO OCULAR,Q,,,,SI
1666,16.66,OTRA REVISIÓN DE LA CAVIDAD DE EXANTERACIÓN,4,16,OPERACIONES SOBRE ÓRBITA Y GLOBO OCULAR,Q,,,,SI
1669,16.69,OTROS PROCEDIMIENTOS SECUNDARIOS DESPUÉS DE EXTIRPACIÓN DE GLOBO OCULAR,4,16,OPERACIONES SOBRE ÓRBITA Y GLOBO OCULAR,Q,,,,SI
167,16.7,ELIMINACIÓN DE IMPLANTACIÓN OCULAR U ORBITAL,3,16,OPERACIONES SOBRE ÓRBITA Y GLOBO OCULAR,,,,,NO
1671,16.71,EXTRACCIÓN DE IMPLANTACIÓN OCULAR,4,16,OPERACIONES SOBRE ÓRBITA Y GLOBO OCULAR,Q,,,,SI
1672,16.72,EXTRACCIÓN DE IMPLANTACIÓN ORBITAL,4,16,OPERACIONES SOBRE ÓRBITA Y GLOBO OCULAR,Q,,,,SI
168,16.8,REPARACIÓN DE LESIÓN DE GLOBO OCULAR Y DE ÓRBITA,3,16,OPERACIONES SOBRE ÓRBITA Y GLOBO OCULAR,,,,,NO
1681,16.81,REPARACIÓN DE HERIDA DE ÓRBITA,4,16,OPERACIONES SOBRE ÓRBITA Y GLOBO OCULAR,Q,,,,SI
1682,16.82,REPARACIÓN DE RUPTURA DE GLOBO OCULAR,4,16,OPERACIONES SOBRE ÓRBITA Y GLOBO OCULAR,Q,,,,SI
1689,16.89,OTRA REPARACIÓN DE LESIÓN DE GLOBO OCULAR O DE ÓRBITA,4,16,OPERACIONES SOBRE ÓRBITA Y GLOBO OCULAR,Q,,,,SI
169,16.9,OTRAS OPERACIONES SOBRE ÓRBITA Y GLOBO OCULAR,3,16,OPERACIONES SOBRE ÓRBITA Y GLOBO OCULAR,,,,,NO
1691,16.91,INYECCIÓN RETROBULBAR DE AGENTE TERAPÉUTICO,4,16,OPERACIONES SOBRE ÓRBITA Y GLOBO OCULAR,Q,,,,SI
1692,16.92,EXCISIÓN DE LESIÓN DE ÓRBITA,4,16,OPERACIONES SOBRE ÓRBITA Y GLOBO OCULAR,Q,,,,SI
1693,16.93,"EXCISIÓN DE LESIÓN DE OJO, ESTRUCTURA NO ESPECIFICADA",4,16,OPERACIONES SOBRE ÓRBITA Y GLOBO OCULAR,Q,,,,SI
1698,16.98,OTRAS OPERACIONES SOBRE ÓRBITA,4,16,OPERACIONES SOBRE ÓRBITA Y GLOBO OCULAR,Q,,,,SI
1699,16.99,OTRAS OPERACIONES SOBRE GLOBO OCULAR,4,16,OPERACIONES SOBRE ÓRBITA Y GLOBO OCULAR,Q,,,,SI
00,00,OPERACIONES SOBRE EL OÍDO (18 - 20),2,00,PROCEDIMIENTOS DIAGNÓSTICOS Y TERAPÉUTICOS MISCELÁNEOS (87 - 99),,,,,NO
18,18,OPERACIONES SOBRE EL OÍDO EXTERNO,2,18,OPERACIONES SOBRE EL OÍDO EXTERNO,,,,,NO
180,18.0,INCISIÓN DEL OÍDO EXTERNO,3,18,OPERACIONES SOBRE EL OÍDO EXTERNO,,,,,NO
1801,18.01,PERFORACIÓN DE LÓBULO DEL OÍDO EXTERNO,4,18,OPERACIONES SOBRE EL OÍDO EXTERNO,Q,,,,SI
1802,18.02,INCISIÓN DEL OÍDO EXTERNO,4,18,OPERACIONES SOBRE EL OÍDO EXTERNO,Q,,,,SI
1809,18.09,OTRA INCISIÓN DEL OÍDO EXTERNO,4,18,OPERACIONES SOBRE EL OÍDO EXTERNO,Q,,,,SI
181,18.1,PROCEDIMIENTOS DIAGNÓSTICOS SOBRE EL OÍDO EXTERNO,3,18,OPERACIONES SOBRE EL OÍDO EXTERNO,,,,,NO
1811,18.11,OTOSCOPIA,4,18,OPERACIONES SOBRE EL OÍDO EXTERNO,D,,,,SI
1812,18.12,BIOPSIA DE OÍDO EXTERNO,4,18,OPERACIONES SOBRE EL OÍDO EXTERNO,D,,,,SI
1819,18.19,OTROS PROCEDIMIENTOS DIAGNÓSTICOS SOBRE EL OÍDO EXTERNO,4,18,OPERACIONES SOBRE EL OÍDO EXTERNO,D,,,,SI
182,18.2,EXCISIÓN O RESECCIÓN DE LESIÓN DE OÍDO EXTERNO,3,18,OPERACIONES SOBRE EL OÍDO EXTERNO,,,,,NO
1821,18.21,EXCISIÓN DE FÍSTULA PREAURICULAR,4,18,OPERACIONES SOBRE EL OÍDO EXTERNO,Q,,,,SI
1829,18.29,EXCISIÓN O RESECCIÓN DE OTRA LESIÓN DEL OÍDO EXTERNO,4,18,OPERACIONES SOBRE EL OÍDO EXTERNO,Q,,,,SI
183,18.3,OTRA EXCISIÓN DEL OÍDO EXTERNO,3,18,OPERACIONES SOBRE EL OÍDO EXTERNO,,,,,NO
1831,18.31,EXCISIÓN RADICAL DE LESIÓN DEL OÍDO EXTERNO,4,18,OPERACIONES SOBRE EL OÍDO EXTERNO,Q,,,,SI
1839,18.39,OTRA EXCISIÓN DEL OÍDO EXTERNO,4,18,OPERACIONES SOBRE EL OÍDO EXTERNO,Q,,,,SI
184,18.4,SUTURA DE LACERACIÓN DE OÍDO EXTERNO,3,18,OPERACIONES SOBRE EL OÍDO EXTERNO,,,,,NO
184X,18.4X,SUTURA DE LACERACIÓN DE OÍDO EXTERNO,4,18,OPERACIONES SOBRE EL OÍDO EXTERNO,Q,,,,SI
185,18.5,CORRECCIÓN QUIRÚRGICA DE PABELLÓN AURICULAR PROMINENTE,3,18,OPERACIONES SOBRE EL OÍDO EXTERNO,,,,,NO
185X,18.5X,CORRECCIÓN QUIRÚRGICA DE PABELLÓN AURICULAR PROMINENTE,4,18,OPERACIONES SOBRE EL OÍDO EXTERNO,Q,,,,SI
186,18.6,RECONSTRUCCIÓN DE CONDUCTO AUDITIVO EXTERNO,3,18,OPERACIONES SOBRE EL OÍDO EXTERNO,,,,,NO
186X,18.6X,RECONSTRUCCIÓN DE CONDUCTO AUDITIVO EXTERNO,4,18,OPERACIONES SOBRE EL OÍDO EXTERNO,Q,,,,SI
187,18.7,OTRA REPARACIÓN DEL OÍDO EXTERNO,3,18,OPERACIONES SOBRE EL OÍDO EXTERNO,,,,,NO
1871,18.71,RECONSTRUCCIÓN DEL PABELLÓN DEL OÍDO,4,18,OPERACIONES SOBRE EL OÍDO EXTERNO,Q,,,,SI
1872,18.72,REPOSICIÓN DE OREJA AMPUTADA,4,18,OPERACIONES SOBRE EL OÍDO EXTERNO,Q,,,,SI
1879,18.79,OTRA REPARACIÓN PLÁSTICA DE OÍDO EXTERNO,4,18,OPERACIONES SOBRE EL OÍDO EXTERNO,Q,,,,SI
189,18.9,OTRAS OPERACIONES SOBRE EL OÍDO EXTERNO,3,18,OPERACIONES SOBRE EL OÍDO EXTERNO,,,,,NO
189X,18.9X,OTRAS OPERACIONES SOBRE EL OÍDO EXTERNO,4,18,OPERACIONES SOBRE EL OÍDO EXTERNO,Q,,,,SI
19,19,OPERACIONES RECONSTRUCTIVAS SOBRE OÍDO MEDIO,2,19,OPERACIONES RECONSTRUCTIVAS SOBRE OÍDO MEDIO,,,,,NO
190,19.0,MOVILIZACIÓN DEL ESTRIBO,3,19,OPERACIONES RECONSTRUCTIVAS SOBRE OÍDO MEDIO,,,,,NO
190X,19.0X,MOVILIZACIÓN DEL ESTRIBO,4,19,OPERACIONES RECONSTRUCTIVAS SOBRE OÍDO MEDIO,Q,,,,SI
191,19.1,ESTAPEDECTOMÍA,3,19,OPERACIONES RECONSTRUCTIVAS SOBRE OÍDO MEDIO,,,,,NO
1911,19.11,ESTAPEDECTOMÍA CON SUSTITUCIÓN DE YUNQUE,4,19,OPERACIONES RECONSTRUCTIVAS SOBRE OÍDO MEDIO,Q,,,,SI
1919,19.19,OTRA ESTAPEDECTOMÍA,4,19,OPERACIONES RECONSTRUCTIVAS SOBRE OÍDO MEDIO,Q,,,,SI
192,19.2,REVISIÓN DE ESTAPEDECTOMÍA,3,19,OPERACIONES RECONSTRUCTIVAS SOBRE OÍDO MEDIO,,,,,NO
1921,19.21,REVISIÓN DE ESTAPEDECTOMÍA CON SUSTITUCIÓN DE YUNQUE,4,19,OPERACIONES RECONSTRUCTIVAS SOBRE OÍDO MEDIO,Q,,,,SI
1929,19.29,OTRA REVISIÓN DE ESTAPEDECTOMÍA,4,19,OPERACIONES RECONSTRUCTIVAS SOBRE OÍDO MEDIO,Q,,,,SI
193,19.3,OTRAS OPERACIONES SOBRE LA CADENA OSICULAR,3,19,OPERACIONES RECONSTRUCTIVAS SOBRE OÍDO MEDIO,,,,,NO
193X,19.3X,OTRAS OPERACIONES SOBRE LA CADENA OSICULAR,4,19,OPERACIONES RECONSTRUCTIVAS SOBRE OÍDO MEDIO,Q,,,,SI
194,19.4,MIRINGOPLASTIA,3,19,OPERACIONES RECONSTRUCTIVAS SOBRE OÍDO MEDIO,,,,,NO
194X,19.4X,MIRINGOPLASTIA,4,19,OPERACIONES RECONSTRUCTIVAS SOBRE OÍDO MEDIO,Q,,,,SI
195,19.5,OTRA TIMPANOPLASTIA,3,19,OPERACIONES RECONSTRUCTIVAS SOBRE OÍDO MEDIO,,,,,NO
1952,19.52,TIMPANOPLASTIA TIPO II,4,19,OPERACIONES RECONSTRUCTIVAS SOBRE OÍDO MEDIO,Q,,,,SI
1953,19.53,TIMPANOPLASTIA TIPO III,4,19,OPERACIONES RECONSTRUCTIVAS SOBRE OÍDO MEDIO,Q,,,,SI
1954,19.54,TIMPANOPLASTIA TIPO IV,4,19,OPERACIONES RECONSTRUCTIVAS SOBRE OÍDO MEDIO,Q,,,,SI
1955,19.55,TIMPANOPLASTIA TIPO V,4,19,OPERACIONES RECONSTRUCTIVAS SOBRE OÍDO MEDIO,Q,,,,SI
196,19.6,REVISIÓN DE TIMPANOPLASTIA,3,19,OPERACIONES RECONSTRUCTIVAS SOBRE OÍDO MEDIO,,,,,NO
196X,19.6X,REVISIÓN DE TIMPANOPLASTIA,4,19,OPERACIONES RECONSTRUCTIVAS SOBRE OÍDO MEDIO,Q,,,,SI
199,19.9,OTRA REPARACIÓN DEL OÍDO MEDIO,3,19,OPERACIONES RECONSTRUCTIVAS SOBRE OÍDO MEDIO,,,,,NO
199X,19.9X,OTRA REPARACIÓN DEL OÍDO MEDIO,4,19,OPERACIONES RECONSTRUCTIVAS SOBRE OÍDO MEDIO,Q,,,,SI
20,20,OTRAS OPERACIONES SOBRE EL OÍDO MEDIO Y EL OÍDO INTERNO,2,20,OTRAS OPERACIONES SOBRE EL OÍDO MEDIO Y EL OÍDO INTERNO,,,,,NO
200,20.0,MIRINGOTOMÍA,3,20,OTRAS OPERACIONES SOBRE EL OÍDO MEDIO Y EL OÍDO INTERNO,,,,,NO
2001,20.01,MIRINGOTOMÍA CON INSERCIÓN DE TUBO,4,20,OTRAS OPERACIONES SOBRE EL OÍDO MEDIO Y EL OÍDO INTERNO,Q,,,,SI
2009,20.09,OTRA MIRINGOTOMÍA,4,20,OTRAS OPERACIONES SOBRE EL OÍDO MEDIO Y EL OÍDO INTERNO,Q,,,,SI
201,20.1,EXTRACCIÓN DE TUBO DE MIRINGOTOMÍA,3,20,OTRAS OPERACIONES SOBRE EL OÍDO MEDIO Y EL OÍDO INTERNO,,,,,NO
201X,20.1X,EXTRACCIÓN DE TUBO DE MIRINGOTOMÍA,4,20,OTRAS OPERACIONES SOBRE EL OÍDO MEDIO Y EL OÍDO INTERNO,Q,,,,SI
202,20.2,INCISIÓN DE MASTOIDES Y OÍDO MEDIO,3,20,OTRAS OPERACIONES SOBRE EL OÍDO MEDIO Y EL OÍDO INTERNO,,,,,NO
2021,20.21,INCISIÓN DE MASTOIDES,4,20,OTRAS OPERACIONES SOBRE EL OÍDO MEDIO Y EL OÍDO INTERNO,Q,,,,SI
2022,20.22,INCISIÓN DE CÉLULAS AÉREAS DE LA PIRÁMIDE PETROSA,4,20,OTRAS OPERACIONES SOBRE EL OÍDO MEDIO Y EL OÍDO INTERNO,Q,,,,SI
2023,20.23,INCISIÓN DEL OÍDO MEDIO,4,20,OTRAS OPERACIONES SOBRE EL OÍDO MEDIO Y EL OÍDO INTERNO,Q,,,,SI
203,20.3,PROCEDIMIENTOS DIAGNÓSTICOS SOBRE EL OÍDO MEDIO Y EL OÍDO INTERNO,3,20,OTRAS OPERACIONES SOBRE EL OÍDO MEDIO Y EL OÍDO INTERNO,,,,,NO
2031,20.31,ELECTROCOCLEOGRAFÍA,4,20,OTRAS OPERACIONES SOBRE EL OÍDO MEDIO Y EL OÍDO INTERNO,D,,,,SI
2032,20.32,BIOPSIA DE OÍDO MEDIO E INTERNO,4,20,OTRAS OPERACIONES SOBRE EL OÍDO MEDIO Y EL OÍDO INTERNO,D,,,,SI
2039,20.39,OTROS PROCEDIMIENTOS DIAGNÓSTICOS SOBRE EL OÍDO MEDIO Y EL OÍDO INTERNO,4,20,OTRAS OPERACIONES SOBRE EL OÍDO MEDIO Y EL OÍDO INTERNO,D,,,,SI
204,20.4,MASTOIDECTOMÍA,3,20,OTRAS OPERACIONES SOBRE EL OÍDO MEDIO Y EL OÍDO INTERNO,,,,,NO
2041,20.41,MASTOIDECTOMÍA SIMPLE,4,20,OTRAS OPERACIONES SOBRE EL OÍDO MEDIO Y EL OÍDO INTERNO,Q,,,,SI
2042,20.42,MASTOIDECTOMÍA RADICAL,4,20,OTRAS OPERACIONES SOBRE EL OÍDO MEDIO Y EL OÍDO INTERNO,Q,,,,SI
2049,20.49,OTRA MASTOIDECTOMÍA,4,20,OTRAS OPERACIONES SOBRE EL OÍDO MEDIO Y EL OÍDO INTERNO,Q,,,,SI
205,20.5,OTRA EXCISIÓN DEL OÍDO MEDIO,3,20,OTRAS OPERACIONES SOBRE EL OÍDO MEDIO Y EL OÍDO INTERNO,,,,,NO
2051,20.51,EXCISIÓN DE LESIÓN DE OÍDO MEDIO,4,20,OTRAS OPERACIONES SOBRE EL OÍDO MEDIO Y EL OÍDO INTERNO,Q,,,,SI
2059,20.59,OTRA EXCISIÓN DEL OÍDO MEDIO,4,20,OTRAS OPERACIONES SOBRE EL OÍDO MEDIO Y EL OÍDO INTERNO,Q,,,,SI
206,20.6,FENESTRACIÓN DEL OÍDO INTERNO,3,20,OTRAS OPERACIONES SOBRE EL OÍDO MEDIO Y EL OÍDO INTERNO,,,,,NO
2061,20.61,FENESTRACIÓN DEL OÍDO INTERNO (INICIAL),4,20,OTRAS OPERACIONES SOBRE EL OÍDO MEDIO Y EL OÍDO INTERNO,Q,,,,SI
2062,20.62,REVISIÓN DE FENESTRACIÓN DEL OÍDO INTERNO,4,20,OTRAS OPERACIONES SOBRE EL OÍDO MEDIO Y EL OÍDO INTERNO,Q,,,,SI
207,20.7,"INCISIÓN, EXCISIÓN Y DESTRUCCIÓN DEL OÍDO INTERNO",3,20,OTRAS OPERACIONES SOBRE EL OÍDO MEDIO Y EL OÍDO INTERNO,,,,,NO
2071,20.71,DRENAJE ENDOLINFÁTICO,4,20,OTRAS OPERACIONES SOBRE EL OÍDO MEDIO Y EL OÍDO INTERNO,Q,,,,SI
2072,20.72,INYECCIÓN EN OÍDO INTERNO,4,20,OTRAS OPERACIONES SOBRE EL OÍDO MEDIO Y EL OÍDO INTERNO,Q,,,,SI
2079,20.79,"OTRA INCISIÓN, EXCISIÓN Y DESTRUCCIÓN DEL OÍDO INTERNO",4,20,OTRAS OPERACIONES SOBRE EL OÍDO MEDIO Y EL OÍDO INTERNO,Q,,,,SI
208,20.8,OPERACIONES SOBRE LA TROMPA DE EUSTAQUIO,3,20,OTRAS OPERACIONES SOBRE EL OÍDO MEDIO Y EL OÍDO INTERNO,,,,,NO
208X,20.8X,OPERACIONES SOBRE LA TROMPA DE EUSTAQUIO,4,20,OTRAS OPERACIONES SOBRE EL OÍDO MEDIO Y EL OÍDO INTERNO,Q,,,,SI
209,20.9,OTRAS OPERACIONES SOBRE EL OÍDO INTERNO Y EL OÍDO MEDIO,3,20,OTRAS OPERACIONES SOBRE EL OÍDO MEDIO Y EL OÍDO INTERNO,,,,,NO
2091,20.91,TIMPANOSIMPATECTOMÍA,4,20,OTRAS OPERACIONES SOBRE EL OÍDO MEDIO Y EL OÍDO INTERNO,Q,,,,SI
2092,20.92,REVISIÓN DE MASTOIDECTOMÍA,4,20,OTRAS OPERACIONES SOBRE EL OÍDO MEDIO Y EL OÍDO INTERNO,Q,,,,SI
2093,20.93,REPARACIÓN DE LAS VENTANAS OVAL Y REDONDA,4,20,OTRAS OPERACIONES SOBRE EL OÍDO MEDIO Y EL OÍDO INTERNO,Q,,,,SI
2094,20.94,INYECCIÓN DE TÍMPANO,4,20,OTRAS OPERACIONES SOBRE EL OÍDO MEDIO Y EL OÍDO INTERNO,Q,,,,SI
2095,20.95,IMPLANTACIÓN DE PRÓTESIS AUDITIVA ELECTROMAGNÉTICA,4,20,OTRAS OPERACIONES SOBRE EL OÍDO MEDIO Y EL OÍDO INTERNO,Q,,,,SI
2096,20.96,IMPLANTACIÓN O SUSTITUCIÓN DE PRÓTESIS COCLEAR NO ESPECIFICADO DE OTRA FORMA (IMPLANTE COCLEAR),4,20,OTRAS OPERACIONES SOBRE EL OÍDO MEDIO Y EL OÍDO INTERNO,Q,,,,SI
2097,20.97,IMPLANTACIÓN O SUSTITUCIÓN DE PRÓTESIS COCLEAR DE CANAL ÚNICO,4,20,OTRAS OPERACIONES SOBRE EL OÍDO MEDIO Y EL OÍDO INTERNO,Q,,,,SI
2098,20.98,IMPLANTACIÓN O SUSTITUCIÓN DE PRÓTESIS COCLEAR DE CANAL MÚLTIPLE,4,20,OTRAS OPERACIONES SOBRE EL OÍDO MEDIO Y EL OÍDO INTERNO,Q,,,,SI
2099,20.99,OTRAS OPERACIONES SOBRE EL OÍDO MEDIO Y EL OÍDO INTERNO,4,20,OTRAS OPERACIONES SOBRE EL OÍDO MEDIO Y EL OÍDO INTERNO,Q,,,,SI
00,00,"OPERACIONES SOBRE LA NARIZ, BOCA Y FARINGE (21 - 29)",2,00,PROCEDIMIENTOS DIAGNÓSTICOS Y TERAPÉUTICOS MISCELÁNEOS (87 - 99),,,,,NO
21,21,OPERACIONES SOBRE LA NARIZ,2,21,OPERACIONES SOBRE LA NARIZ,,,,,NO
210,21.0,CONTROL DE EPISTAXIS,3,21,OPERACIONES SOBRE LA NARIZ,,,,,NO
2100,21.00,"CONTROL DE EPISTAXIS, NO ESPECIFICADO DE OTRA MANERA",4,21,OPERACIONES SOBRE LA NARIZ,Q,,,,SI
2101,21.01,CONTROL DE EPISTAXIS POR TAPONAMIENTO NASAL ANTERIOR,4,21,OPERACIONES SOBRE LA NARIZ,Q,,,,SI
2102,21.02,CONTROL DE EPISTAXIS POR TAPONAMIENTO POSTERIOR (Y ANTERIOR),4,21,OPERACIONES SOBRE LA NARIZ,Q,,,,SI
2103,21.03,CONTROL DE EPISTAXIS POR CAUTERIZACIÓN (Y TAPONAMIENTO),4,21,OPERACIONES SOBRE LA NARIZ,Q,,,,SI
2104,21.04,CONTROL DE EPISTAXIS POR LIGADURA DE LAS ARTERIAS ETMOIDALES,4,21,OPERACIONES SOBRE LA NARIZ,Q,,,,SI
2105,21.05,CONTROL DE EPISTAXIS POR LIGADURA DE LA ARTERIA MAXILAR A TRAVÉS DEL SENO MAXILAR,4,21,OPERACIONES SOBRE LA NARIZ,Q,,,,SI
2106,21.06,CONTROL DE EPISTAXIS POR LIGADURA DE LA ARTERIA CARÓTIDA EXTERNA,4,21,OPERACIONES SOBRE LA NARIZ,Q,,,,SI
2107,21.07,CONTROL DE EPISTAXIS POR EXCISIÓN DE LAS MUCOSAS NASALES E INJERTOS DE PIEL EN EL TABIQUE Y LA PARED NASAL LATERAL,4,21,OPERACIONES SOBRE LA NARIZ,Q,,,,SI
2109,21.09,CONTROL DE EPISTAXIS POR OTROS MEDIOS,4,21,OPERACIONES SOBRE LA NARIZ,Q,,,,SI
211,21.1,INCISIÓN NASAL,3,21,OPERACIONES SOBRE LA NARIZ,,,,,NO
211X,21.1X,INCISIÓN NASAL,4,21,OPERACIONES SOBRE LA NARIZ,Q,,,,SI
212,21.2,PROCEDIMIENTOS DIAGNÓSTICOS SOBRE LA REGIÓN NASAL,3,21,OPERACIONES SOBRE LA NARIZ,,,,,NO
2121,21.21,RINOSCOPIA,4,21,OPERACIONES SOBRE LA NARIZ,D,,,,SI
2122,21.22,BIOPSIA DE NARIZ,4,21,OPERACIONES SOBRE LA NARIZ,D,,,,SI
2129,21.29,OTROS PROCEDIMIENTOS DIAGNÓSTICOS SOBRE LA REGIÓN NASAL,4,21,OPERACIONES SOBRE LA NARIZ,D,,,,SI
213,21.3,EXCISIÓN LOCAL O EXTIRPACIÓN DE LESIÓN DE LA PIRÁMIDE NASAL,3,21,OPERACIONES SOBRE LA NARIZ,,,,,NO
2130,21.30,"EXCISIÓN O EXTIRPACIÓN DE LESIÓN DE LA PIRÁMIDE NASAL, NO ESPECIFICADA DE OTRA MANERA",4,21,OPERACIONES SOBRE LA NARIZ,Q,,,,SI
2131,21.31,EXCISIÓN LOCAL O EXTIRPACIÓN DE LESIÓN INTRANASAL,4,21,OPERACIONES SOBRE LA NARIZ,Q,,,,SI
2132,21.32,EXCISIÓN LOCAL O EXTIRPACIÓN DE OTRA LESIÓN DE NARIZ,4,21,OPERACIONES SOBRE LA NARIZ,Q,,,,SI
214,21.4,RESECCIÓN DE LA PIRÁMIDE NASAL,3,21,OPERACIONES SOBRE LA NARIZ,,,,,NO
214X,21.4X,RESECCIÓN DE LA PIRÁMIDE NASAL,4,21,OPERACIONES SOBRE LA NARIZ,Q,,,,SI
215,21.5,RESECCIÓN SUBMUCOSA DEL TABIQUE NASAL (SEPTOPLASTIAS),3,21,OPERACIONES SOBRE LA NARIZ,,,,,NO
215X,21.5X,RESECCIÓN SUBMUCOSA DEL TABIQUE NASAL (SEPTOPLASTIAS),4,21,OPERACIONES SOBRE LA NARIZ,Q,,,,SI
216,21.6,TURBINECTOMÍA,3,21,OPERACIONES SOBRE LA NARIZ,,,,,NO
2161,21.61,TURBINECTOMÍA POR DIATERMIA O CRIOCIRUGÍA,4,21,OPERACIONES SOBRE LA NARIZ,Q,,,,SI
2162,21.62,FRACTURA DE CORNETES,4,21,OPERACIONES SOBRE LA NARIZ,Q,,,,SI
2169,21.69,OTRA TURBINECTOMÍA,4,21,OPERACIONES SOBRE LA NARIZ,Q,,,,SI
217,21.7,REDUCCIÓN DE FRACTURA NASAL,3,21,OPERACIONES SOBRE LA NARIZ,,,,,NO
2171,21.71,REDUCCIÓN CERRADA DE FRACTURA NASAL,4,21,OPERACIONES SOBRE LA NARIZ,Q,,,,SI
2172,21.72,REDUCCIÓN ABIERTA DE FRACTURA NASAL,4,21,OPERACIONES SOBRE LA NARIZ,Q,,,,SI
218,21.8,OPERACIONES DE REPARACIÓN Y CIRUGÍA PLÁSTICA SOBRE LA PIRÁMIDE NASAL,3,21,OPERACIONES SOBRE LA NARIZ,,,,,NO
2181,21.81,SUTURA DE LACERACIÓN DE NARIZ,4,21,OPERACIONES SOBRE LA NARIZ,Q,,,,SI
2182,21.82,CIERRE DE FÍSTULA NASAL,4,21,OPERACIONES SOBRE LA NARIZ,Q,,,,SI
2183,21.83,RECONSTRUCCIÓN NASAL TOTAL,4,21,OPERACIONES SOBRE LA NARIZ,Q,,,,SI
2184,21.84,REVISIÓN DE RINOPLASTIA (RINOPLASTIA SECUNDARIA),4,21,OPERACIONES SOBRE LA NARIZ,Q,,,,SI
2185,21.85,RINOPLASTIA DE AUMENTO,4,21,OPERACIONES SOBRE LA NARIZ,Q,,,,SI
2186,21.86,RINOPLASTIA LIMITADA,4,21,OPERACIONES SOBRE LA NARIZ,Q,,,,SI
2187,21.87,OTRA RINOPLASTIA,4,21,OPERACIONES SOBRE LA NARIZ,Q,,,,SI
2188,21.88,OTRA SEPTOPLASTIA,4,21,OPERACIONES SOBRE LA NARIZ,Q,,,,SI
2189,21.89,OTRAS OPERACIONES DE REPARACIÓN Y OPERACIONES PLÁSTICAS DE LA NARIZ,4,21,OPERACIONES SOBRE LA NARIZ,Q,,,,SI
219,21.9,OTRAS OPERACIONES SOBRE LA NARIZ,3,21,OPERACIONES SOBRE LA NARIZ,,,,,NO
2191,21.91,LISIS DE ADHERENCIAS DE NARIZ,4,21,OPERACIONES SOBRE LA NARIZ,Q,,,,SI
2199,21.99,OTRA OPERACIÓN SOBRE LA NARIZ,4,21,OPERACIONES SOBRE LA NARIZ,Q,,,,SI
22,22,OPERACIONES SOBRE SENOS NASALES (PARANASALES),2,22,OPERACIONES SOBRE SENOS NASALES (PARANASALES),,,,,NO
220,22.0,ASPIRACIÓN Y LAVADO DE SENO MAXILAR,3,22,OPERACIONES SOBRE SENOS NASALES (PARANASALES),,,,,NO
2200,22.00,"ASPIRACIÓN Y LAVADO DE SENO NASAL (MAXILAR), NO ESPECIFICADO DE OTRA MANERA",4,22,OPERACIONES SOBRE SENOS NASALES (PARANASALES),Q,,,,SI
2201,22.01,PUNCIÓN DE SENO NASAL (MAXILAR) PARA ASPIRACIÓN O LAVADO,4,22,OPERACIONES SOBRE SENOS NASALES (PARANASALES),Q,,,,SI
2202,22.02,"ASPIRACIÓN O LAVADO DE SENO NASAL (MAXILAR), A TRAVÉS DE ORIFICIO NATURAL",4,22,OPERACIONES SOBRE SENOS NASALES (PARANASALES),Q,,,,SI
221,22.1,PROCEDIMIENTOS DIAGNÓSTICOS SOBRE SENO NASAL,3,22,OPERACIONES SOBRE SENOS NASALES (PARANASALES),,,,,NO
2211,22.11,BIOPSIA CERRADA [ENDOSCÓPICA] [PUNCIÓN CON AGUJA] DE SENO NASAL,4,22,OPERACIONES SOBRE SENOS NASALES (PARANASALES),D,,,,SI
2212,22.12,BIOPSIA ABIERTA DE SENO NASAL,4,22,OPERACIONES SOBRE SENOS NASALES (PARANASALES),D,,,,SI
2219,22.19,OTROS PROCEDIMIENTOS DIAGNÓSTICOS SOBRE SENOS NASALES (MAXILARES),4,22,OPERACIONES SOBRE SENOS NASALES (PARANASALES),D,,,,SI
222,22.2,ANTROTOMÍA INTRANASAL,3,22,OPERACIONES SOBRE SENOS NASALES (PARANASALES),,,,,NO
222X,22.2X,ANTROTOMÍA INTRANASAL,4,22,OPERACIONES SOBRE SENOS NASALES (PARANASALES),Q,,,,SI
223,22.3,ANTROTOMÍA MAXILAR EXTERNA,3,22,OPERACIONES SOBRE SENOS NASALES (PARANASALES),,,,,NO
2231,22.31,ANTROTOMÍA MAXILAR RADICAL,4,22,OPERACIONES SOBRE SENOS NASALES (PARANASALES),Q,,,,SI
2239,22.39,OTRA ANTROTOMÍA MAXILAR EXTERNA,4,22,OPERACIONES SOBRE SENOS NASALES (PARANASALES),Q,,,,SI
224,22.4,SINUSOTOMÍA Y SINUSECTOMÍA FRONTALES,3,22,OPERACIONES SOBRE SENOS NASALES (PARANASALES),,,,,NO
2241,22.41,SINUSOTOMÍA FRONTAL,4,22,OPERACIONES SOBRE SENOS NASALES (PARANASALES),Q,,,,SI
2242,22.42,SINUSECTOMÍA FRONTAL,4,22,OPERACIONES SOBRE SENOS NASALES (PARANASALES),Q,,,,SI
225,22.5,OTRA SINUSOTOMÍA NASAL,3,22,OPERACIONES SOBRE SENOS NASALES (PARANASALES),,,,,NO
2250,22.50,"SINUSOTOMÍA, NO ESPECIFICADA DE OTRA MANERA",4,22,OPERACIONES SOBRE SENOS NASALES (PARANASALES),Q,,,,SI
2251,22.51,ETMOIDOTOMÍA,4,22,OPERACIONES SOBRE SENOS NASALES (PARANASALES),Q,,,,SI
2252,22.52,ESFENOIDOTOMÍA,4,22,OPERACIONES SOBRE SENOS NASALES (PARANASALES),Q,,,,SI
2253,22.53,INCISIÓN DE MÚLTIPLES SENOS NASALES,4,22,OPERACIONES SOBRE SENOS NASALES (PARANASALES),Q,,,,SI
226,22.6,OTRA SINUSECTOMÍA NASAL,3,22,OPERACIONES SOBRE SENOS NASALES (PARANASALES),,,,,NO
2260,22.60,"SINUSECTOMÍA, NO ESPECIFICADA DE OTRA MANERA",4,22,OPERACIONES SOBRE SENOS NASALES (PARANASALES),Q,,,,SI
2261,22.61,EXCISIÓN DE LESIÓN DE SENO MAXILAR CON ABORDAJE CALDWELL-LUC,4,22,OPERACIONES SOBRE SENOS NASALES (PARANASALES),Q,,,,SI
2262,22.62,EXCISIÓN DE LESIÓN DE SENO MAXILAR CON OTRO ABORDAJE,4,22,OPERACIONES SOBRE SENOS NASALES (PARANASALES),Q,,,,SI
2263,22.63,ETMOIDECTOMÍA,4,22,OPERACIONES SOBRE SENOS NASALES (PARANASALES),Q,,,,SI
2264,22.64,ESFENOIDECTOMÍA,4,22,OPERACIONES SOBRE SENOS NASALES (PARANASALES),Q,,,,SI
227,22.7,REPARACIÓN DE SENO MAXILAR,3,22,OPERACIONES SOBRE SENOS NASALES (PARANASALES),,,,,NO
2271,22.71,CIERRE DE FÍSTULA DE SENO MAXILAR,4,22,OPERACIONES SOBRE SENOS NASALES (PARANASALES),Q,,,,SI
2279,22.79,OTRA REPARACIÓN DE SENO MAXILAR,4,22,OPERACIONES SOBRE SENOS NASALES (PARANASALES),Q,,,,SI
229,22.9,OTRAS OPERACIONES SOBRE SENOS NASALES (PARANASALES),3,22,OPERACIONES SOBRE SENOS NASALES (PARANASALES),,,,,NO
229X,22.9X,OTRAS OPERACIONES SOBRES SENOS NASALES (PARANASALES),4,22,OPERACIONES SOBRE SENOS NASALES (PARANASALES),Q,,,,SI
23,23,EXTRACCIÓN Y RESTAURACIÓN DE DIENTES,2,23,EXTRACCIÓN Y RESTAURACIÓN DE DIENTES,,,,,NO
230,23.0,EXTRACCIÓN DE DIENTE CON FÓRCEPS,3,23,EXTRACCIÓN Y RESTAURACIÓN DE DIENTES,,,,,NO
2301,23.01,EXTRACCIÓN DE DIENTE CADUCO,4,23,EXTRACCIÓN Y RESTAURACIÓN DE DIENTES,Q,,,,SI
2309,23.09,EXTRACCIÓN DE OTRO DIENTE,4,23,EXTRACCIÓN Y RESTAURACIÓN DE DIENTES,Q,,,,SI
231,23.1,EXTRACCIÓN QUIRÚRGICA DE DIENTE,3,23,EXTRACCIÓN Y RESTAURACIÓN DE DIENTES,,,,,NO
2311,23.11,EXTRACCIÓN DE RAÍZ RESIDUAL,4,23,EXTRACCIÓN Y RESTAURACIÓN DE DIENTES,Q,,,,SI
2319,23.19,OTRA EXTRACCIÓN QUIRÚRGICA DE DIENTE,4,23,EXTRACCIÓN Y RESTAURACIÓN DE DIENTES,Q,,,,SI
232,23.2,RESTAURACIÓN DE DIENTE MEDIANTE OBTURACIONES,3,23,EXTRACCIÓN Y RESTAURACIÓN DE DIENTES,,,,,NO
232X,23.2X,RESTAURACIÓN DE DIENTE MEDIANTE OBTURACIONES,4,23,EXTRACCIÓN Y RESTAURACIÓN DE DIENTES,Q,,,,SI
233,23.3,RESTAURACIÓN DE DIENTE MEDIANTE INCRUSTACIÓN,3,23,EXTRACCIÓN Y RESTAURACIÓN DE DIENTES,,,,,NO
233X,23.3X,RESTAURACIÓN DE DIENTE MEDIANTE INCRUSTACIÓN,4,23,EXTRACCIÓN Y RESTAURACIÓN DE DIENTES,Q,,,,SI
234,23.4,OTRA RESTAURACIÓN DENTAL,3,23,EXTRACCIÓN Y RESTAURACIÓN DE DIENTES,,,,,NO
2341,23.41,APLICACIÓN DE CORONA,4,23,EXTRACCIÓN Y RESTAURACIÓN DE DIENTES,Q,,,,SI
2342,23.42,INSERCIÓN DE PUENTE FIJO,4,23,EXTRACCIÓN Y RESTAURACIÓN DE DIENTES,Q,,,,SI
2343,23.43,INSERCIÓN DE PUENTE REMOVIBLE,4,23,EXTRACCIÓN Y RESTAURACIÓN DE DIENTES,Q,,,,SI
2349,23.49,OTRA RESTAURACIÓN DENTAL,4,23,EXTRACCIÓN Y RESTAURACIÓN DE DIENTES,Q,,,,SI
235,23.5,IMPLANTE DE DIENTE,3,23,EXTRACCIÓN Y RESTAURACIÓN DE DIENTES,,,,,NO
235X,23.5X,IMPLANTE DE DIENTE,4,23,EXTRACCIÓN Y RESTAURACIÓN DE DIENTES,Q,,,,SI
236,23.6,IMPLANTE DENTAL PROTÉSICO,3,23,EXTRACCIÓN Y RESTAURACIÓN DE DIENTES,,,,,NO
236X,23.6X,IMPLANTE DENTAL PROTÉSICO,4,23,EXTRACCIÓN Y RESTAURACIÓN DE DIENTES,Q,,,,SI
237,23.7,APICECTOMÍA Y TRATAMIENTO DE CONDUCTO RADICULAR,3,23,EXTRACCIÓN Y RESTAURACIÓN DE DIENTES,,,,,NO
2370,23.70,"CONDUCTO RADICULAR, NO ESPECIFICADO DE OTRA MANERA",4,23,EXTRACCIÓN Y RESTAURACIÓN DE DIENTES,Q,,,,SI
2371,23.71,TRATAMIENTO DE CONDUCTO RADICULAR CON IRRIGACIÓN,4,23,EXTRACCIÓN Y RESTAURACIÓN DE DIENTES,Q,,,,SI
2372,23.72,TRATAMIENTO DE CONDUCTO RADICULAR CON APICOECTOMÍA,4,23,EXTRACCIÓN Y RESTAURACIÓN DE DIENTES,Q,,,,SI
2373,23.73,APICECTOMÍA,4,23,EXTRACCIÓN Y RESTAURACIÓN DE DIENTES,Q,,,,SI
24,24,"OTRAS OPERACIONES SOBRE DIENTES, ENCÍAS Y ALVÉOLOS",2,24,"OTRAS OPERACIONES SOBRE DIENTES, ENCÍAS Y ALVÉOLOS",,,,,NO
240,24.0,INCISIÓN DE ENCÍA O HUESO ALVEOLAR,3,24,"OTRAS OPERACIONES SOBRE DIENTES, ENCÍAS Y ALVÉOLOS",,,,,NO
240X,24.0X,INCISIÓN DE ENCÍA O HUESO ALVEOLAR,4,24,"OTRAS OPERACIONES SOBRE DIENTES, ENCÍAS Y ALVÉOLOS",Q,,,,SI
241,24.1,"PROCEDIMIENTOS DIAGNÓSTICOS SOBRE DIENTES, ENCÍAS Y ALVÉOLOS",3,24,"OTRAS OPERACIONES SOBRE DIENTES, ENCÍAS Y ALVÉOLOS",,,,,NO
2411,24.11,BIOPSIA DE ENCÍA,4,24,"OTRAS OPERACIONES SOBRE DIENTES, ENCÍAS Y ALVÉOLOS",D,,,,SI
2412,24.12,BIOPSIA DE ALVEÓLO,4,24,"OTRAS OPERACIONES SOBRE DIENTES, ENCÍAS Y ALVÉOLOS",D,,,,SI
2419,24.19,"OTROS PROCEDIMENTOS DIAGNÓSTICOS SOBRE DIENTES, ENCÍAS Y ALVÉOLOS",4,24,"OTRAS OPERACIONES SOBRE DIENTES, ENCÍAS Y ALVÉOLOS",D,,,,SI
242,24.2,GINGIVOPLASTIA,3,24,"OTRAS OPERACIONES SOBRE DIENTES, ENCÍAS Y ALVÉOLOS",,,,,NO
242X,24.2X,GINGIVOPLASTIA,4,24,"OTRAS OPERACIONES SOBRE DIENTES, ENCÍAS Y ALVÉOLOS",Q,,,,SI
243,24.3,OTRAS OPERACIONES SOBRE ENCÍA,3,24,"OTRAS OPERACIONES SOBRE DIENTES, ENCÍAS Y ALVÉOLOS",,,,,NO
2431,24.31,EXCISIÓN DE LESIÓN O DE TEJIDO DE ENCÍA,4,24,"OTRAS OPERACIONES SOBRE DIENTES, ENCÍAS Y ALVÉOLOS",Q,,,,SI
2432,24.32,SUTURA DE LACERACIÓN DE ENCÍA,4,24,"OTRAS OPERACIONES SOBRE DIENTES, ENCÍAS Y ALVÉOLOS",Q,,,,SI
2439,24.39,OTRA OPERACIÓN SOBRE ENCÍA,4,24,"OTRAS OPERACIONES SOBRE DIENTES, ENCÍAS Y ALVÉOLOS",Q,,,,SI
244,24.4,EXCISIÓN DE LESIÓN MAXILAR DE ORIGEN DENTARIO,3,24,"OTRAS OPERACIONES SOBRE DIENTES, ENCÍAS Y ALVÉOLOS",,,,,NO
244X,24.4X,EXCISIÓN DE LESIÓN MAXILAR DE ORIGEN DENTARIO,4,24,"OTRAS OPERACIONES SOBRE DIENTES, ENCÍAS Y ALVÉOLOS",Q,,,,SI
245,24.5,ALVEOLOPLASTIA,3,24,"OTRAS OPERACIONES SOBRE DIENTES, ENCÍAS Y ALVÉOLOS",,,,,NO
245X,24.5X,ALVEOLOPLASTIA,4,24,"OTRAS OPERACIONES SOBRE DIENTES, ENCÍAS Y ALVÉOLOS",Q,,,,SI
246,24.6,EXPOSICIÓN DE DIENTE,3,24,"OTRAS OPERACIONES SOBRE DIENTES, ENCÍAS Y ALVÉOLOS",,,,,NO
246X,24.6X,EXPOSICIÓN DE DIENTE,4,24,"OTRAS OPERACIONES SOBRE DIENTES, ENCÍAS Y ALVÉOLOS",Q,,,,SI
247,24.7,APLICACIÓN DE DISPOSITIVO ORTODÓNTICO,3,24,"OTRAS OPERACIONES SOBRE DIENTES, ENCÍAS Y ALVÉOLOS",,,,,NO
247X,24.7X,APLICACIÓN DE DISPOSITIVO ORTODÓNTICO,4,24,"OTRAS OPERACIONES SOBRE DIENTES, ENCÍAS Y ALVÉOLOS",Q,,,,SI
248,24.8,OTRA OPERACIÓN ORTODÓNTICA,3,24,"OTRAS OPERACIONES SOBRE DIENTES, ENCÍAS Y ALVÉOLOS",,,,,NO
248X,24.8X,OTRA OPERACIÓN ORTODÓNTICA,4,24,"OTRAS OPERACIONES SOBRE DIENTES, ENCÍAS Y ALVÉOLOS",Q,,,,SI
249,24.9,OTRAS OPERACIONES DENTALES,3,24,"OTRAS OPERACIONES SOBRE DIENTES, ENCÍAS Y ALVÉOLOS",,,,,NO
2491,24.91,EXTENSIÓN O PROFUNDIZACIÓN DEL SURCO BUCOLABIAL O LINGUAL,4,24,"OTRAS OPERACIONES SOBRE DIENTES, ENCÍAS Y ALVÉOLOS",Q,,,,SI
2499,24.99,OTRAS OPERACIONES DENTALES,4,24,"OTRAS OPERACIONES SOBRE DIENTES, ENCÍAS Y ALVÉOLOS",Q,,,,SI
25,25,OPERACIONES SOBRE LA LENGUA,2,25,OPERACIONES SOBRE LA LENGUA,,,,,NO
250,25.0,PROCEDIMIENTOS DIAGNÓSTICOS SOBRE LA LENGUA,3,25,OPERACIONES SOBRE LA LENGUA,,,,,NO
2501,25.01,BIOPSIA CERRADA (PUNCIÓN-ASPIRACIÓN CON AGUJA FINA) [PAAF] DE LENGUA,4,25,OPERACIONES SOBRE LA LENGUA,D,,,,SI
2502,25.02,BIOPSIA ABIERTA DE LA LENGUA,4,25,OPERACIONES SOBRE LA LENGUA,D,,,,SI
2509,25.09,OTROS PROCEDIMIENTOS DIAGNÓSTICOS SOBRE LA LENGUA,4,25,OPERACIONES SOBRE LA LENGUA,D,,,,SI
251,25.1,"EXCISIÓN, DESTRUCCIÓN O LISIS DE LESIÓN O TEJIDO DE LA LENGUA",3,25,OPERACIONES SOBRE LA LENGUA,,,,,NO
251X,25.1X,"EXCISIÓN, DESTRUCCIÓN O LISIS DE LESIÓN O TEJIDO DE LA LENGUA",4,25,OPERACIONES SOBRE LA LENGUA,Q,,,,SI
252,25.2,GLOSECTOMÍA PARCIAL,3,25,OPERACIONES SOBRE LA LENGUA,,,,,NO
252X,25.2X,GLOSECTOMÍA PARCIAL,4,25,OPERACIONES SOBRE LA LENGUA,Q,,,,SI
253,25.3,GLOSECTOMÍA TOTAL,3,25,OPERACIONES SOBRE LA LENGUA,,,,,NO
253X,25.3X,GLOSECTOMÍA TOTAL,4,25,OPERACIONES SOBRE LA LENGUA,Q,,,,SI
254,25.4,GLOSECTOMÍA RADICAL,3,25,OPERACIONES SOBRE LA LENGUA,,,,,NO
254X,25.4X,GLOSECTOMÍA RADICAL,4,25,OPERACIONES SOBRE LA LENGUA,Q,,,,SI
255,25.5,REPARACIÓN DE LENGUA Y GLOSOPLASTIA,3,25,OPERACIONES SOBRE LA LENGUA,,,,,NO
2551,25.51,SUTURA DE LACERACIÓN DE LENGUA,4,25,OPERACIONES SOBRE LA LENGUA,Q,,,,SI
2559,25.59,OTRAS OPERACIONES DE REPARACIÓN Y PLÁSTICA SOBRE LA LENGUA,4,25,OPERACIONES SOBRE LA LENGUA,Q,,,,SI
259,25.9,OTRAS OPERACIONES SOBRE LA LENGUA,3,25,OPERACIONES SOBRE LA LENGUA,,,,,NO
2591,25.91,FRENOTOMÍA LINGUAL,4,25,OPERACIONES SOBRE LA LENGUA,Q,,,,SI
2592,25.92,FRENECTOMÍA LINGUAL,4,25,OPERACIONES SOBRE LA LENGUA,Q,,,,SI
2593,25.93,LISIS DE ADHERENCIAS DE LENGUA,4,25,OPERACIONES SOBRE LA LENGUA,Q,,,,SI
2594,25.94,OTRA GLOSOTOMÍA,4,25,OPERACIONES SOBRE LA LENGUA,Q,,,,SI
2599,25.99,OTRAS OPERACIONES DE LA LENGUA,4,25,OPERACIONES SOBRE LA LENGUA,Q,,,,SI
26,26,OPERACIONES SOBRE GLÁNDULAS Y CONDUCTOS SALIVALES,2,26,OPERACIONES SOBRE GLÁNDULAS Y CONDUCTOS SALIVALES,,,,,NO
260,26.0,INCISIÓN DE GLÁNDULA O CONDUCTO SALIVAL,3,26,OPERACIONES SOBRE GLÁNDULAS Y CONDUCTOS SALIVALES,,,,,NO
260X,26.0X,INCISIÓN DE GLÁNDULA O CONDUCTO SALIVAL,4,26,OPERACIONES SOBRE GLÁNDULAS Y CONDUCTOS SALIVALES,Q,,,,SI
261,26.1,PROCEDIMIENTOS DIAGNÓSTICOS SOBRE GLÁNDULAS Y CONDUCTOS SALIVALES,3,26,OPERACIONES SOBRE GLÁNDULAS Y CONDUCTOS SALIVALES,,,,,NO
2611,26.11,BIOPSIA CERRADA [PUNCIÓN-ASPIRACIÓN CON AGUJA FINA] [PAAF] DE GLÁNDULA O CONDUCTO SALIVAL,4,26,OPERACIONES SOBRE GLÁNDULAS Y CONDUCTOS SALIVALES,D,,,,SI
2612,26.12,BIOPSIA ABIERTA DE GLÁNDULA O CONDUCTO SALIVAL,4,26,OPERACIONES SOBRE GLÁNDULAS Y CONDUCTOS SALIVALES,D,,,,SI
2619,26.19,OTROS PROCEDIMIENTOS DIAGNÓSTICOS SOBRE GLÁNDULAS Y CONDUCTOS SALIVALES,4,26,OPERACIONES SOBRE GLÁNDULAS Y CONDUCTOS SALIVALES,D,,,,SI
262,26.2,EXCISIÓN DE LESIÓN DE GLÁNDULA SALIVAL,3,26,OPERACIONES SOBRE GLÁNDULAS Y CONDUCTOS SALIVALES,,,,,NO
2621,26.21,MARSUPIALIZACIÓN DE QUISTE DE GLÁNDULA SALIVAL,4,26,OPERACIONES SOBRE GLÁNDULAS Y CONDUCTOS SALIVALES,Q,,,,SI
2629,26.29,OTRA EXCISIÓN DE LESIÓN DE GLÁNDULA SALIVAL,4,26,OPERACIONES SOBRE GLÁNDULAS Y CONDUCTOS SALIVALES,Q,,,,SI
263,26.3,SIALOADENECTOMÍA,3,26,OPERACIONES SOBRE GLÁNDULAS Y CONDUCTOS SALIVALES,,,,,NO
2630,26.30,"SIALOADENECTOMÍA, NO ESPECIFICADA DE OTRA MANERA",4,26,OPERACIONES SOBRE GLÁNDULAS Y CONDUCTOS SALIVALES,Q,,,,SI
2631,26.31,SIALOADENECTOMÍA PARCIAL,4,26,OPERACIONES SOBRE GLÁNDULAS Y CONDUCTOS SALIVALES,Q,,,,SI
2632,26.32,SIALOADENECTOMÍA TOTAL,4,26,OPERACIONES SOBRE GLÁNDULAS Y CONDUCTOS SALIVALES,Q,,,,SI
264,26.4,REPARACIÓN DE GLÁNDULA O CONDUCTO SALIVAL,3,26,OPERACIONES SOBRE GLÁNDULAS Y CONDUCTOS SALIVALES,,,,,NO
2641,26.41,SUTURA DE LACERACIÓN DE GLÁNDULA SALIVAL,4,26,OPERACIONES SOBRE GLÁNDULAS Y CONDUCTOS SALIVALES,Q,,,,SI
2642,26.42,CIERRE DE FÍSTULA SALIVAL,4,26,OPERACIONES SOBRE GLÁNDULAS Y CONDUCTOS SALIVALES,Q,,,,SI
2649,26.49,OTRAS OPERACIONES DE REPARACIÓN Y PLÁSTICAS SOBRE GLÁNDULA O CONDUCTO SALIVAL,4,26,OPERACIONES SOBRE GLÁNDULAS Y CONDUCTOS SALIVALES,Q,,,,SI
269,26.9,OTRAS OPERACIONES SOBRE GLÁNDULA O CONDUCTO SALIVAL,3,26,OPERACIONES SOBRE GLÁNDULAS Y CONDUCTOS SALIVALES,,,,,NO
2691,26.91,EXPLORACIÓN DE CONDUCTO SALIVAL,4,26,OPERACIONES SOBRE GLÁNDULAS Y CONDUCTOS SALIVALES,Q,,,,SI
2699,26.99,OTRA OPERACIÓN SOBRE GLÁNDULA O CONDUCTO SALIVAL,4,26,OPERACIONES SOBRE GLÁNDULAS Y CONDUCTOS SALIVALES,Q,,,,SI
27,27,OTRAS OPERACIONES SOBRE BOCA Y CARA,2,27,OTRAS OPERACIONES SOBRE BOCA Y CARA,,,,,NO
270,27.0,DRENAJE DE CARA Y SUELO DE LA BOCA,3,27,OTRAS OPERACIONES SOBRE BOCA Y CARA,,,,,NO
270X,27.0X,DRENAJE DE CARA Y SUELO DE LA BOCA,4,27,OTRAS OPERACIONES SOBRE BOCA Y CARA,Q,,,,SI
271,27.1,INCISIÓN DEL PALADAR,3,27,OTRAS OPERACIONES SOBRE BOCA Y CARA,,,,,NO
271X,27.1X,INCISIÓN DE PALADAR,4,27,OTRAS OPERACIONES SOBRE BOCA Y CARA,Q,,,,SI
272,27.2,PROCEDIMIENTOS DIAGNÓSTICOS SOBRE LA CAVIDAD ORAL,3,27,OTRAS OPERACIONES SOBRE BOCA Y CARA,,,,,NO
2721,27.21,BIOPSIA DEL PALADAR ÓSEO,4,27,OTRAS OPERACIONES SOBRE BOCA Y CARA,D,,,,SI
2722,27.22,BIOPSIA DE ÚVULA Y PALADAR BLANDO,4,27,OTRAS OPERACIONES SOBRE BOCA Y CARA,D,,,,SI
2723,27.23,BIOPSIA DE LABIO,4,27,OTRAS OPERACIONES SOBRE BOCA Y CARA,D,,,,SI
2724,27.24,"BIOPSIA DE BOCA, ESTRUCTURA NO ESPECIFICADA",4,27,OTRAS OPERACIONES SOBRE BOCA Y CARA,D,,,,SI
2729,27.29,OTROS PROCEDIMIENTOS DIAGNÓSTICOS SOBRE CAVIDAD ORAL,4,27,OTRAS OPERACIONES SOBRE BOCA Y CARA,D,,,,SI
273,27.3,EXCISIÓN DE LESIÓN O TEJIDO DEL PALADAR ÓSEO,3,27,OTRAS OPERACIONES SOBRE BOCA Y CARA,,,,,NO
2731,27.31,EXCISIÓN LOCAL O RESECCIÓN DE LESIÓN O DE TEJIDO DEL PALADAR ÓSEO,4,27,OTRAS OPERACIONES SOBRE BOCA Y CARA,Q,,,,SI
2732,27.32,EXCISIÓN AMPLIA O RESECCIÓN DE LESIÓN O TEJIDO DEL PALADAR ÓSEO,4,27,OTRAS OPERACIONES SOBRE BOCA Y CARA,Q,,,,SI
274,27.4,EXCISIÓN DE OTRAS PARTES DE LA BOCA,3,27,OTRAS OPERACIONES SOBRE BOCA Y CARA,,,,,NO
2741,27.41,FRENECTOMÍA LABIAL,4,27,OTRAS OPERACIONES SOBRE BOCA Y CARA,Q,,,,SI
2742,27.42,EXCISIÓN AMPLIA DE LESIÓN DE LABIO,4,27,OTRAS OPERACIONES SOBRE BOCA Y CARA,Q,,,,SI
2743,27.43,OTRA EXCISIÓN DE LESIÓN O TEJIDO DE LABIO,4,27,OTRAS OPERACIONES SOBRE BOCA Y CARA,Q,,,,SI
2749,27.49,OTRA EXCISIÓN DE BOCA,4,27,OTRAS OPERACIONES SOBRE BOCA Y CARA,Q,,,,SI
275,27.5,REPARACIÓN PLÁSTICA DE LA BOCA,3,27,OTRAS OPERACIONES SOBRE BOCA Y CARA,,,,,NO
2751,27.51,SUTURA DE LACERACIÓN DE LABIO,4,27,OTRAS OPERACIONES SOBRE BOCA Y CARA,Q,,,,SI
2752,27.52,SUTURA DE LACERACIÓN DE LA OTRA PARTE DE BOCA,4,27,OTRAS OPERACIONES SOBRE BOCA Y CARA,Q,,,,SI
2753,27.53,CIERRE DE FÍSTULA DE BOCA,4,27,OTRAS OPERACIONES SOBRE BOCA Y CARA,Q,,,,SI
2754,27.54,REPARACIÓN DE LABIO FISURADO,4,27,OTRAS OPERACIONES SOBRE BOCA Y CARA,Q,,,,SI
2755,27.55,INJERTO DE PIEL DE GROSOR TOTAL APLICADO AL LABIO Y CAVIDAD BUCAL,4,27,OTRAS OPERACIONES SOBRE BOCA Y CARA,Q,,,,SI
2756,27.56,OTRO INJERTO DE PIEL APLICADO AL LABIO Y CAVIDAD BUCAL,4,27,OTRAS OPERACIONES SOBRE BOCA Y CARA,Q,,,,SI
2757,27.57,UNIÓN DE PEDÍCULO O INJERTO DE COLGAJO AL LABIO Y CAVIDAD BUCAL,4,27,OTRAS OPERACIONES SOBRE BOCA Y CARA,Q,,,,SI
2759,27.59,OTRA REPARACIÓN PLÁSTICA DE LA BOCA,4,27,OTRAS OPERACIONES SOBRE BOCA Y CARA,Q,,,,SI
276,27.6,PALATOPLASTIA,3,27,OTRAS OPERACIONES SOBRE BOCA Y CARA,,,,,NO
2761,27.61,SUTURA DE LACERACIÓN DE PALADAR,4,27,OTRAS OPERACIONES SOBRE BOCA Y CARA,Q,,,,SI
2762,27.62,CORRECCIÓN DE PALADAR FISURADO (ESTAFILORRAFIA) (L),4,27,OTRAS OPERACIONES SOBRE BOCA Y CARA,Q,,,,SI
2763,27.63,REVISIÓN DE REPARACIÓN DE PALADAR FISURADO,4,27,OTRAS OPERACIONES SOBRE BOCA Y CARA,Q,,,,SI
2764,27.64,INSERCIÓN DE IMPLANTE DE PALADAR,4,27,OTRAS OPERACIONES SOBRE BOCA Y CARA,Q,,,,SI
2769,27.69,OTRA REPARACIÓN PLÁSTICA DE PALADAR,4,27,OTRAS OPERACIONES SOBRE BOCA Y CARA,Q,,,,SI
277,27.7,OPERACIONES SOBRE ÚVULA,3,27,OTRAS OPERACIONES SOBRE BOCA Y CARA,,,,,NO
2771,27.71,INCISIÓN DE ÚVULA,4,27,OTRAS OPERACIONES SOBRE BOCA Y CARA,Q,,,,SI
2772,27.72,EXCISIÓN DE ÚVULA,4,27,OTRAS OPERACIONES SOBRE BOCA Y CARA,Q,,,,SI
2773,27.73,REPARACIÓN DE ÚVULA,4,27,OTRAS OPERACIONES SOBRE BOCA Y CARA,Q,,,,SI
2779,27.79,OTRA OPERACIONES SOBRE ÚVULA,4,27,OTRAS OPERACIONES SOBRE BOCA Y CARA,Q,,,,SI
279,27.9,OTRAS OPERACIONES SOBRE BOCA Y CARA,3,27,OTRAS OPERACIONES SOBRE BOCA Y CARA,,,,,NO
2791,27.91,FRENOTOMÍA LABIAL,4,27,OTRAS OPERACIONES SOBRE BOCA Y CARA,Q,,,,SI
2792,27.92,INCISIÓN DE CAVIDAD BUCAL ESTRUCTURA NO ESPECIFICADA,4,27,OTRAS OPERACIONES SOBRE BOCA Y CARA,Q,,,,SI
2799,27.99,OTRAS OPERACIONES SOBRE LA CAVIDAD ORAL,4,27,OTRAS OPERACIONES SOBRE BOCA Y CARA,Q,,,,SI
28,28,OPERACIONES SOBRE AMÍGDALAS Y ADENOIDES,2,28,OPERACIONES SOBRE AMÍGDALAS Y ADENOIDES,,,,,NO
280,28.0,INCISIÓN Y DRENAJE DE AMÍGDALA Y ESTRUCTURAS PERIAMIGDALINAS,3,28,OPERACIONES SOBRE AMÍGDALAS Y ADENOIDES,,,,,NO
280X,28.0X,INCISIÓN Y DRENAJE DE AMÍGDALA Y ESTRUCTURAS PERIAMIGDALINAS,4,28,OPERACIONES SOBRE AMÍGDALAS Y ADENOIDES,Q,,,,SI
281,28.1,PROCEDIMIENTOS DIAGNÓSTICOS SOBRE AMÍGDALAS Y ADENOIDES,3,28,OPERACIONES SOBRE AMÍGDALAS Y ADENOIDES,,,,,NO
2811,28.11,BIOPSIA DE AMÍGDALAS Y ADENOIDES,4,28,OPERACIONES SOBRE AMÍGDALAS Y ADENOIDES,D,,,,SI
2819,28.19,OTROS PROCEDIMIENTOS DIAGNÓSTICOS SOBRE AMÍGDALAS Y ADENOIDES,4,28,OPERACIONES SOBRE AMÍGDALAS Y ADENOIDES,D,,,,SI
282,28.2,AMIGDALECTOMÍA SIN ADENOIDECTOMÍA,3,28,OPERACIONES SOBRE AMÍGDALAS Y ADENOIDES,,,,,NO
282X,28.2X,AMIGDALECTOMÍA SIN ADENOIDECTOMÍA,4,28,OPERACIONES SOBRE AMÍGDALAS Y ADENOIDES,Q,,,,SI
283,28.3,AMIGDALECTOMÍA CON ADENOIDECTOMÍA,3,28,OPERACIONES SOBRE AMÍGDALAS Y ADENOIDES,,,,,NO
283X,28.3X,AMIGDALECTOMÍA CON ADENOIDECTOMÍA,4,28,OPERACIONES SOBRE AMÍGDALAS Y ADENOIDES,Q,,,,SI
284,28.4,EXTIRPACIÓN DE RESTO AMIGDALINO,3,28,OPERACIONES SOBRE AMÍGDALAS Y ADENOIDES,,,,,NO
284X,28.4X,EXTIRPACIÓN DE RESTO AMÍGDALINO,4,28,OPERACIONES SOBRE AMÍGDALAS Y ADENOIDES,Q,,,,SI
285,28.5,EXTIRPACIÓN DE AMÍGDALA LINGUAL,3,28,OPERACIONES SOBRE AMÍGDALAS Y ADENOIDES,,,,,NO
285X,28.5X,EXTIRPACIÓN DE AMÍGDALA LINGUAL,4,28,OPERACIONES SOBRE AMÍGDALAS Y ADENOIDES,Q,,,,SI
286,28.6,ADENOIDECTOMÍA SIN AMIGDALECTOMÍA,3,28,OPERACIONES SOBRE AMÍGDALAS Y ADENOIDES,,,,,NO
286X,28.6X,ADENOIDECTOMÍA SIN AMIGDALECTOMÍA,4,28,OPERACIONES SOBRE AMÍGDALAS Y ADENOIDES,Q,,,,SI
287,28.7,CONTROL DE HEMORRAGIA DESPUÉS DE AMIGDALECTOMÍA Y ADENOIDECTOMÍA,3,28,OPERACIONES SOBRE AMÍGDALAS Y ADENOIDES,,,,,NO
287X,28.7X,CONTROL DE HEMORRAGIA DESPUÉS DE AMIGDALECTOMÍA Y ADENOIDECTOMÍA,4,28,OPERACIONES SOBRE AMÍGDALAS Y ADENOIDES,Q,,,,SI
289,28.9,OTRAS OPERACIONES SOBRE AMÍGDALAS Y ADENOIDES,3,28,OPERACIONES SOBRE AMÍGDALAS Y ADENOIDES,,,,,NO
2891,28.91,EXTRACCIÓN DE CUERPO EXTRAÑO DE LA AMÍGDALA Y ADENOIDES POR INCISIÓN,4,28,OPERACIONES SOBRE AMÍGDALAS Y ADENOIDES,Q,,,,SI
2892,28.92,EXCISIÓN DE LESIÓN DE AMÍGDALA Y ADENOIDES,4,28,OPERACIONES SOBRE AMÍGDALAS Y ADENOIDES,Q,,,,SI
2899,28.99,OTRAS OPERACIONES SOBRE AMÍGDALA Y ADENOIDES,4,28,OPERACIONES SOBRE AMÍGDALAS Y ADENOIDES,Q,,,,SI
29,29,OPERACIONES SOBRE FARINGE,2,29,OPERACIONES SOBRE FARINGE,,,,,NO
290,29.0,FARINGOTOMÍA,3,29,OPERACIONES SOBRE FARINGE,,,,,NO
290X,29.0X,FARINGOTOMÍA,4,29,OPERACIONES SOBRE FARINGE,Q,,,,SI
291,29.1,PROCEDIMIENTOS DIAGNÓSTICOS SOBRE FARINGE,3,29,OPERACIONES SOBRE FARINGE,,,,,NO
2911,29.11,FARINGOSCOPÍA,4,29,OPERACIONES SOBRE FARINGE,D,,,,SI
2912,29.12,BIOPSIA FARÍNGEA,4,29,OPERACIONES SOBRE FARINGE,D,,,,SI
2919,29.19,OTROS PROCEDIMIENTOS DIAGNÓSTICOS SOBRE FARINGE,4,29,OPERACIONES SOBRE FARINGE,D,,,,SI
292,29.2,EXCISIÓN DE QUISTE O VESTIGIO DE HENDIDURA BRANQUIAL,3,29,OPERACIONES SOBRE FARINGE,,,,,NO
292X,29.2X,EXCISIÓN DE QUISTE O VESTIGIO DE HENDIDURA BRANQUIAL,4,29,OPERACIONES SOBRE FARINGE,Q,,,,SI
293,29.3,EXCISIÓN O RESECCIÓN DE LESIÓN O TEJIDO DE FARINGE,3,29,OPERACIONES SOBRE FARINGE,,,,,NO
2931,29.31,MIOTOMÍA CRICOFARÍNGEA,4,29,OPERACIONES SOBRE FARINGE,Q,,,,SI
2932,29.32,DIVERTICULOTOMÍA FARÍNGEA,4,29,OPERACIONES SOBRE FARINGE,Q,,,,SI
2933,29.33,FARINGECTOMÍA (PARCIAL),4,29,OPERACIONES SOBRE FARINGE,Q,,,,SI
2939,29.39,OTRA EXCISIÓN O RESECCIÓN DE LESIÓN O TEJIDO DE LA FARINGE,4,29,OPERACIONES SOBRE FARINGE,Q,,,,SI
294,29.4,OPERACIÓN PLÁSTICA SOBRE FARINGE,3,29,OPERACIONES SOBRE FARINGE,,,,,NO
294X,29.4X,OPERACIÓN PLÁSTICA SOBRE FARINGE,4,29,OPERACIONES SOBRE FARINGE,Q,,,,SI
295,29.5,OTRA REPARACIÓN DE FARINGE (REPARACIÓN CON COLGAJOS LIBRES O PEDICULADOS),3,29,OPERACIONES SOBRE FARINGE,,,,,NO
2951,29.51,SUTURA DE LACERACIÓN DE FARINGE,4,29,OPERACIONES SOBRE FARINGE,Q,,,,SI
2952,29.52,CIERRE DE FÍSTULA DE HENDIDURA BRANQUIAL,4,29,OPERACIONES SOBRE FARINGE,Q,,,,SI
2953,29.53,CIERRE DE OTRA FÍSTULA DE FARINGE,4,29,OPERACIONES SOBRE FARINGE,Q,,,,SI
2954,29.54,LISIS DE ADHERENCIAS FARÍNGEAS,4,29,OPERACIONES SOBRE FARINGE,Q,,,,SI
2959,29.59,OTRA REPARACIÓN DE FARINGE,4,29,OPERACIONES SOBRE FARINGE,Q,,,,SI
299,29.9,OTRAS OPERACIONES SOBRE FARINGE,3,29,OPERACIONES SOBRE FARINGE,,,,,NO
2991,29.91,DILATACIÓN DE FARINGE,4,29,OPERACIONES SOBRE FARINGE,Q,,,,SI
2992,29.92,SECCIÓN DEL NERVIO GLOSOFARÍNGEO,4,29,OPERACIONES SOBRE FARINGE,Q,,,,SI
2999,29.99,OTRA OPERACIÓN DE LA FARINGE,4,29,OPERACIONES SOBRE FARINGE,Q,,,,SI
00,00,OPERACIONES SOBRE EL APARATO RESPIRATORIO (30 - 34),2,00,PROCEDIMIENTOS DIAGNÓSTICOS Y TERAPÉUTICOS MISCELÁNEOS (87 - 99),,,,,NO
30,30,EXCISIÓN DE LARINGE,2,30,EXCISIÓN DE LARINGE,,,,,NO
300,30.0,EXCISIÓN O RESECCIÓN DE LESIÓN O TEJIDO DE LARINGE,3,30,EXCISIÓN DE LARINGE,,,,,NO
3001,30.01,MARSUPIALIZACIÓN DE QUISTE LARÍNGEO,4,30,EXCISIÓN DE LARINGE,Q,,,,SI
3009,30.09,OTRA EXCISIÓN O DESTRUCCIÓN DE LESIÓN O TEJIDO DE LA LARINGE,4,30,EXCISIÓN DE LARINGE,Q,,,,SI
301,30.1,HEMILARINGECTOMÍA,3,30,EXCISIÓN DE LARINGE,,,,,NO
301X,30.1X,HEMILARINGECTOMÍA,4,30,EXCISIÓN DE LARINGE,Q,,,,SI
302,30.2,OTRA LARINGECTOMÍA PARCIAL,3,30,EXCISIÓN DE LARINGE,,,,,NO
3021,30.21,EPIGLOTECTOMÍA,4,30,EXCISIÓN DE LARINGE,Q,,,,SI
3022,30.22,CORDECTOMÍA,4,30,EXCISIÓN DE LARINGE,Q,,,,SI
3029,30.29,OTRA LARINGECTOMÍA PARCIAL,4,30,EXCISIÓN DE LARINGE,Q,,,,SI
303,30.3,LARINGECTOMÍA TOTAL,3,30,EXCISIÓN DE LARINGE,,,,,NO
303X,30.3X,LARINGECTOMÍA TOTAL,4,30,EXCISIÓN DE LARINGE,Q,,,,SI
304,30.4,LARINGECTOMÍA RADICAL,3,30,EXCISIÓN DE LARINGE,,,,,NO
304X,30.4X,LARINGECTOMÍA RADICAL,4,30,EXCISIÓN DE LARINGE,Q,,,,SI
31,31,OTRAS OPERACIONES SOBRE LARINGE Y TRÁQUEA,2,31,OTRAS OPERACIONES SOBRE LARINGE Y TRÁQUEA,,,,,NO
310,31.0,INYECCIÓN EN LARINGE,3,31,OTRAS OPERACIONES SOBRE LARINGE Y TRÁQUEA,,,,,NO
310X,31.0X,INYECCIÓN EN LARINGE,4,31,OTRAS OPERACIONES SOBRE LARINGE Y TRÁQUEA,Q,,,,SI
311,31.1,TRAQUEOSTOMÍA TEMPORAL,3,31,OTRAS OPERACIONES SOBRE LARINGE Y TRÁQUEA,,,,,NO
311X,31.1X,TRAQUEOSTOMÍA TEMPORAL,4,31,OTRAS OPERACIONES SOBRE LARINGE Y TRÁQUEA,Q,,,,SI
312,31.2,TRAQUEEOTOMÍA PERMANENTE,3,31,OTRAS OPERACIONES SOBRE LARINGE Y TRÁQUEA,,,,,NO
3121,31.21,OTRA INCISIÓN DE LARINGE O TRÁQUEA,4,31,OTRAS OPERACIONES SOBRE LARINGE Y TRÁQUEA,Q,,,,SI
3129,31.29,OTRA TRAQUEOSTOMÍA PERMANENTE,4,31,OTRAS OPERACIONES SOBRE LARINGE Y TRÁQUEA,Q,,,,SI
313,31.3,OTRA INCISIÓN DE LARINGE O TRÁQUEA,3,31,OTRAS OPERACIONES SOBRE LARINGE Y TRÁQUEA,,,,,NO
313X,31.3X,OTRA INCISIÓN DE LARINGE O TRÁQUEA,4,31,OTRAS OPERACIONES SOBRE LARINGE Y TRÁQUEA,Q,,,,SI
314,31.4,PROCEDIMIENTOS DIAGNÓSTICOS SOBRE LARIGE Y TRÁQUEA,3,31,OTRAS OPERACIONES SOBRE LARINGE Y TRÁQUEA,,,,,NO
3141,31.41,TRAQUEOSCOPIA A TRAVÉS DE ESTOMA ARTIFICIAL,4,31,OTRAS OPERACIONES SOBRE LARINGE Y TRÁQUEA,D,,,,SI
3142,31.42,LARINGOSCOPIA Y OTRA TRAQUEOSCOPIA,4,31,OTRAS OPERACIONES SOBRE LARINGE Y TRÁQUEA,D,,,,SI
3143,31.43,BIOPSIA CERRADA [ENDOSCÓPICA] DE LARINGE,4,31,OTRAS OPERACIONES SOBRE LARINGE Y TRÁQUEA,D,,,,SI
3144,31.44,BIOPSIA CERRADA [ENDOSCÓPICA] DE TRÁQUEA,4,31,OTRAS OPERACIONES SOBRE LARINGE Y TRÁQUEA,D,,,,SI
3145,31.45,BIOPSIA ABIERTA DE LARINGE O TRÁQUEA,4,31,OTRAS OPERACIONES SOBRE LARINGE Y TRÁQUEA,D,,,,SI
3148,31.48,OTROS PROCEDIMIENTOS DIAGNÓSTICOS SOBRE LARINGE,4,31,OTRAS OPERACIONES SOBRE LARINGE Y TRÁQUEA,D,,,,SI
3149,31.49,OTROS PROCEDIMIENTOS DIAGNÓSTICOS SOBRE TRÁQUEA,4,31,OTRAS OPERACIONES SOBRE LARINGE Y TRÁQUEA,D,,,,SI
315,31.5,EXCISIÓN LOCAL O DESTRUCCIÓN DE LESIÓN O TEJIDO DE TRÁQUEA,3,31,OTRAS OPERACIONES SOBRE LARINGE Y TRÁQUEA,,,,,NO
315X,31.5X,EXCISIÓN LOCAL O DESTRUCCIÓN DE LESIÓN O TEJIDO DE TRÁQUEA,4,31,OTRAS OPERACIONES SOBRE LARINGE Y TRÁQUEA,Q,,,,SI
316,31.6,REPARACIÓN DE LARINGE,3,31,OTRAS OPERACIONES SOBRE LARINGE Y TRÁQUEA,,,,,NO
3161,31.61,SUTURA DE LACERACIÓN DE LARINGE,4,31,OTRAS OPERACIONES SOBRE LARINGE Y TRÁQUEA,Q,,,,SI
3162,31.62,CIERRE DE FÍSTULA DE LARINGE,4,31,OTRAS OPERACIONES SOBRE LARINGE Y TRÁQUEA,Q,,,,SI
3163,31.63,REVISIÓN DE LARINGOSTOMÍA,4,31,OTRAS OPERACIONES SOBRE LARINGE Y TRÁQUEA,Q,,,,SI
3164,31.64,REPARACIÓN DE FRACTURA LARÍNGEA,4,31,OTRAS OPERACIONES SOBRE LARINGE Y TRÁQUEA,Q,,,,SI
3169,31.69,OTRA REPARACIÓN DE LARINGE,4,31,OTRAS OPERACIONES SOBRE LARINGE Y TRÁQUEA,Q,,,,SI
317,31.7,OPERACIONES DE REPARACIÓN Y PLÁSTICA SOBRE TRÁQUEA,3,31,OTRAS OPERACIONES SOBRE LARINGE Y TRÁQUEA,,,,,NO
3171,31.71,SUTURA DE LACERACIÓN DE TRÁQUEA,4,31,OTRAS OPERACIONES SOBRE LARINGE Y TRÁQUEA,Q,,,,SI
3172,31.72,CIERRE DE FÍSTULA EXTERNA DE TRÁQUEA,4,31,OTRAS OPERACIONES SOBRE LARINGE Y TRÁQUEA,Q,,,,SI
3173,31.73,CIERRE DE OTRA FÍSTULA DE TRÁQUEA,4,31,OTRAS OPERACIONES SOBRE LARINGE Y TRÁQUEA,Q,,,,SI
3174,31.74,REVISIÓN DE TRAQUEOSTOMÍA,4,31,OTRAS OPERACIONES SOBRE LARINGE Y TRÁQUEA,Q,,,,SI
3175,31.75,RECONSTRUCCIÓN DE TRÁQUEA Y CONSTRUCCIÓN DE LARINGE ARTIFICIAL,4,31,OTRAS OPERACIONES SOBRE LARINGE Y TRÁQUEA,Q,,,,SI
3179,31.79,OTRAS OPERACIONES DE RECONSTRUCCIÓN Y PLÁSTICA SOBRE TRÁQUEA,4,31,OTRAS OPERACIONES SOBRE LARINGE Y TRÁQUEA,Q,,,,SI
319,31.9,OTRAS OPERACIONES SOBRE LARINGE Y TRÁQUEA,3,31,OTRAS OPERACIONES SOBRE LARINGE Y TRÁQUEA,,,,,NO
3191,31.91,SECCIÓN DE NERVIO LARÍNGEO,4,31,OTRAS OPERACIONES SOBRE LARINGE Y TRÁQUEA,Q,,,,SI
3192,31.92,LISIS DE ADHERENCIAS DE TRÁQUEA O LARINGE,4,31,OTRAS OPERACIONES SOBRE LARINGE Y TRÁQUEA,Q,,,,SI
3193,31.93,SUSTITUCIÓN DE TUTOR LARINGEO O TRAQUEAL,4,31,OTRAS OPERACIONES SOBRE LARINGE Y TRÁQUEA,Q,,,,SI
3194,31.94,INYECCIÓN DE SUSTANCIA TERAPÉUTICA DE ACCIÓN LOCAL EN LA TRÁQUEA,4,31,OTRAS OPERACIONES SOBRE LARINGE Y TRÁQUEA,Q,,,,SI
3195,31.95,FISTULIZACIÓN TRAQUEOESOFÁGICA,4,31,OTRAS OPERACIONES SOBRE LARINGE Y TRÁQUEA,Q,,,,SI
3198,31.98,OTRAS OPERACIONES SOBRE LARINGE,4,31,OTRAS OPERACIONES SOBRE LARINGE Y TRÁQUEA,Q,,,,SI
3199,31.99,OTRAS OPERACIONES SOBRE TRÁQUEA,4,31,OTRAS OPERACIONES SOBRE LARINGE Y TRÁQUEA,Q,,,,SI
32,32,EXCISIÓN DE PULMÓN Y DE BRONQUIO,2,32,EXCISIÓN DE PULMÓN Y DE BRONQUIO,,,,,NO
320,32.0,EXCISIÓN LOCAL O DESTRUCCIÓN DE LESIÓN O TEJIDO BRONQUIAL,3,32,EXCISIÓN DE PULMÓN Y DE BRONQUIO,,,,,NO
3201,32.01,EXCISIÓN O DESTRUCCIÓN ENDOSCÓPICA DE LESIÓN O TEJIDO BRONQUIAL,4,32,EXCISIÓN DE PULMÓN Y DE BRONQUIO,Q,,,,SI
3209,32.09,OTRA EXCISIÓN O DESTRUCCIÓN LOCAL DE LESIÓN O TEJIDO BRONQUIAL,4,32,EXCISIÓN DE PULMÓN Y DE BRONQUIO,Q,,,,SI
321,32.1,OTRA EXCISIÓN DE BRONQUIO,3,32,EXCISIÓN DE PULMÓN Y DE BRONQUIO,,,,,NO
321X,32.1X,OTRA EXCISIÓN DE BRONQUIO,4,32,EXCISIÓN DE PULMÓN Y DE BRONQUIO,Q,,,,SI
322,32.2,EXCISIÓN LOCAL O DESTRUCCIÓN DE LESIÓN O TEJIDO PULMONAR,3,32,EXCISIÓN DE PULMÓN Y DE BRONQUIO,,,,,NO
3220,32.20,EXCISIÓN DE LESIÓN O TEJIDO PULMONAR POR TORACOSCOPÍA,4,32,EXCISIÓN DE PULMÓN Y DE BRONQUIO,Q,,,,SI
3221,32.21,PLICATURA DE BULLA ENFISEMATOSA,4,32,EXCISIÓN DE PULMÓN Y DE BRONQUIO,Q,,,,SI
3222,32.22,REDUCCIÓN QUIRÚRGICA DE VOLUMEN PULMONAR,4,32,EXCISIÓN DE PULMÓN Y DE BRONQUIO,Q,,,,SI
3223,32.23,ABLACIÓN ABIERTA DE LESIÓN O TEJIDO DE PULMÓN,4,32,EXCISIÓN DE PULMÓN Y DE BRONQUIO,Q,,,,SI
3224,32.24,ABLACIÓN PERCUTÁNEA DE LESIÓN O TEJIDO DE PULMÓN,4,32,EXCISIÓN DE PULMÓN Y DE BRONQUIO,Q,,,,SI
3225,32.25,ABLACIÓN DE LESIÓN O TEJIDO DE PULMÓN POR TORACOSCOPÍA,4,32,EXCISIÓN DE PULMÓN Y DE BRONQUIO,Q,,,,SI
3226,32.26,OTRA ABLACIÓN Y LA NO ESPECIFICADA DE LESIÓN O TEJIDO DE PULMÓN,4,32,EXCISIÓN DE PULMÓN Y DE BRONQUIO,Q,,,,SI
3228,32.28,EXCISIÓN O DESTRUCCIÓN ENDOSCÓPICA DE LESIÓN O TEJIDO PULMÓN,4,32,EXCISIÓN DE PULMÓN Y DE BRONQUIO,Q,,,,SI
3229,32.29,OTRA EXCISIÓN LOCAL O DESTRUCCIÓN DE LESIÓN O TEJIDO PULMONAR,4,32,EXCISIÓN DE PULMÓN Y DE BRONQUIO,Q,,,,SI
323,32.3,RESECCIÓN SEGMENTARIA DE PULMÓN,3,32,EXCISIÓN DE PULMÓN Y DE BRONQUIO,,,,,NO
3230,32.30,RESECCIÓN SEGMENTARÍA DE PULMÓN POR TORACOSCOPÍA,4,32,EXCISIÓN DE PULMÓN Y DE BRONQUIO,Q,,,,SI
3239,32.39,OTRA RESECCIÓN SEGMENTARÍA Y LA NO ESPECIFICADA DE PULMÓN,4,32,EXCISIÓN DE PULMÓN Y DE BRONQUIO,Q,,,,SI
324,32.4,LOBECTOMÍA DE PULMÓN,3,32,EXCISIÓN DE PULMÓN Y DE BRONQUIO,,,,,NO
3241,32.41,LOBECTOMÍA DE PULMÓN POR TORACOSCOPÍA,4,32,EXCISIÓN DE PULMÓN Y DE BRONQUIO,Q,,,,SI
3249,32.49,OTRA LOBECTOMÍA DE PULMÓN,4,32,EXCISIÓN DE PULMÓN Y DE BRONQUIO,Q,,,,SI
325,32.5,NEUMONECTOMÍA [PNEUMONECTOMÍA],3,32,EXCISIÓN DE PULMÓN Y DE BRONQUIO,,,,,NO
3250,32.50,NEUMONECTOMÍA [PNEUMONECTOMÍA] POR TORACOSCOPÍA,4,32,EXCISIÓN DE PULMÓN Y DE BRONQUIO,Q,,,,SI
3259,32.59,OTRA NEUMONECTOMÍA [PNEUMONECTOMÍA] Y LA NO ESPECIFICADA,4,32,EXCISIÓN DE PULMÓN Y DE BRONQUIO,Q,,,,SI
326,32.6,DISECCIÓN RADICAL DE ESTRUCTURAS TORÁCICAS,3,32,EXCISIÓN DE PULMÓN Y DE BRONQUIO,,,,,NO
326X,32.6X,DISECCIÓN RADICAL DE ESTRUCTURAS TORÁCICAS,4,32,EXCISIÓN DE PULMÓN Y DE BRONQUIO,Q,,,,SI
329,32.9,OTRA EXCISIÓN DE PULMÓN,3,32,EXCISIÓN DE PULMÓN Y DE BRONQUIO,,,,,NO
329X,32.9X,OTRA EXCISIÓN DE PULMÓN,4,32,EXCISIÓN DE PULMÓN Y DE BRONQUIO,Q,,,,SI
33,33,OTRAS OPERACIONES SOBRE PULMÓN Y BRONQUIO,2,33,OTRAS OPERACIONES SOBRE PULMÓN Y BRONQUIO,,,,,NO
330,33.0,INCISIÓN DE BRONQUIO,3,33,OTRAS OPERACIONES SOBRE PULMÓN Y BRONQUIO,,,,,NO
330X,33.0X,INCISIÓN DE BRONQUIO,4,33,OTRAS OPERACIONES SOBRE PULMÓN Y BRONQUIO,Q,,,,SI
331,33.1,INCISIÓN DE PULMÓN,3,33,OTRAS OPERACIONES SOBRE PULMÓN Y BRONQUIO,,,,,NO
331X,33.1X,INCISIÓN DE PULMÓN,4,33,OTRAS OPERACIONES SOBRE PULMÓN Y BRONQUIO,Q,,,,SI
332,33.2,PROCEDIMIENTOS DIAGNÓSTICOS SOBRE PULMÓN Y BRONQUIO,3,33,OTRAS OPERACIONES SOBRE PULMÓN Y BRONQUIO,,,,,NO
3320,33.20,BIOPSIA DE PULMÓN POR TORACOSCOPÍA,4,33,OTRAS OPERACIONES SOBRE PULMÓN Y BRONQUIO,D,,,,SI
3321,33.21,BRONCOSCOPIA A TRAVÉS DE ESTOMA ARTIFICIAL,4,33,OTRAS OPERACIONES SOBRE PULMÓN Y BRONQUIO,D,,,,SI
3322,33.22,BRONCOSCOPIA FIBROÓPTICA,4,33,OTRAS OPERACIONES SOBRE PULMÓN Y BRONQUIO,D,,,,SI
3323,33.23,OTRA BRONCOSCOPIA,4,33,OTRAS OPERACIONES SOBRE PULMÓN Y BRONQUIO,D,,,,SI
3324,33.24,BIOPSIA CERRADA [ENDOSCÓPICA] BRONQUIAL,4,33,OTRAS OPERACIONES SOBRE PULMÓN Y BRONQUIO,D,,,,SI
3325,33.25,BIOPSIA ABIERTA DE BRONQUIO,4,33,OTRAS OPERACIONES SOBRE PULMÓN Y BRONQUIO,D,,,,SI
3326,33.26,BIOPSIA CERRADA CON [AGUJA] [PERCUTÁNEA] DE PULMÓN,4,33,OTRAS OPERACIONES SOBRE PULMÓN Y BRONQUIO,D,,,,SI
3327,33.27,BIOPSIA CERRADA DE PULMÓN POR ENDOCOPÍA,4,33,OTRAS OPERACIONES SOBRE PULMÓN Y BRONQUIO,D,,,,SI
3328,33.28,BIOPSIA ABIERTA DE PULMÓN,4,33,OTRAS OPERACIONES SOBRE PULMÓN Y BRONQUIO,D,,,,SI
3329,33.29,OTROS PROCEDIMIENTOS DIAGNÓSTICOS SOBRE PULMÓN Y BRONQUIO,4,33,OTRAS OPERACIONES SOBRE PULMÓN Y BRONQUIO,D,,,,SI
333,33.3,COLAPSO QUIRÚRGICO DE PULMÓN,3,33,OTRAS OPERACIONES SOBRE PULMÓN Y BRONQUIO,,,,,NO
3331,33.31,DESTRUCCIÓN DE NERVIO FRÉNICO POR COLAPSO DE PULMÓN,4,33,OTRAS OPERACIONES SOBRE PULMÓN Y BRONQUIO,Q,,,,SI
3332,33.32,NEUMOTÓRAX ARTIFICIAL POR COLAPSO DE PULMÓN,4,33,OTRAS OPERACIONES SOBRE PULMÓN Y BRONQUIO,Q,,,,SI
3333,33.33,NEUMOPERITONEO POR COLAPSO DE PULMÓN,4,33,OTRAS OPERACIONES SOBRE PULMÓN Y BRONQUIO,Q,,,,SI
3334,33.34,TORACOPLASTIA,4,33,OTRAS OPERACIONES SOBRE PULMÓN Y BRONQUIO,Q,,,,SI
3339,33.39,OTRO COLAPSO QUIRÚRGICO DE PULMÓN,4,33,OTRAS OPERACIONES SOBRE PULMÓN Y BRONQUIO,Q,,,,SI
334,33.4,OPERACIONES DE REPARACIÓN Y PLÁSTICA SOBRE PULMÓN Y BRONQUIO,3,33,OTRAS OPERACIONES SOBRE PULMÓN Y BRONQUIO,,,,,NO
3341,33.41,SUTURA DE LACERACIÓN BRONQUIAL,4,33,OTRAS OPERACIONES SOBRE PULMÓN Y BRONQUIO,Q,,,,SI
3342,33.42,CIERRE DE FÍSTULA BRONQUIAL,4,33,OTRAS OPERACIONES SOBRE PULMÓN Y BRONQUIO,Q,,,,SI
3343,33.43,CIERRE DE LACERACIÓN DE PULMÓN,4,33,OTRAS OPERACIONES SOBRE PULMÓN Y BRONQUIO,Q,,,,SI
3348,33.48,OTRAS OPERACIONES DE REPARACIÓN Y PLÁSTICA SOBRE BRONQUIO,4,33,OTRAS OPERACIONES SOBRE PULMÓN Y BRONQUIO,Q,,,,SI
3349,33.49,OTRAS OPERACIONES DE REPARACIÓN Y PLÁSTICA SOBRE PULMÓN,4,33,OTRAS OPERACIONES SOBRE PULMÓN Y BRONQUIO,Q,,,,SI
335,33.5,TRASPLANTE DE PULMÓN,3,33,OTRAS OPERACIONES SOBRE PULMÓN Y BRONQUIO,,,,,NO
3350,33.50,"TRANSPLANTE DE PULMÓN, NO ESPECIFICADO DE OTRA MANERA",4,33,OTRAS OPERACIONES SOBRE PULMÓN Y BRONQUIO,Q,,,,SI
3351,33.51,TRANSPLANTE UNILATERAL DE PULMÓN,4,33,OTRAS OPERACIONES SOBRE PULMÓN Y BRONQUIO,Q,,,,SI
3352,33.52,TRANSPLANTE BILATERAL DE PULMÓN,4,33,OTRAS OPERACIONES SOBRE PULMÓN Y BRONQUIO,Q,,,,SI
336,33.6,TRASPLANTE COMBINADO DE CORAZÓN-PULMÓN,3,33,OTRAS OPERACIONES SOBRE PULMÓN Y BRONQUIO,,,,,NO
336X,33.6X,TRANSPLANTE COMBINADO DE CORAZÓN-PULMÓN,4,33,OTRAS OPERACIONES SOBRE PULMÓN Y BRONQUIO,Q,,,,SI
337,33.7,OTROS PROCEDIMIENTOS ENDOSCÓPICOS SOBRE PULMÓN Y BRONQUIOS,3,33,OTRAS OPERACIONES SOBRE PULMÓN Y BRONQUIO,,,,,NO
3371,33.71,INSERCIÓN O SUSTITUCIÓN ENDOSCÓPICA DE VÁLVULA(S) BRONQUIAL(ES),4,33,OTRAS OPERACIONES SOBRE PULMÓN Y BRONQUIO,T,,,,SI
3372,33.72,MEDICIÓN ENDOSCÓPICA DE FLUJO AÉREO PULMONAR,4,33,OTRAS OPERACIONES SOBRE PULMÓN Y BRONQUIO,D,,,,SI
3378,33.78,RETIRO ENDOSCÓPICO DE DISPOSITIVO(S) O SUSTANCIAS EN BRONQUIO,4,33,OTRAS OPERACIONES SOBRE PULMÓN Y BRONQUIO,T,,,,SI
3379,33.79,INSERCIÓN ENDOSCÓPICA DE OTRO DISPOSITIVO O SUSTANCIAS EN BRONQUIO,4,33,OTRAS OPERACIONES SOBRE PULMÓN Y BRONQUIO,T,,,,SI
339,33.9,OTRAS OPERACIONES SOBRE PULMÓN Y BRONQUIO,3,33,OTRAS OPERACIONES SOBRE PULMÓN Y BRONQUIO,,,,,NO
3391,33.91,DILATACIÓN BRONQUIAL,4,33,OTRAS OPERACIONES SOBRE PULMÓN Y BRONQUIO,Q,,,,SI
3392,33.92,LIGADURA DE BRONQUIO,4,33,OTRAS OPERACIONES SOBRE PULMÓN Y BRONQUIO,Q,,,,SI
3393,33.93,PUNCIÓN DE PULMÓN,4,33,OTRAS OPERACIONES SOBRE PULMÓN Y BRONQUIO,Q,,,,SI
3398,33.98,OTRAS OPERACIONES SOBRE BRONQUIO,4,33,OTRAS OPERACIONES SOBRE PULMÓN Y BRONQUIO,Q,,,,SI
3399,33.99,OTRAS OPERACIONES SOBRE PULMÓN,4,33,OTRAS OPERACIONES SOBRE PULMÓN Y BRONQUIO,Q,,,,SI
34,34,"OPERACIONES SOBRE LA PARED TORÁCICA, PLEURA, MEDIASTINO Y DIAFRAGMA",2,34,"OPERACIONES SOBRE LA PARED TORÁCICA, PLEURA, MEDIASTINO Y DIAFRAGMA",,,,,NO
340,34.0,INCISIÓN DE PARED TORÁCICA Y PLEURAL,3,34,"OPERACIONES SOBRE LA PARED TORÁCICA, PLEURA, MEDIASTINO Y DIAFRAGMA",,,,,NO
3401,34.01,INCISIÓN DE PARED TORÁCICA,4,34,"OPERACIONES SOBRE LA PARED TORÁCICA, PLEURA, MEDIASTINO Y DIAFRAGMA",Q,,,,SI
3402,34.02,TORACOTOMÍA EXPLORATORIA,4,34,"OPERACIONES SOBRE LA PARED TORÁCICA, PLEURA, MEDIASTINO Y DIAFRAGMA",Q,,,,SI
3403,34.03,REAPERTURA A TRAVÉS DE TORACOTOMÍA RECIENTE,4,34,"OPERACIONES SOBRE LA PARED TORÁCICA, PLEURA, MEDIASTINO Y DIAFRAGMA",Q,,,,SI
3404,34.04,INSERCIÓN DE CATÉTER INTERCOSTAL PARA DRENAJE,4,34,"OPERACIONES SOBRE LA PARED TORÁCICA, PLEURA, MEDIASTINO Y DIAFRAGMA",Q,,,,SI
3405,34.05,CREACIÓN DE DERIVACIÓN PLEUROPERITONEAL,4,34,"OPERACIONES SOBRE LA PARED TORÁCICA, PLEURA, MEDIASTINO Y DIAFRAGMA",Q,,,,SI
3406,34.06,DRENAJE DE CAVIDAD PLEURAL POR TORACOSCOPÍA,4,34,"OPERACIONES SOBRE LA PARED TORÁCICA, PLEURA, MEDIASTINO Y DIAFRAGMA",Q,,,,SI
3409,34.09,OTRA INCISIÓN DE PLEURA,4,34,"OPERACIONES SOBRE LA PARED TORÁCICA, PLEURA, MEDIASTINO Y DIAFRAGMA",Q,,,,SI
340A,34.0A,SELLO DE AGUA,4,34,"OPERACIONES SOBRE LA PARED TORÁCICA, PLEURA, MEDIASTINO Y DIAFRAGMA",Q,,,,SI
341,34.1,INCISIÓN DE MEDIASTINO,3,34,"OPERACIONES SOBRE LA PARED TORÁCICA, PLEURA, MEDIASTINO Y DIAFRAGMA",,,,,NO
341X,34.1X,INCISIÓN DE MEDIASTINO,4,34,"OPERACIONES SOBRE LA PARED TORÁCICA, PLEURA, MEDIASTINO Y DIAFRAGMA",Q,,,,SI
342,34.2,"PROCEDIMIENTOS DIAGNÓSTICOS SOBRE PARED TORÁCICA, PLEURA, MEDIASTINO Y DIAFRAGMA",3,34,"OPERACIONES SOBRE LA PARED TORÁCICA, PLEURA, MEDIASTINO Y DIAFRAGMA",,,,,NO
3420,34.20,BIOPSIA PLEURAL POR TORACOSCOPÍA,4,34,"OPERACIONES SOBRE LA PARED TORÁCICA, PLEURA, MEDIASTINO Y DIAFRAGMA",D,,,,SI
3421,34.21,TORACOSCOPÍA TRANSPLEURAL,4,34,"OPERACIONES SOBRE LA PARED TORÁCICA, PLEURA, MEDIASTINO Y DIAFRAGMA",D,,,,SI
3422,34.22,MEDIASTINOSCOPÍA,4,34,"OPERACIONES SOBRE LA PARED TORÁCICA, PLEURA, MEDIASTINO Y DIAFRAGMA",D,,,,SI
3423,34.23,BIOPSIA DE PARED TORÁCICA,4,34,"OPERACIONES SOBRE LA PARED TORÁCICA, PLEURA, MEDIASTINO Y DIAFRAGMA",D,,,,SI
3424,34.24,OTRA BIOPSIA PLEURAL,4,34,"OPERACIONES SOBRE LA PARED TORÁCICA, PLEURA, MEDIASTINO Y DIAFRAGMA",D,,,,SI
3425,34.25,BIOPSIA CERRADA [AGUJA] [PERCUTÁNEA] DE MEDIASTINO,4,34,"OPERACIONES SOBRE LA PARED TORÁCICA, PLEURA, MEDIASTINO Y DIAFRAGMA",D,,,,SI
3426,34.26,BIOPSIA ABIERTA DE MEDIASTINO,4,34,"OPERACIONES SOBRE LA PARED TORÁCICA, PLEURA, MEDIASTINO Y DIAFRAGMA",D,,,,SI
3427,34.27,BIOPSIA DE DIAFRAGMA,4,34,"OPERACIONES SOBRE LA PARED TORÁCICA, PLEURA, MEDIASTINO Y DIAFRAGMA",D,,,,SI
3428,34.28,"OTROS PROCEDIMIENTOS DIAGNÓSTICOS SOBRE LA PARED TORÁCICA, PLEURA Y DIAFRAGMA",4,34,"OPERACIONES SOBRE LA PARED TORÁCICA, PLEURA, MEDIASTINO Y DIAFRAGMA",D,,,,SI
3429,34.29,OTROS PROCEDIMIENTOS DIAGNÓSTICOS SOBRE MEDIASTINO,4,34,"OPERACIONES SOBRE LA PARED TORÁCICA, PLEURA, MEDIASTINO Y DIAFRAGMA",D,,,,SI
343,34.3,EXCISIÓN O DESTRUCCIÓN DE LESIÓN O TEJIDO DE MEDIASTINO,3,34,"OPERACIONES SOBRE LA PARED TORÁCICA, PLEURA, MEDIASTINO Y DIAFRAGMA",,,,,NO
343X,34.3X,EXCISIÓN O DESTRUCCIÓN DE LESIÓN O TEJIDO DE MEDIASTINO,4,34,"OPERACIONES SOBRE LA PARED TORÁCICA, PLEURA, MEDIASTINO Y DIAFRAGMA",Q,,,,SI
344,34.4,EXCISIÓN O DESTRUCCIÓN DE LESIÓN DE PARED TORÁCICA,3,34,"OPERACIONES SOBRE LA PARED TORÁCICA, PLEURA, MEDIASTINO Y DIAFRAGMA",,,,,NO
344X,34.4X,EXCISIÓN O DESTRUCCIÓN DE LESIÓN DE PARED TORÁCICA,4,34,"OPERACIONES SOBRE LA PARED TORÁCICA, PLEURA, MEDIASTINO Y DIAFRAGMA",Q,,,,SI
345,34.5,PLEURECTOMÍA,3,34,"OPERACIONES SOBRE LA PARED TORÁCICA, PLEURA, MEDIASTINO Y DIAFRAGMA",,,,,NO
3451,34.51,DECORTICACIÓN DE PULMÓN,4,34,"OPERACIONES SOBRE LA PARED TORÁCICA, PLEURA, MEDIASTINO Y DIAFRAGMA",Q,,,,SI
3452,34.52,DECORTICACIÓN DE PULMÓN POR TORACOSCOPÍA,4,34,"OPERACIONES SOBRE LA PARED TORÁCICA, PLEURA, MEDIASTINO Y DIAFRAGMA",Q,,,,SI
3459,34.59,OTROS EXCISIÓN DE PLEURA,4,34,"OPERACIONES SOBRE LA PARED TORÁCICA, PLEURA, MEDIASTINO Y DIAFRAGMA",Q,,,,SI
346,34.6,ESCARIFICACIÓN DE PLEURA,3,34,"OPERACIONES SOBRE LA PARED TORÁCICA, PLEURA, MEDIASTINO Y DIAFRAGMA",,,,,NO
346X,34.6X,ESCARIFICACIÓN DE PLEURA,4,34,"OPERACIONES SOBRE LA PARED TORÁCICA, PLEURA, MEDIASTINO Y DIAFRAGMA",Q,,,,SI
347,34.7,REPARACIÓN DE PARED TORÁCICA,3,34,"OPERACIONES SOBRE LA PARED TORÁCICA, PLEURA, MEDIASTINO Y DIAFRAGMA",,,,,NO
3471,34.71,SUTURA DE LACERACIÓN DE PARED TORÁCICA,4,34,"OPERACIONES SOBRE LA PARED TORÁCICA, PLEURA, MEDIASTINO Y DIAFRAGMA",Q,,,,SI
3472,34.72,CIERRE DE TORACOSTOMÍA,4,34,"OPERACIONES SOBRE LA PARED TORÁCICA, PLEURA, MEDIASTINO Y DIAFRAGMA",Q,,,,SI
3473,34.73,CIERRE DE OTRA FÍSTULA DE TÓRAX,4,34,"OPERACIONES SOBRE LA PARED TORÁCICA, PLEURA, MEDIASTINO Y DIAFRAGMA",Q,,,,SI
3474,34.74,REPARACIÓN DE DEFORMIDAD DE PECTUS,4,34,"OPERACIONES SOBRE LA PARED TORÁCICA, PLEURA, MEDIASTINO Y DIAFRAGMA",Q,,,,SI
3479,34.79,OTRA REPARACIÓN SOBRE PARED TORÁCICA,4,34,"OPERACIONES SOBRE LA PARED TORÁCICA, PLEURA, MEDIASTINO Y DIAFRAGMA",Q,,,,SI
348,34.8,OPERACIONES EN DIAFRAGMA,3,34,"OPERACIONES SOBRE LA PARED TORÁCICA, PLEURA, MEDIASTINO Y DIAFRAGMA",,,,,NO
3481,34.81,EXCISIÓN DE LESIÓN O TEJIDO DE DIAFRAGMA,4,34,"OPERACIONES SOBRE LA PARED TORÁCICA, PLEURA, MEDIASTINO Y DIAFRAGMA",Q,,,,SI
3482,34.82,SUTURA DE LACERACIÓN DE DIAFRAGMA,4,34,"OPERACIONES SOBRE LA PARED TORÁCICA, PLEURA, MEDIASTINO Y DIAFRAGMA",Q,,,,SI
3483,34.83,CIERRE DE FÍSTULA DE DIAFRAGMA,4,34,"OPERACIONES SOBRE LA PARED TORÁCICA, PLEURA, MEDIASTINO Y DIAFRAGMA",Q,,,,SI
3484,34.84,OTRA REPARACIÓN DE DIAFRAGMA,4,34,"OPERACIONES SOBRE LA PARED TORÁCICA, PLEURA, MEDIASTINO Y DIAFRAGMA",Q,,,,SI
3485,34.85,IMPLANTACIÓN DE MARCAPASOS DIAFRAGMÁTICO,4,34,"OPERACIONES SOBRE LA PARED TORÁCICA, PLEURA, MEDIASTINO Y DIAFRAGMA",Q,,,,SI
3489,34.89,OTRAS OPERACIONES SOBRE DIAFRAGMA,4,34,"OPERACIONES SOBRE LA PARED TORÁCICA, PLEURA, MEDIASTINO Y DIAFRAGMA",Q,,,,SI
349,34.9,OTRAS OPERACIONES SOBRE TÓRAX,3,34,"OPERACIONES SOBRE LA PARED TORÁCICA, PLEURA, MEDIASTINO Y DIAFRAGMA",,,,,NO
3491,34.91,TORACOCENTESIS,4,34,"OPERACIONES SOBRE LA PARED TORÁCICA, PLEURA, MEDIASTINO Y DIAFRAGMA",Q,,,,SI
3492,34.92,INYECCIÓN EN LA CAVIDAD TORÁCICA,4,34,"OPERACIONES SOBRE LA PARED TORÁCICA, PLEURA, MEDIASTINO Y DIAFRAGMA",Q,,,,SI
3493,34.93,REPARACIÓN DE PLEURA,4,34,"OPERACIONES SOBRE LA PARED TORÁCICA, PLEURA, MEDIASTINO Y DIAFRAGMA",Q,,,,SI
3499,34.99,OTRA OPERACIÓN SOBRE TÓRAX,4,34,"OPERACIONES SOBRE LA PARED TORÁCICA, PLEURA, MEDIASTINO Y DIAFRAGMA",Q,,,,SI
00,00,OPERACIONES SOBRE EL APARATO CARDIOVASCULAR (35 - 39),2,00,PROCEDIMIENTOS DIAGNÓSTICOS Y TERAPÉUTICOS MISCELÁNEOS (87 - 99),,,,,NO
35,35,OPERACIONES SOBRE VÁLVULAS Y TABIQUES DEL CORAZÓN,2,35,OPERACIONES SOBRE VÁLVULAS Y TABIQUES DEL CORAZÓN,,,,,NO
350,35.0,VALVULOTOMÍA CARDÍACA CERRADA,3,35,OPERACIONES SOBRE VÁLVULAS Y TABIQUES DEL CORAZÓN,,,,,NO
3500,35.00,"VALVULOTOMÍA CARDÍACA CERRADA, VÁLVULA NO ESPECIFICADA",4,35,OPERACIONES SOBRE VÁLVULAS Y TABIQUES DEL CORAZÓN,Q,,,,SI
3501,35.01,"VALVULOTOMÍA CARDÍACA CERRADA, VÁLVULA AÓRTICA",4,35,OPERACIONES SOBRE VÁLVULAS Y TABIQUES DEL CORAZÓN,Q,,,,SI
3502,35.02,"VALVULOTOMÍA CARDÍACA CERRADA, VÁLVULA MITRAL",4,35,OPERACIONES SOBRE VÁLVULAS Y TABIQUES DEL CORAZÓN,Q,,,,SI
3503,35.03,"VALVULOTOMÍA CARDÍACA CERRADA, VÁLVULA PULMONAR",4,35,OPERACIONES SOBRE VÁLVULAS Y TABIQUES DEL CORAZÓN,Q,,,,SI
3504,35.04,"VALVULOTOMÍA CARDÍACA CERRADA, VÁLVULA TRICÚSPIDE",4,35,OPERACIONES SOBRE VÁLVULAS Y TABIQUES DEL CORAZÓN,Q,,,,SI
351,35.1,VALVULOPLASTIA CARDIACA ABIERTA SIN SUSTITUCIÓN VALVULAR,3,35,OPERACIONES SOBRE VÁLVULAS Y TABIQUES DEL CORAZÓN,,,,,NO
3510,35.10,"VALVULOPLASTIA CARDÍACA ABIERTA SIN SUSTITUCIÓN, VÁLVULA NO ESPECIFICADA",4,35,OPERACIONES SOBRE VÁLVULAS Y TABIQUES DEL CORAZÓN,Q,,,,SI
3511,35.11,VALVULOPLASTIA CARDÍACA ABIERTA DE VÁLVULA AÓRTICA SIN SUSTITUCIÓN,4,35,OPERACIONES SOBRE VÁLVULAS Y TABIQUES DEL CORAZÓN,Q,,,,SI
3512,35.12,VALVULOPLASTIA CARDÍACA ABIERTA DE VÁLVULA MITRAL SIN SUSTITUCIÓN,4,35,OPERACIONES SOBRE VÁLVULAS Y TABIQUES DEL CORAZÓN,Q,,,,SI
3513,35.13,VALVULOPLASTIA CARDIACA ABIERTA DE VÁLVULA PULMONAR SIN SUSTITUCIÓN,4,35,OPERACIONES SOBRE VÁLVULAS Y TABIQUES DEL CORAZÓN,Q,,,,SI
3514,35.14,VALVULOPLASTIA CARDIACA ABIERTA DE VÁLVULA TRICÚSPIDE SIN SUSTITUCIÓN,4,35,OPERACIONES SOBRE VÁLVULAS Y TABIQUES DEL CORAZÓN,Q,,,,SI
352,35.2,SUSTITUCIÓN DE VÁLVULA CARDIACA,3,35,OPERACIONES SOBRE VÁLVULAS Y TABIQUES DEL CORAZÓN,,,,,NO
3520,35.20,SUSTITUCIÓN DE VÁLVULA CARDIACA NO ESPECIFICADA,4,35,OPERACIONES SOBRE VÁLVULAS Y TABIQUES DEL CORAZÓN,Q,,,,SI
3521,35.21,SUSTITUCIÓN DE VÁLVULA AÓRTICA CON INJERTO DE TEJIDO,4,35,OPERACIONES SOBRE VÁLVULAS Y TABIQUES DEL CORAZÓN,Q,,,,SI
3522,35.22,OTRA SUSTITUCIÓN DE VÁLVULA AÓRTICA,4,35,OPERACIONES SOBRE VÁLVULAS Y TABIQUES DEL CORAZÓN,Q,,,,SI
3523,35.23,SUSTITUCIÓN DE VÁLVULA MITRAL CON INJERTO DE TEJIDO,4,35,OPERACIONES SOBRE VÁLVULAS Y TABIQUES DEL CORAZÓN,Q,,,,SI
3524,35.24,OTRA SUSTITUCIÓN DE VÁLVULA MITRAL,4,35,OPERACIONES SOBRE VÁLVULAS Y TABIQUES DEL CORAZÓN,Q,,,,SI
3525,35.25,SUSTITUCIÓN DE VÁLVULA PULMONAR CON INJERTO DE TEJIDO,4,35,OPERACIONES SOBRE VÁLVULAS Y TABIQUES DEL CORAZÓN,Q,,,,SI
3526,35.26,OTRA SUSTITUCIÓN DE VÁLVULA PULMONAR,4,35,OPERACIONES SOBRE VÁLVULAS Y TABIQUES DEL CORAZÓN,Q,,,,SI
3527,35.27,SUSTITUCIÓN DE VÁLVULA TRICÚSPIDE CON INJERTO DE TEJIDO,4,35,OPERACIONES SOBRE VÁLVULAS Y TABIQUES DEL CORAZÓN,Q,,,,SI
3528,35.28,OTRA SUSTITUCIÓN DE VÁLVULA TRICÚSPIDE,4,35,OPERACIONES SOBRE VÁLVULAS Y TABIQUES DEL CORAZÓN,Q,,,,SI
353,35.3,OPERACIONES SOBRE ESTRUCTURAS ADYACENTES A LAS VÁLVULAS CARDIACAS,3,35,OPERACIONES SOBRE VÁLVULAS Y TABIQUES DEL CORAZÓN,,,,,NO
3531,35.31,OPERACIONES SOBRE MÚSCULO PAPILAR,4,35,OPERACIONES SOBRE VÁLVULAS Y TABIQUES DEL CORAZÓN,Q,,,,SI
3532,35.32,OPERACIONES SOBRE CUERDAS TENDINOSAS,4,35,OPERACIONES SOBRE VÁLVULAS Y TABIQUES DEL CORAZÓN,Q,,,,SI
3533,35.33,ANULOPLASTIA,4,35,OPERACIONES SOBRE VÁLVULAS Y TABIQUES DEL CORAZÓN,Q,,,,SI
3534,35.34,INFUNDIBULECTOMÍA,4,35,OPERACIONES SOBRE VÁLVULAS Y TABIQUES DEL CORAZÓN,Q,,,,SI
3535,35.35,OPERACIONES SOBRE TRABÉCULAS DEL CORAZÓN,4,35,OPERACIONES SOBRE VÁLVULAS Y TABIQUES DEL CORAZÓN,Q,,,,SI
3539,35.39,OPERACIONES SOBRE OTRAS ESTRUCTURAS ADYACENTES A LAS VÁLVULAS CARDIACAS,4,35,OPERACIONES SOBRE VÁLVULAS Y TABIQUES DEL CORAZÓN,Q,,,,SI
354,35.4,PRODUCCIÓN DE DEFECTO DE TABIQUE EN EL CORAZÓN,3,35,OPERACIONES SOBRE VÁLVULAS Y TABIQUES DEL CORAZÓN,,,,,NO
3541,35.41,AMPLIACIÓN DE DEFECTO EXISTENTE EN TABIQUE INTERAURICULAR,4,35,OPERACIONES SOBRE VÁLVULAS Y TABIQUES DEL CORAZÓN,Q,,,,SI
3542,35.42,CREACIÓN DE DEFECTO DE TABIQUE EN EL CORAZÓN,4,35,OPERACIONES SOBRE VÁLVULAS Y TABIQUES DEL CORAZÓN,Q,,,,SI
355,35.5,REPARACIÓN DE TABIQUES INTERAURICULAR E INTERVENTRICULAR CON PRÓTESIS,3,35,OPERACIONES SOBRE VÁLVULAS Y TABIQUES DEL CORAZÓN,,,,,NO
3550,35.50,REPARACIÓN DE DEFECTO NO ESPECIFICADO DE TABIQUES CARDÍACOS CON PRÓTESIS,4,35,OPERACIONES SOBRE VÁLVULAS Y TABIQUES DEL CORAZÓN,Q,,,,SI
3551,35.51,"REPARACIÓN DE DEFECTO DE TABIQUE INTERAURICULAR CON PRÓTESIS, TÉCNICA ABIERTA",4,35,OPERACIONES SOBRE VÁLVULAS Y TABIQUES DEL CORAZÓN,Q,,,,SI
3552,35.52,"REPARACIÓN DE DEFECTO DE TABIQUE INTERAURICULAR CON PRÓTESIS, TÉCNICA CERRADA",4,35,OPERACIONES SOBRE VÁLVULAS Y TABIQUES DEL CORAZÓN,Q,,,,SI
3553,35.53,"REPARACIÓN DE DEFECTO DE TABIQUE INTERVENTRICULAR CON PRÓTESIS, TÉCNICA ABIERTA",4,35,OPERACIONES SOBRE VÁLVULAS Y TABIQUES DEL CORAZÓN,Q,,,,SI
3554,35.54,REPARACIÓN DE DEFECTO DE COJINES ENDOCÁRDICOS CON PRÓTESIS,4,35,OPERACIONES SOBRE VÁLVULAS Y TABIQUES DEL CORAZÓN,Q,,,,SI
3555,35.55,"REPARACIÓN DE DEFECTO DE TABIQUE INTERVENTRICULAR CON PRÓTESIS, TÉCNICA CERRADA",4,35,OPERACIONES SOBRE VÁLVULAS Y TABIQUES DEL CORAZÓN,Q,,,,SI
356,35.6,REPARACIÓN DE TABIQUES INTERAURICULAR E INTERVENTRICULAR CON INJERTO DE TEJIDO,3,35,OPERACIONES SOBRE VÁLVULAS Y TABIQUES DEL CORAZÓN,,,,,NO
3560,35.60,REPARACIÓN DE DEFECTO DE TABIQUE CARDÍACO NO ESPECIFICADO CON INJERTO DE TEJIDO,4,35,OPERACIONES SOBRE VÁLVULAS Y TABIQUES DEL CORAZÓN,Q,,,,SI
3561,35.61,REPARACIÓN DE DEFECTO DE TABIQUE INTERAURICULAR CON INJERTO DE TEJIDO,4,35,OPERACIONES SOBRE VÁLVULAS Y TABIQUES DEL CORAZÓN,Q,,,,SI
3562,35.62,REPARACIÓN DE DEFECTO DE TABIQUE INTERVENTRICULAR CON INJERTO DE TEJIDO,4,35,OPERACIONES SOBRE VÁLVULAS Y TABIQUES DEL CORAZÓN,Q,,,,SI
3563,35.63,REPARACIÓN DE DEFECTO DE COJINES ENDOCÁRDICOS CON INJERTO DE TEJIDO,4,35,OPERACIONES SOBRE VÁLVULAS Y TABIQUES DEL CORAZÓN,Q,,,,SI
357,35.7,OTRA REPARACIÓN NO ESPECIFICADA DEL TABIQUE INTERAURICULAR E INTERVENTRICULAR,3,35,OPERACIONES SOBRE VÁLVULAS Y TABIQUES DEL CORAZÓN,,,,,NO
3570,35.70,OTRA REPARACIÓN NO ESPECIFICADA DE DEFECTOS DE TABIQUES CARDÍACOS,4,35,OPERACIONES SOBRE VÁLVULAS Y TABIQUES DEL CORAZÓN,Q,,,,SI
3571,35.71,OTRA REPARACIÓN NO ESPECIFICADA DE TABIQUE INTERAURICULAR,4,35,OPERACIONES SOBRE VÁLVULAS Y TABIQUES DEL CORAZÓN,Q,,,,SI
3572,35.72,OTRA REPARACIÓN NO ESPECIFICADA DE TABIQUE INTERVENTRICULAR,4,35,OPERACIONES SOBRE VÁLVULAS Y TABIQUES DEL CORAZÓN,Q,,,,SI
3573,35.73,OTRA REPARACIÓN NO ESPECIFICADA DE DEFECTO DE COJINES ENDOCÁRDICOS,4,35,OPERACIONES SOBRE VÁLVULAS Y TABIQUES DEL CORAZÓN,Q,,,,SI
358,35.8,REPARACIÓN TOTAL DE CIERTAS ANOMALÍAS CARDIACAS CONGÉNITAS,3,35,OPERACIONES SOBRE VÁLVULAS Y TABIQUES DEL CORAZÓN,,,,,NO
3581,35.81,REPARACIÓN TOTAL DE TETRALOGÍA DE FALLOT,4,35,OPERACIONES SOBRE VÁLVULAS Y TABIQUES DEL CORAZÓN,Q,,,,SI
3582,35.82,REPARACIÓN COMPLETA DE DRENAJE VENOSO PULMONAR ANÓMALO TOTAL,4,35,OPERACIONES SOBRE VÁLVULAS Y TABIQUES DEL CORAZÓN,Q,,,,SI
3583,35.83,REPARACIÓN TOTAL DE TRONCO ARTERIOSO,4,35,OPERACIONES SOBRE VÁLVULAS Y TABIQUES DEL CORAZÓN,Q,,,,SI
3584,35.84,"CORRECCIÓN TOTAL O TRANSPOSICIÓN DE GRANDES VASOS, NO CLASIFICADA BAJO OTRO CONCEPTO",4,35,OPERACIONES SOBRE VÁLVULAS Y TABIQUES DEL CORAZÓN,Q,,,,SI
359,35.9,OTRAS OPERACIONES SOBRE VÁLVULAS Y TABIQUES CARDIACOS,3,35,OPERACIONES SOBRE VÁLVULAS Y TABIQUES DEL CORAZÓN,,,,,NO
3591,35.91,TRANSPOSICIÓN INTERAURICULAR DEL RETORNO VENOSO,4,35,OPERACIONES SOBRE VÁLVULAS Y TABIQUES DEL CORAZÓN,Q,,,,SI
3592,35.92,CREACIÓN DE CONDUCTO ENTRE EL VENTRÍCULO DERECHO Y LA ARTERIA PULMONAR,4,35,OPERACIONES SOBRE VÁLVULAS Y TABIQUES DEL CORAZÓN,Q,,,,SI
3593,35.93,CREACIÓN DE CONDUCTO ENTRE EL VENTRÍCULO IZQUIERDO Y LA AORTA,4,35,OPERACIONES SOBRE VÁLVULAS Y TABIQUES DEL CORAZÓN,Q,,,,SI
3594,35.94,CREACIÓN DE CONDUCTO ENTRE AURÍCULA Y ARTERIA PULMONAR,4,35,OPERACIONES SOBRE VÁLVULAS Y TABIQUES DEL CORAZÓN,Q,,,,SI
3595,35.95,REVISIÓN DE PROCEDIMIENTO CORRECTIVO SOBRE EL CORAZÓN,4,35,OPERACIONES SOBRE VÁLVULAS Y TABIQUES DEL CORAZÓN,Q,,,,SI
3596,35.96,VALVULOPLASTIA PERCUTÁNEA,4,35,OPERACIONES SOBRE VÁLVULAS Y TABIQUES DEL CORAZÓN,Q,,,,SI
3598,35.98,OTRAS OPERACIONES SOBRE TABIQUES CARDÍACOS,4,35,OPERACIONES SOBRE VÁLVULAS Y TABIQUES DEL CORAZÓN,Q,,,,SI
3599,35.99,OTRAS OPERACIONES SOBRE VÁLVULAS CARDÍACAS,4,35,OPERACIONES SOBRE VÁLVULAS Y TABIQUES DEL CORAZÓN,Q,,,,SI
36,36,OPERACIONES SOBRE VASOS CARDIACOS,2,36,OPERACIONES SOBRE VASOS CARDIACOS,,,,,NO
360,36.0,"ELIMINACIÓN DE ESTENOSIS ARTERIAL CORONARIA CON O SIN IMPLANTE DE PRÓTESIS INTRACORONARIA(S) ""STENT""(S)",3,36,OPERACIONES SOBRE VASOS CARDIACOS,,,,,NO
3603,36.03,ANGIOPLASTIA DE ARTERIA CORONARIA A TÓRAX ABIERTO,4,36,OPERACIONES SOBRE VASOS CARDIACOS,Q,,,,SI
3604,36.04,INFUSIÓN ARTERIAL INTRACORONARIA DE TROMBOLÍTICO,4,36,OPERACIONES SOBRE VASOS CARDIACOS,Q,,,,SI
3606,36.06,INSERCIÓN DE STENT(S) NO LIBERADOR DE FÁRMACOS EN ARTERIA CORONARIA,4,36,OPERACIONES SOBRE VASOS CARDIACOS,Q,,,,SI
3607,36.07,INSERCIÓN DE STENT(S) LIBERADOR (ES) DE FÁRMACOS EN ARTERIA CORONARIA,4,36,OPERACIONES SOBRE VASOS CARDIACOS,Q,,,,SI
3609,36.09,OTRA ELIMINACIÓN DE OBSTRUCCIÓN DE ARTERIA CORONARIA,4,36,OPERACIONES SOBRE VASOS CARDIACOS,Q,,,,SI
361,36.1,ANASTOMOSIS DE DERIVACIÓN PARA REVASCULARIZACIÓN MIOCÁRDICA,3,36,OPERACIONES SOBRE VASOS CARDIACOS,,,,,NO
3610,36.10,"DERIVACIÓN AORTOCORONARIA PARA REVASCULARIZACIÓN MIOCÁRDICA, NO ESPECIFICADA DE OTRA MANERA",4,36,OPERACIONES SOBRE VASOS CARDIACOS,Q,,,,SI
3611,36.11,DERIVACIÓN (AORTO) CORONARIA DE UNA ARTERIA CORONARIA,4,36,OPERACIONES SOBRE VASOS CARDIACOS,Q,,,,SI
3612,36.12,DERIVACIÓN (AORTO) CORONARIA DE DOS ARTERIAS CORONARIAS,4,36,OPERACIONES SOBRE VASOS CARDIACOS,Q,,,,SI
3613,36.13,DERIVACIÓN (AORTO) CORONARIA DE TRES ARTERIAS CORONARIAS,4,36,OPERACIONES SOBRE VASOS CARDIACOS,Q,,,,SI
3614,36.14,DERIVACIÓN (AORTO) CORONARIA DE CUATRO O MÁS ARTERIAS CORONARIAS,4,36,OPERACIONES SOBRE VASOS CARDIACOS,Q,,,,SI
3615,36.15,ANASTOMOSIS SIMPLE DE ARTERIA MAMARIA INTERNA-ARTERIA CORONARIA,4,36,OPERACIONES SOBRE VASOS CARDIACOS,Q,,,,SI
3616,36.16,ANASTOMOSIS DOBLE DE ARTERIA MAMARIA INTERNA-ARTERIA CORONARIA,4,36,OPERACIONES SOBRE VASOS CARDIACOS,Q,,,,SI
3617,36.17,ANASTOMOSIS DE LA ARTERIA CORONARIA ABDOMINAL,4,36,OPERACIONES SOBRE VASOS CARDIACOS,Q,,,,SI
3619,36.19,OTRAS ANASTOMOSIS DE DERIVACIÓN PARA REVASCULARIZACIÓN MIOCÁRDICA,4,36,OPERACIONES SOBRE VASOS CARDIACOS,Q,,,,SI
362,36.2,REVASCULARIZACIÓN CARDIACA POR IMPLANTACIÓN ARTERIAL,3,36,OPERACIONES SOBRE VASOS CARDIACOS,,,,,NO
362X,36.2X,REVASCULARIZACIÓN CARDÍACA POR IMPLANTACIÓN ARTERIAL,4,36,OPERACIONES SOBRE VASOS CARDIACOS,Q,,,,SI
363,36.3,OTRA REVASCULARIZACIÓN CARDÍACA,3,36,OPERACIONES SOBRE VASOS CARDIACOS,,,,,NO
3631,36.31,REVASCULARIZACIÓN TRANSMIOCÁRDIACA CON TORAX ABIERTO,4,36,OPERACIONES SOBRE VASOS CARDIACOS,Q,,,,SI
3632,36.32,OTRA REVASCULARIZACIÓN TRANSMIOCÁRDICA,4,36,OPERACIONES SOBRE VASOS CARDIACOS,Q,,,,SI
3633,36.33,REVASCULARIZACIÓN TRANSMIOCÁRDICA ENDOSCÓPICA,4,36,OPERACIONES SOBRE VASOS CARDIACOS,Q,,,,SI
3634,36.34,REVASCULARIZACIÓN TRANSMIOCÁRDICA PERCUTÁNEA,4,36,OPERACIONES SOBRE VASOS CARDIACOS,Q,,,,SI
3639,36.39,OTRA REVASCULARIZACIÓN DEL CORAZÓN,4,36,OPERACIONES SOBRE VASOS CARDIACOS,Q,,,,SI
369,36.9,OTRAS OPERACIONES SOBRE VASOS CARDIACOS,3,36,OPERACIONES SOBRE VASOS CARDIACOS,,,,,NO
3691,36.91,REPARACIÓN DE ANEURISMA DE VASO CORONARIO,4,36,OPERACIONES SOBRE VASOS CARDIACOS,Q,,,,SI
3699,36.99,OTRAS OPERACIONES SOBRE VASOS CARDÍACOS,4,36,OPERACIONES SOBRE VASOS CARDIACOS,Q,,,,SI
37,37,OTRAS OPERACIONES SOBRE CORAZÓN Y PERICARDIO,2,37,OTRAS OPERACIONES SOBRE CORAZÓN Y PERICARDIO,,,,,NO
370,37.0,PERICARDIOCENTESIS,3,37,OTRAS OPERACIONES SOBRE CORAZÓN Y PERICARDIO,,,,,NO
370X,37.0X,PERICARDIOCENTESIS,4,37,OTRAS OPERACIONES SOBRE CORAZÓN Y PERICARDIO,Q,,,,SI
371,37.1,CARDIOTOMÍA Y PERICARDIOTOMÍA,3,37,OTRAS OPERACIONES SOBRE CORAZÓN Y PERICARDIO,,,,,NO
3710,37.10,"INCISIÓN DE CORAZÓN, NO ESPECIFICADO DE OTRA MANERA",4,37,OTRAS OPERACIONES SOBRE CORAZÓN Y PERICARDIO,Q,,,,SI
3711,37.11,CARDIOTOMÍA,4,37,OTRAS OPERACIONES SOBRE CORAZÓN Y PERICARDIO,Q,,,,SI
3712,37.12,PERICARDIOTOMÍA,4,37,OTRAS OPERACIONES SOBRE CORAZÓN Y PERICARDIO,Q,,,,SI
372,37.2,PROCEDIMIENTOS DIAGNÓSTICOS SOBRE CORAZÓN Y PERICARDIO,3,37,OTRAS OPERACIONES SOBRE CORAZÓN Y PERICARDIO,,,,,NO
3720,37.20,ESTIMULACIÓN ELÉCTRICA PROGRAMADA NO INVASIVA [EEPNI] [NIPS],4,37,OTRAS OPERACIONES SOBRE CORAZÓN Y PERICARDIO,D,,,,SI
3721,37.21,CATETERISMO CARDÍACO DEL LADO DERECHO DEL CORAZÓN,4,37,OTRAS OPERACIONES SOBRE CORAZÓN Y PERICARDIO,D,,,,SI
3722,37.22,CATETERISMO CARDÍACO DEL LADO IZQUIERDO DEL CORAZÓN,4,37,OTRAS OPERACIONES SOBRE CORAZÓN Y PERICARDIO,D,,,,SI
3723,37.23,CATETERISMO COMBINADO DE LOS LADOS DERECHO E IZQUIERDO DEL CORAZÓN,4,37,OTRAS OPERACIONES SOBRE CORAZÓN Y PERICARDIO,D,,,,SI
3724,37.24,BIOPSIA DE PERICARDIO,4,37,OTRAS OPERACIONES SOBRE CORAZÓN Y PERICARDIO,D,,,,SI
3725,37.25,BIOPSIA DE CORAZÓN,4,37,OTRAS OPERACIONES SOBRE CORAZÓN Y PERICARDIO,D,,,,SI
3726,37.26,ESTUDIO ELECTROFISIOLÓGICO INVASIVO POR CATÉTER (CORAZÓN Y PERICARDIO),4,37,OTRAS OPERACIONES SOBRE CORAZÓN Y PERICARDIO,D,,,,SI
3727,37.27,MAPEO CARDIACO,4,37,OTRAS OPERACIONES SOBRE CORAZÓN Y PERICARDIO,D,,,,SI
3728,37.28,ECOCARDIOGRAFIA INTRACARDÍACA,4,37,OTRAS OPERACIONES SOBRE CORAZÓN Y PERICARDIO,D,,,,SI
3729,37.29,OTROS PROCEDIMIENTOS DIAGNÓSTICOS SOBRE CORAZÓN Y PERICARDIO,4,37,OTRAS OPERACIONES SOBRE CORAZÓN Y PERICARDIO,D,,,,SI
373,37.3,PERICARDIECTOMÍA Y EXCISIÓN DE LESIÓN DE CORAZÓN,3,37,OTRAS OPERACIONES SOBRE CORAZÓN Y PERICARDIO,,,,,NO
3731,37.31,PERICARDIECTOMÍA,4,37,OTRAS OPERACIONES SOBRE CORAZÓN Y PERICARDIO,Q,,,,SI
3732,37.32,EXCISIÓN DE ANEURISMA DE CORAZÓN,4,37,OTRAS OPERACIONES SOBRE CORAZÓN Y PERICARDIO,Q,,,,SI
3733,37.33,EXCISIÓN O DESTRUCCIÓN DE OTRA LESIÓN O TEJIDO CARDÍACO POR VÍA ABIERTA,4,37,OTRAS OPERACIONES SOBRE CORAZÓN Y PERICARDIO,Q,,,,SI
3734,37.34,"EXCISIÓN O DESTRUCCIÓN DE OTRA LESIÓN O TEJIDOS DEL CORAZÓN, OTRO ACCESO",4,37,OTRAS OPERACIONES SOBRE CORAZÓN Y PERICARDIO,Q,,,,SI
3735,37.35,VENTRICULECTOMÍA PARCIAL,4,37,OTRAS OPERACIONES SOBRE CORAZÓN Y PERICARDIO,Q,,,,SI
3736,37.36,EXCISIÓN O DESTRUCCIÓN DE APÉNDICE DE AURÍCULA IZQUIERDA [LAA],4,37,OTRAS OPERACIONES SOBRE CORAZÓN Y PERICARDIO,Q,,,,SI
374,37.4,REPARACIÓN DE CORAZÓN Y PERICARDIO,3,37,OTRAS OPERACIONES SOBRE CORAZÓN Y PERICARDIO,,,,,NO
3741,37.41,IMPLANTACIÓN DE DISPOSITIVO PROTÉSICO DE ASISTENCIA CARDIACA ALREDEDOR DEL CORAZÓN,4,37,OTRAS OPERACIONES SOBRE CORAZÓN Y PERICARDIO,Q,,,,SI
3749,37.49,OTRA REPARACIÓN DE CORAZÓN Y PERICARDIO,4,37,OTRAS OPERACIONES SOBRE CORAZÓN Y PERICARDIO,Q,,,,SI
375,37.5,PROCEDIMIENTOS DE SUSTITUCIÓN CARDÍACA,3,37,OTRAS OPERACIONES SOBRE CORAZÓN Y PERICARDIO,,,,,NO
3751,37.51,TRASPLANTE CARDÍACO,4,37,OTRAS OPERACIONES SOBRE CORAZÓN Y PERICARDIO,Q,,,,SI
3752,37.52,IMPLANTACIÓN DE SISTEMA TOTAL DE REEMPLAZO CARDÍACO INTERNO BIVENTRICULAR,4,37,OTRAS OPERACIONES SOBRE CORAZÓN Y PERICARDIO,Q,,,,SI
3753,37.53,REEMPLAZO O REPARACIÓN DE LA UNIDAD TORÁCICA DEL SISTEMA DE REEMPLAZO CARDÍACO (TOTAL),4,37,OTRAS OPERACIONES SOBRE CORAZÓN Y PERICARDIO,Q,,,,SI
3754,37.54,REEMPLAZO O REPARACIÓN DE OTRO COMPONENTE IMPLANTABLE DEL SISTEMA DE REEMPLAZO CARDÍACO TOTAL,4,37,OTRAS OPERACIONES SOBRE CORAZÓN Y PERICARDIO,Q,,,,SI
3755,37.55,RETIRO DE SISTEMA INTERNO BIVENTRICULAR DE REEMPLAZO CARDÍACO,4,37,OTRAS OPERACIONES SOBRE CORAZÓN Y PERICARDIO,Q,,,,SI
376,37.6,IMPLANTE DE SISTEMA(S) DE ASISTENCIA CARDIACA Y CIRCULATORIA,3,37,OTRAS OPERACIONES SOBRE CORAZÓN Y PERICARDIO,,,,,NO
3760,37.60,IMPLANTACIÓN O INSERCIÓN DE UN SISTEMA EXTERNO BIVENTRICULAR DE ASISTENCIA CARDÍACA,4,37,OTRAS OPERACIONES SOBRE CORAZÓN Y PERICARDIO,Q,,,,SI
3761,37.61,IMPLANTE DE BALÓN CONTRAPULSACIÓN,4,37,OTRAS OPERACIONES SOBRE CORAZÓN Y PERICARDIO,Q,,,,SI
3762,37.62,INSERCIÓN DE DISPOSITIVO DE ASISTENCIA CIRCULATORIA EXTRACORPÓREA TEMPORAL NO IMPLANTABLE,4,37,OTRAS OPERACIONES SOBRE CORAZÓN Y PERICARDIO,Q,,,,SI
3763,37.63,REPARACIÓN DE SISTEMA DE ASISTENCIA CARDIACA,4,37,OTRAS OPERACIONES SOBRE CORAZÓN Y PERICARDIO,Q,,,,SI
3764,37.64,EXTRACCIÓN DE SISTEMA(S) O DISPOSITIVO(S) EXTERNO DE ASISTENCIA CARDÍACA,4,37,OTRAS OPERACIONES SOBRE CORAZÓN Y PERICARDIO,Q,,,,SI
3765,37.65,IMPLANTACIÓN DE SISTEMA DE ASISTENCIA CARDIACA EXTERNA DE UN SOLO VENTRÍCULO [EXTRACORPOREO],4,37,OTRAS OPERACIONES SOBRE CORAZÓN Y PERICARDIO,Q,,,,SI
3766,37.66,INSERCIÓN DE SISTEMA IMPLANTABLE DE ASISTENCIA CARDIACA,4,37,OTRAS OPERACIONES SOBRE CORAZÓN Y PERICARDIO,Q,,,,SI
3767,37.67,IMPLANTACIÓN DE SISTEMA DE CARDIOMIOESTIMULACIÓN,4,37,OTRAS OPERACIONES SOBRE CORAZÓN Y PERICARDIO,Q,,,,SI
3768,37.68,INSERCIÓN DE DISPOSITIVO DE ASISTENCIA CARDÍACA EXTERNO PERCUTÁNEO,4,37,OTRAS OPERACIONES SOBRE CORAZÓN Y PERICARDIO,Q,,,,SI
377,37.7,"INSERCIÓN, REVISIÓN, SUSTITUCIÓN Y ELIMINACIÓN DE ELECTRODOS; INSERCIÓN DE SISTEMA DE MARCAPASOS TEMPORAL O REVISIÓN DE BOLSA DE DISPOSITIVO CARDIACO",3,37,OTRAS OPERACIONES SOBRE CORAZÓN Y PERICARDIO,,,,,NO
3770,37.70,INSERCIÓN INICIAL DE ELECTRODO NO ESPECIFICADO DE OTRA MANERA,4,37,OTRAS OPERACIONES SOBRE CORAZÓN Y PERICARDIO,Q,,,,SI
3771,37.71,INSERCIÓN INICIAL DE ELECTRODO TRANSVENOSO EN VENTRÍCULO,4,37,OTRAS OPERACIONES SOBRE CORAZÓN Y PERICARDIO,Q,,,,SI
3772,37.72,INSERCIÓN INICIAL DE ELECTRODO TRANSVENOSO EN AURICULA Y VENTRÍCULO,4,37,OTRAS OPERACIONES SOBRE CORAZÓN Y PERICARDIO,Q,,,,SI
3773,37.73,INSERCIÓN INICIAL DE ELECTRODO TRANSVENOSO EN AURÍCULA,4,37,OTRAS OPERACIONES SOBRE CORAZÓN Y PERICARDIO,Q,,,,SI
3774,37.74,INSERCIÓN O SUSTITUCIÓN DE ELECTRODO EPICÁRDICO,4,37,OTRAS OPERACIONES SOBRE CORAZÓN Y PERICARDIO,Q,,,,SI
3775,37.75,REVISIÓN DE CABLE (ELECTRODO),4,37,OTRAS OPERACIONES SOBRE CORAZÓN Y PERICARDIO,Q,,,,SI
3776,37.76,SUSTITUCIÓN DE ELECTRODO TRANSVENOSO EN AURÍCULA Y VENTRÍCULO,4,37,OTRAS OPERACIONES SOBRE CORAZÓN Y PERICARDIO,Q,,,,SI
3777,37.77,EXTRACCIÓN DE ELECTRODO SIN SUSTITUCIÓN,4,37,OTRAS OPERACIONES SOBRE CORAZÓN Y PERICARDIO,Q,,,,SI
3778,37.78,INSERCIÓN DE UN SISTEMA DE MARCAPASOS TRANSVENOSO TEMPORAL,4,37,OTRAS OPERACIONES SOBRE CORAZÓN Y PERICARDIO,Q,,,,SI
3779,37.79,REVISIÓN O REUBICACIÓN DE BOLSA DE DISPOSITIVO CARDIACO,4,37,OTRAS OPERACIONES SOBRE CORAZÓN Y PERICARDIO,Q,,,,SI
378,37.8,"INSERCIÓN, SUSTITUCIÓN, EXTRACCIÓN Y REVISIÓN DE DISPOSITIVO MARCAPASOS",3,37,OTRAS OPERACIONES SOBRE CORAZÓN Y PERICARDIO,,,,,NO
3780,37.80,"INSERCIÓN DE MARCAPASOS PERMANENTE, INICIAL O SUSTITUÍDO, SIN ESPECIFICAR TIPO DE APARATO",4,37,OTRAS OPERACIONES SOBRE CORAZÓN Y PERICARDIO,Q,,,,SI
3781,37.81,"INSERCIÓN INICIAL DE UN DISPOSITIVO DE CÁMARA ÚNICA, NO ESPECIFICADO COMO RESPUESTA EN FRECUENCIA",4,37,OTRAS OPERACIONES SOBRE CORAZÓN Y PERICARDIO,Q,,,,SI
3782,37.82,"INSERCIÓN INICIAL DE UN APARATO DE CÁMARA ÚNICA, CON RESPUESTA EN FRECUENCIA",4,37,OTRAS OPERACIONES SOBRE CORAZÓN Y PERICARDIO,Q,,,,SI
3783,37.83,INSERCIÓN INICIAL DE DISPOSITIVO DE DOBLE CÁMARA,4,37,OTRAS OPERACIONES SOBRE CORAZÓN Y PERICARDIO,Q,,,,SI
3785,37.85,"SUSTITUCIÓN DE CUALQUIER TIPO DE MARCAPASOS CON APARATO DE CÁMARA ÚNICA, NO ESPECIFICADO COMO RESPUESTA EN FRECUENCIA",4,37,OTRAS OPERACIONES SOBRE CORAZÓN Y PERICARDIO,Q,,,,SI
3786,37.86,"SUSTITUCIÓN DE CUALQUIER TIPO DE MARCAPASOS CON APARATO DE CÁMARA ÚNICA, CON RESPUESTA EN FRECUENCIA",4,37,OTRAS OPERACIONES SOBRE CORAZÓN Y PERICARDIO,Q,,,,SI
3787,37.87,SUSTITUCIÓN DE CUALQUIER TIPO DE MARCAPASOS CON DISPOSITIVO DE CÁMARA DOBLE,4,37,OTRAS OPERACIONES SOBRE CORAZÓN Y PERICARDIO,Q,,,,SI
3789,37.89,REVISIÓN O EXTRACCIÓN DE MARCAPASOS CARDÍACO,4,37,OTRAS OPERACIONES SOBRE CORAZÓN Y PERICARDIO,Q,,,,SI
379,37.9,OTRAS OPERACIONES SOBRE CORAZÓN Y PERICARDIO,3,37,OTRAS OPERACIONES SOBRE CORAZÓN Y PERICARDIO,,,,,NO
3790,37.90,INSERCIÓN DE DISPOSITIVO ACCESORIO AURICULAR IZQUIERDO,4,37,OTRAS OPERACIONES SOBRE CORAZÓN Y PERICARDIO,Q,,,,SI
3791,37.91,MASAJE CARDÍACO A TÓRAX ABIERTO,4,37,OTRAS OPERACIONES SOBRE CORAZÓN Y PERICARDIO,Q,,,,SI
3792,37.92,INYECCIÓN DE SUSTANCIA TERAPÉUTICA EN CORAZÓN,4,37,OTRAS OPERACIONES SOBRE CORAZÓN Y PERICARDIO,Q,,,,SI
3793,37.93,INYECCIÓN DE SUSTANCIA TERAPÉUTICA EN PERICARDIO,4,37,OTRAS OPERACIONES SOBRE CORAZÓN Y PERICARDIO,Q,,,,SI
3794,37.94,"IMPLANTACIÓN O SUSTITUCIÓN DE CARDIOVERSOR/DESFIBRILADOR AUTOMÁTICO, SISTEMA TOTAL [AICD] SISTEMA TOTAL",4,37,OTRAS OPERACIONES SOBRE CORAZÓN Y PERICARDIO,Q,,,,SI
3795,37.95,"IMPLANTE DE CARDIOVERSOR/DESFIBRILADOR AUTOMÁTICO, SÓLO ELECTRODOS",4,37,OTRAS OPERACIONES SOBRE CORAZÓN Y PERICARDIO,Q,,,,SI
3796,37.96,"IMPLANTACIÓN DE CARDIOVERSOR/DESFIBRILADOR AUTOMÁTICO, SÓLO GENERADOR DE PULSO",4,37,OTRAS OPERACIONES SOBRE CORAZÓN Y PERICARDIO,Q,,,,SI
3797,37.97,"SUSTITUCIÓN DE CARDIOVERSOR/DESFIBRILADOR AUTOMÁTICO, SÓLO CABLE(S)",4,37,OTRAS OPERACIONES SOBRE CORAZÓN Y PERICARDIO,Q,,,,SI
3798,37.98,"SUSTITUCIÓN DE CARDIOVERSOR/DESFIBRILADOR AUTOMÁTICO, SÓLO GENERADOR DE PULSO",4,37,OTRAS OPERACIONES SOBRE CORAZÓN Y PERICARDIO,Q,,,,SI
3799,37.99,OTRA OPERACIÓN SOBRE CORAZÓN Y PERICARDIO,4,37,OTRAS OPERACIONES SOBRE CORAZÓN Y PERICARDIO,Q,,,,SI
38,38,"INCISIÓN, EXCISIÓN Y OCLUSIÓN DE VASOS",2,38,"INCISIÓN, EXCISIÓN Y OCLUSIÓN DE VASOS",,,,,NO
380,38.0,INCISIÓN DE VASO,3,38,"INCISIÓN, EXCISIÓN Y OCLUSIÓN DE VASOS",,,,,NO
3800,38.00,"INCISIÓN DE VASO, SITIO NO ESPECIFICADO",4,38,"INCISIÓN, EXCISIÓN Y OCLUSIÓN DE VASOS",Q,,,,SI
3801,38.01,"INCISIÓN, VASOS INTRACRANEALES",4,38,"INCISIÓN, EXCISIÓN Y OCLUSIÓN DE VASOS",Q,,,,SI
3802,38.02,"INCISIÓN, OTROS VASOS DE CABEZA Y CUELLO",4,38,"INCISIÓN, EXCISIÓN Y OCLUSIÓN DE VASOS",Q,,,,SI
3803,38.03,"INCISIÓN, VASOS DE MIEMBROS SUPERIORES",4,38,"INCISIÓN, EXCISIÓN Y OCLUSIÓN DE VASOS",Q,,,,SI
3804,38.04,"INCISIÓN, AORTA",4,38,"INCISIÓN, EXCISIÓN Y OCLUSIÓN DE VASOS",Q,,,,SI
3805,38.05,"INCISIÓN, OTROS VASOS TORÁCICOS",4,38,"INCISIÓN, EXCISIÓN Y OCLUSIÓN DE VASOS",Q,,,,SI
3806,38.06,"INCISIÓN, ARTERIAS ABDOMINALES",4,38,"INCISIÓN, EXCISIÓN Y OCLUSIÓN DE VASOS",Q,,,,SI
3807,38.07,"INCISIÓN, VENAS ABDOMINALES",4,38,"INCISIÓN, EXCISIÓN Y OCLUSIÓN DE VASOS",Q,,,,SI
3808,38.08,"INCISIÓN, ARTERIAS DE MIEMBROS INFERIORES",4,38,"INCISIÓN, EXCISIÓN Y OCLUSIÓN DE VASOS",Q,,,,SI
3809,38.09,INCISIÓN DE VENAS DE MIEMBROS INFERIORES,4,38,"INCISIÓN, EXCISIÓN Y OCLUSIÓN DE VASOS",Q,,,,SI
381,38.1,ENDARTERECTOMÍA,3,38,"INCISIÓN, EXCISIÓN Y OCLUSIÓN DE VASOS",,,,,NO
3810,38.10,"ENDARTERECTOMÍA, SITIO NO ESPECIFICADO",4,38,"INCISIÓN, EXCISIÓN Y OCLUSIÓN DE VASOS",Q,,,,SI
3811,38.11,"ENDARTERECTOMÍA, VASOS INTRACRANEALES",4,38,"INCISIÓN, EXCISIÓN Y OCLUSIÓN DE VASOS",Q,,,,SI
3812,38.12,"ENDARTERECTOMÍA, OTROS VASOS DE CABEZA Y CUELLO",4,38,"INCISIÓN, EXCISIÓN Y OCLUSIÓN DE VASOS",Q,,,,SI
3813,38.13,"ENDARTERECTOMÍA, VASOS DE MIEMBROS SUPERIORES",4,38,"INCISIÓN, EXCISIÓN Y OCLUSIÓN DE VASOS",Q,,,,SI
3814,38.14,"ENDARTERECTOMÍA, AORTA",4,38,"INCISIÓN, EXCISIÓN Y OCLUSIÓN DE VASOS",Q,,,,SI
3815,38.15,"ENDARTERECTOMÍA, OTROS VASOS TORÁCICOS",4,38,"INCISIÓN, EXCISIÓN Y OCLUSIÓN DE VASOS",Q,,,,SI
3816,38.16,"ENDARTERECTOMÍA, ARTERIAS ABDOMINALES",4,38,"INCISIÓN, EXCISIÓN Y OCLUSIÓN DE VASOS",Q,,,,SI
3818,38.18,"ENDARTERECTOMÍA, ARTERIAS DE MIEMBROS INFERIORES",4,38,"INCISIÓN, EXCISIÓN Y OCLUSIÓN DE VASOS",Q,,,,SI
382,38.2,PROCEDIMIENTOS DIAGNÓSTICOS SOBRE VASOS SANGUÍNEOS,3,38,"INCISIÓN, EXCISIÓN Y OCLUSIÓN DE VASOS",,,,,NO
3821,38.21,BIOPSIA DE VASO SANGUÍNEO,4,38,"INCISIÓN, EXCISIÓN Y OCLUSIÓN DE VASOS",D,,,,SI
3822,38.22,ANGIOSCOPIA PERCUTÁNEA,4,38,"INCISIÓN, EXCISIÓN Y OCLUSIÓN DE VASOS",D,,,,SI
3823,38.23,ESPECTROSCOPÍA INTRAVASCULAR,4,38,"INCISIÓN, EXCISIÓN Y OCLUSIÓN DE VASOS",D,,,,SI
3829,38.29,OTROS PROCEDIMIENTOS DIAGNÓSTICOS SOBRE VASOS SANGUÍNEOS,4,38,"INCISIÓN, EXCISIÓN Y OCLUSIÓN DE VASOS",D,,,,SI
383,38.3,RESECCIÓN DE VASO CON ANASTOMOSIS,3,38,"INCISIÓN, EXCISIÓN Y OCLUSIÓN DE VASOS",,,,,NO
3830,38.30,"RESECCIÓN DE VASO CON ANASTOMOSIS, SITIO NO ESPECIFICADO",4,38,"INCISIÓN, EXCISIÓN Y OCLUSIÓN DE VASOS",Q,,,,SI
3831,38.31,"RESECCIÓN DE VASO CON ANASTOMOSIS, VASOS INTRACRANEALES",4,38,"INCISIÓN, EXCISIÓN Y OCLUSIÓN DE VASOS",Q,,,,SI
3832,38.32,"RESECCIÓN DE VASO CON ANASTOMOSIS, OTROS VASOS DE CABEZA Y CUELLO",4,38,"INCISIÓN, EXCISIÓN Y OCLUSIÓN DE VASOS",Q,,,,SI
3833,38.33,"RESECCIÓN DE VASO CON ANASTOMOSIS, VASOS DE MIEMBROS SUPERIORES",4,38,"INCISIÓN, EXCISIÓN Y OCLUSIÓN DE VASOS",Q,,,,SI
3834,38.34,"RESECCIÓN DE VASO CON ANASTOMOSIS, AORTA",4,38,"INCISIÓN, EXCISIÓN Y OCLUSIÓN DE VASOS",Q,,,,SI
3835,38.35,"RESECCIÓN DE VASO CON ANASTOMOSIS, OTROS VASOS TORÁCICOS",4,38,"INCISIÓN, EXCISIÓN Y OCLUSIÓN DE VASOS",Q,,,,SI
3836,38.36,"RESECCIÓN DE VASO CON ANASTOMOSIS, ARTERIAS ABDOMINALES",4,38,"INCISIÓN, EXCISIÓN Y OCLUSIÓN DE VASOS",Q,,,,SI
3837,38.37,"RESECCIÓN DE VASO CON ANASTOMOSIS, VENAS ABDOMINALES",4,38,"INCISIÓN, EXCISIÓN Y OCLUSIÓN DE VASOS",Q,,,,SI
3838,38.38,"RESECCIÓN DE VASO CON ANASTOMOSIS, ARTERIAS DE MIEMBROS INFERIORES",4,38,"INCISIÓN, EXCISIÓN Y OCLUSIÓN DE VASOS",Q,,,,SI
3839,38.39,"RESECCIÓN DE VASO CON ANASTOMOSIS DE VENAS, MIEMBROS INFERIORES",4,38,"INCISIÓN, EXCISIÓN Y OCLUSIÓN DE VASOS",Q,,,,SI
384,38.4,RESECCIÓN DE VASO CON SUSTITUCIÓN,3,38,"INCISIÓN, EXCISIÓN Y OCLUSIÓN DE VASOS",,,,,NO
3840,38.40,"RESECCIÓN DE VASO CON SUSTITUCIÓN, SITIO NO ESPECIFICADO",4,38,"INCISIÓN, EXCISIÓN Y OCLUSIÓN DE VASOS",Q,,,,SI
3841,38.41,"RESECCIÓN DE VASO CON SUSTITUCIÓN, VASOS INTRACRANEALES",4,38,"INCISIÓN, EXCISIÓN Y OCLUSIÓN DE VASOS",Q,,,,SI
3842,38.42,"RESECCIÓN DE VASO CON SUSTITUCIÓN, OTROS VASOS DE CABEZA Y CUELLO",4,38,"INCISIÓN, EXCISIÓN Y OCLUSIÓN DE VASOS",Q,,,,SI
3843,38.43,"RESECCIÓN DE VASO CON SUSTITUCIÓN DE VASOS, MIEMBROS SUPERIORES",4,38,"INCISIÓN, EXCISIÓN Y OCLUSIÓN DE VASOS",Q,,,,SI
3844,38.44,"RESECCIÓN DE VASO CON SUSTITUCIÓN, AORTA ABDOMINAL",4,38,"INCISIÓN, EXCISIÓN Y OCLUSIÓN DE VASOS",Q,,,,SI
3845,38.45,"RESECCIÓN DE VASO CON SUSTITUCIÓN, VASOS TORÁCICOS",4,38,"INCISIÓN, EXCISIÓN Y OCLUSIÓN DE VASOS",Q,,,,SI
3846,38.46,"RESECCIÓN DE VASO CON SUSTITUCIÓN, ARTERIAS ABDOMINALES",4,38,"INCISIÓN, EXCISIÓN Y OCLUSIÓN DE VASOS",Q,,,,SI
3847,38.47,"RESECCIÓN DE VASO CON SUSTITUCIÓN, VENAS ABDOMINALES",4,38,"INCISIÓN, EXCISIÓN Y OCLUSIÓN DE VASOS",Q,,,,SI
3848,38.48,"RESECCIÓN DE VASO CON SUSTITUCIÓN, ARTERIAS DE MIEMBROS INFERIORES",4,38,"INCISIÓN, EXCISIÓN Y OCLUSIÓN DE VASOS",Q,,,,SI
3849,38.49,"RESECCIÓN DE VASO CON SUSTITUCIÓN, VENAS DE MIEMBROS INFERIORES",4,38,"INCISIÓN, EXCISIÓN Y OCLUSIÓN DE VASOS",Q,,,,SI
385,38.5,LIGADURA Y EXTIRPACIÓN DE VENAS VARICOSAS,3,38,"INCISIÓN, EXCISIÓN Y OCLUSIÓN DE VASOS",,,,,NO
3850,38.50,"LIGADURA Y EXTIRPACIÓN DE VENAS VARICOSAS, SITIO NO ESPECIFICADO",4,38,"INCISIÓN, EXCISIÓN Y OCLUSIÓN DE VASOS",Q,,,,SI
3851,38.51,"LIGADURA Y EXTIRPACIÓN DE VENAS VARICOSAS, VASOS INTRACRANEALES",4,38,"INCISIÓN, EXCISIÓN Y OCLUSIÓN DE VASOS",Q,,,,SI
3852,38.52,"LIGADURA Y EXTIRPACIÓN DE VENAS VARICOSAS, OTROS VASOS DE CABEZA Y CUELLO",4,38,"INCISIÓN, EXCISIÓN Y OCLUSIÓN DE VASOS",Q,,,,SI
3853,38.53,"LIGADURA Y EXTIRPACIÓN DE VENAS VARICOSAS, VASOS DE MIEMBROS SUPERIORES",4,38,"INCISIÓN, EXCISIÓN Y OCLUSIÓN DE VASOS",Q,,,,SI
3855,38.55,"LIGADURA Y EXTIRPACIÓN DE VENAS VARICOSAS, OTROS VASOS TORÁCICOS",4,38,"INCISIÓN, EXCISIÓN Y OCLUSIÓN DE VASOS",Q,,,,SI
3857,38.57,"LIGADURA Y EXTIRPACIÓN DE VENAS VARICOSAS, VENAS ABDOMINALES",4,38,"INCISIÓN, EXCISIÓN Y OCLUSIÓN DE VASOS",Q,,,,SI
3859,38.59,"LIGADURA Y EXTIRPACIÓN DE VENAS VARICOSAS, VENAS DE MIEMBROS INFERIORES",4,38,"INCISIÓN, EXCISIÓN Y OCLUSIÓN DE VASOS",Q,,,,SI
386,38.6,OTRA EXCISIÓN DE VASOS,3,38,"INCISIÓN, EXCISIÓN Y OCLUSIÓN DE VASOS",,,,,NO
3860,38.60,"OTRA EXCISIÓN DE VASOS, SITIO NO ESPECIFICADO",4,38,"INCISIÓN, EXCISIÓN Y OCLUSIÓN DE VASOS",Q,,,,SI
3861,38.61,"OTRA EXCISIÓN DE VASOS, VASOS INTRACRANEALES",4,38,"INCISIÓN, EXCISIÓN Y OCLUSIÓN DE VASOS",Q,,,,SI
3862,38.62,"OTRA EXCISIÓN DE VASO, OTROS VASOS DE CABEZA Y CUELLO",4,38,"INCISIÓN, EXCISIÓN Y OCLUSIÓN DE VASOS",Q,,,,SI
3863,38.63,"OTRA EXCISIÓN DE VASOS, VASOS DE MIEMBROS SUPERIORES",4,38,"INCISIÓN, EXCISIÓN Y OCLUSIÓN DE VASOS",Q,,,,SI
3864,38.64,"OTRA EXCISIÓN DE VASOS, AORTA",4,38,"INCISIÓN, EXCISIÓN Y OCLUSIÓN DE VASOS",Q,,,,SI
3865,38.65,"OTRA EXCISIÓN DE VASOS, OTROS VASOS TORÁCICOS",4,38,"INCISIÓN, EXCISIÓN Y OCLUSIÓN DE VASOS",Q,,,,SI
3866,38.66,"OTRA EXCISIÓN DE VASOS, ARTERIAS ABDOMINALES",4,38,"INCISIÓN, EXCISIÓN Y OCLUSIÓN DE VASOS",Q,,,,SI
3867,38.67,"OTRA EXCISIÓN DE VASOS, VENAS ABDOMINALES",4,38,"INCISIÓN, EXCISIÓN Y OCLUSIÓN DE VASOS",Q,,,,SI
3868,38.68,"OTRA EXCISIÓN DE VASOS, ARTERIAS DE MIEMBROS INFERIORES",4,38,"INCISIÓN, EXCISIÓN Y OCLUSIÓN DE VASOS",Q,,,,SI
3869,38.69,"OTRA EXCISIÓN DE VASOS, VENAS DE MIEMBROS INFERIORES",4,38,"INCISIÓN, EXCISIÓN Y OCLUSIÓN DE VASOS",Q,,,,SI
387,38.7,INTERRUPCIÓN DE VENA CAVA,3,38,"INCISIÓN, EXCISIÓN Y OCLUSIÓN DE VASOS",,,,,NO
387X,38.7X,INTERRUPCIÓN DE VENA CAVA,4,38,"INCISIÓN, EXCISIÓN Y OCLUSIÓN DE VASOS",Q,,,,SI
388,38.8,OTRA OCLUSIÓN QUIRÚRGICA DE VASOS,3,38,"INCISIÓN, EXCISIÓN Y OCLUSIÓN DE VASOS",,,,,NO
3880,38.80,"OTRA OCLUSIÓN QUIRÚRGICA DE VASOS, SITIO NO ESPECIFICADO",4,38,"INCISIÓN, EXCISIÓN Y OCLUSIÓN DE VASOS",Q,,,,SI
3881,38.81,"OTRA OCLUSIÓN QUIRÚRGICA DE VASOS, VASOS INTRACRANEALES",4,38,"INCISIÓN, EXCISIÓN Y OCLUSIÓN DE VASOS",Q,,,,SI
3882,38.82,"OTRA OCLUSIÓN QUIRÚRGICA DE VASOS, OTROS VASOS DE CABEZA Y CUELLO",4,38,"INCISIÓN, EXCISIÓN Y OCLUSIÓN DE VASOS",Q,,,,SI
3883,38.83,"OTRA OCLUSIÓN QUIRÚRGICA DE VASOS, VASOS DE MIEMBROS SUPERIORES",4,38,"INCISIÓN, EXCISIÓN Y OCLUSIÓN DE VASOS",Q,,,,SI
3884,38.84,"OTRA OCLUSIÓN QUIRÚRGICA DE VASOS, AORTA",4,38,"INCISIÓN, EXCISIÓN Y OCLUSIÓN DE VASOS",Q,,,,SI
3885,38.85,"OTRA OCLUSIÓN QUIRÚRGICA DE VASOS, OTROS VASOS TORÁCICOS",4,38,"INCISIÓN, EXCISIÓN Y OCLUSIÓN DE VASOS",Q,,,,SI
3886,38.86,"OTRA OCLUSIÓN QUIRÚRGICA DE VASOS, ARTERIAS ABDOMINALES",4,38,"INCISIÓN, EXCISIÓN Y OCLUSIÓN DE VASOS",Q,,,,SI
3887,38.87,"OTRA OCLUSIÓN QUIRÚRGICA DE VASOS, VENAS ABDOMINALES",4,38,"INCISIÓN, EXCISIÓN Y OCLUSIÓN DE VASOS",Q,,,,SI
3888,38.88,"OTRA OCLUSIÓN QUIRÚRGICA DE VASOS, ARTERIAS DE MIEMBROS INFERIORES",4,38,"INCISIÓN, EXCISIÓN Y OCLUSIÓN DE VASOS",Q,,,,SI
3889,38.89,"OTRA OCLUSIÓN QUÍRURGICA DE VASOS., VENAS DE MIEMBROS INFERIORES",4,38,"INCISIÓN, EXCISIÓN Y OCLUSIÓN DE VASOS",Q,,,,SI
389,38.9,PUNCIÓN DE VASO,3,38,"INCISIÓN, EXCISIÓN Y OCLUSIÓN DE VASOS",,,,,NO
3891,38.91,CATETERISMO ARTERIAL,4,38,"INCISIÓN, EXCISIÓN Y OCLUSIÓN DE VASOS",T,,,,SI
3892,38.92,CATETERISMO DE VENA UMBILICAL,4,38,"INCISIÓN, EXCISIÓN Y OCLUSIÓN DE VASOS",T,,,,SI
3893,38.93,"CATETERISMO VENOSO, NO CLASIFICADO BAJO OTRO CONCEPTO",4,38,"INCISIÓN, EXCISIÓN Y OCLUSIÓN DE VASOS",T,,,,SI
3894,38.94,DISECCIÓN VENOSA,4,38,"INCISIÓN, EXCISIÓN Y OCLUSIÓN DE VASOS",T,,,,SI
3895,38.95,CATETERISMO VENOSO PARA DIÁLISIS RENAL,4,38,"INCISIÓN, EXCISIÓN Y OCLUSIÓN DE VASOS",T,,,,SI
3898,38.98,OTRA PUNCIÓN DE ARTERIA,4,38,"INCISIÓN, EXCISIÓN Y OCLUSIÓN DE VASOS",T,,,,SI
3899,38.99,OTRA PUNCIÓN DE VENA,4,38,"INCISIÓN, EXCISIÓN Y OCLUSIÓN DE VASOS",T,,,,SI
39,39,OTRAS OPERACIONES SOBRE VASOS,2,39,OTRAS OPERACIONES SOBRE VASOS,,,,,NO
390,39.0,DERIVACIÓN SISTÉMICA A ARTERIA PULMONAR,3,39,OTRAS OPERACIONES SOBRE VASOS,,,,,NO
390X,39.0X,DERIVACIÓN SISTÉMICA A ARTERIA PULMONAR,4,39,OTRAS OPERACIONES SOBRE VASOS,Q,,,,SI
391,39.1,DERIVACIÓN VENOSA INTRAABDOMINAL,3,39,OTRAS OPERACIONES SOBRE VASOS,,,,,NO
391X,39.1X,DERIVACIÓN VENOSA INTRAABDOMINAL,4,39,OTRAS OPERACIONES SOBRE VASOS,Q,,,,SI
392,39.2,OTRA DERIVACIÓN O DESVIACIÓN VASCULAR,3,39,OTRAS OPERACIONES SOBRE VASOS,,,,,NO
3921,39.21,ANASTOMOSIS DE VENA CAVA-ARTERIA PULMONAR,4,39,OTRAS OPERACIONES SOBRE VASOS,Q,,,,SI
3922,39.22,DESVIACIÓN AORTA-SUBCLAVIA-CAROTÍDEA,4,39,OTRAS OPERACIONES SOBRE VASOS,Q,,,,SI
3923,39.23,OTRA DERIVACIÓN O DESVIACIÓN VASCULAR INTRATORÁCICA,4,39,OTRAS OPERACIONES SOBRE VASOS,Q,,,,SI
3924,39.24,DERIVACIÓN AORTA-RENAL,4,39,OTRAS OPERACIONES SOBRE VASOS,Q,,,,SI
3925,39.25,DERIVACIÓN AORTA-ILIACA-FEMORAL,4,39,OTRAS OPERACIONES SOBRE VASOS,Q,,,,SI
3926,39.26,OTRAS DERIVACIONES O DESVIACIONES VASCULARES INTRAABDOMINALES,4,39,OTRAS OPERACIONES SOBRE VASOS,Q,,,,SI
3927,39.27,ARTERIOVENOSTOMÍA PARA DIÁLISIS RENAL,4,39,OTRAS OPERACIONES SOBRE VASOS,Q,,,,SI
3928,39.28,DERIVACIÓN VASCULAR EXTRACRANEAL-INTRACRANEAL (EC-IC),4,39,OTRAS OPERACIONES SOBRE VASOS,Q,,,,SI
3929,39.29,OTRA DERIVACIÓN O DESVIACIÓN VASCULAR (PERIFÉRICA),4,39,OTRAS OPERACIONES SOBRE VASOS,Q,,,,SI
393,39.3,SUTURA DE VASO,3,39,OTRAS OPERACIONES SOBRE VASOS,,,,,NO
3930,39.30,SUTURA DE VASO SANGUÍNEO NO ESPECIFICADO,4,39,OTRAS OPERACIONES SOBRE VASOS,Q,,,,SI
3931,39.31,SUTURA DE ARTERIA,4,39,OTRAS OPERACIONES SOBRE VASOS,Q,,,,SI
3932,39.32,SUTURA DE VENA,4,39,OTRAS OPERACIONES SOBRE VASOS,Q,,,,SI
394,39.4,REVISIÓN DE PROCEDIMIENTO VASCULAR,3,39,OTRAS OPERACIONES SOBRE VASOS,,,,,NO
3941,39.41,CONTROL DE HEMORRAGIA DESPUÉS DE CIRUGÍA VASCULAR,4,39,OTRAS OPERACIONES SOBRE VASOS,Q,,,,SI
3942,39.42,REVISIÓN DE DERIVACIÓN ARTERIOVENOSA PARA DIÁLISIS RENAL,4,39,OTRAS OPERACIONES SOBRE VASOS,Q,,,,SI
3943,39.43,EXTRACCIÓN DE DERIVACIÓN ARTERIOVENOSA PARA DIÁLISIS RENAL,4,39,OTRAS OPERACIONES SOBRE VASOS,Q,,,,SI
3949,39.49,OTRA REVISIÓN DE PROCEDIMIENTO VASCULAR,4,39,OTRAS OPERACIONES SOBRE VASOS,Q,,,,SI
395,39.5,OTRA REPARACIÓN DE VASOS,3,39,OTRAS OPERACIONES SOBRE VASOS,,,,,NO
3950,39.50,ANGIOPLASTÍA O ATERECTOMÍA DE OTRO(S) VASO(S) NO CORONARIO(S),4,39,OTRAS OPERACIONES SOBRE VASOS,Q,,,,SI
3951,39.51,INTERRUPCIÓN DE ANEURISMA,4,39,OTRAS OPERACIONES SOBRE VASOS,Q,,,,SI
3952,39.52,OTRA REPARACIÓN DE ANEURISMA,4,39,OTRAS OPERACIONES SOBRE VASOS,Q,,,,SI
3953,39.53,REPARACIÓN DE FÍSTULA ARTERIOVENOSA,4,39,OTRAS OPERACIONES SOBRE VASOS,Q,,,,SI
3954,39.54,OPERACIÓN DE RE-ENTRADA (AORTA),4,39,OTRAS OPERACIONES SOBRE VASOS,Q,,,,SI
3955,39.55,REIMPLANTACIÓN DE VASO RENAL ABERRANTE,4,39,OTRAS OPERACIONES SOBRE VASOS,Q,,,,SI
3956,39.56,REPARACIÓN DE VASO SANGUÍNEO CON INJERTO DE PARCHE DE TEJIDO,4,39,OTRAS OPERACIONES SOBRE VASOS,Q,,,,SI
3957,39.57,REPARACIÓN DE VASO SANGUÍNEO CON INJERTO DE PARCHE SINTÉTICO,4,39,OTRAS OPERACIONES SOBRE VASOS,Q,,,,SI
3958,39.58,REPARACIÓN DE VASO SANGUÍNEO CON TIPO DE INJERTO DE PARCHE NO ESPECIFICADO,4,39,OTRAS OPERACIONES SOBRE VASOS,Q,,,,SI
3959,39.59,OTRAS OPERACIONES DE VASO,4,39,OTRAS OPERACIONES SOBRE VASOS,Q,,,,SI
396,39.6,CIRCULACIÓN EXTRACORPÓREA Y PROCEDIMIENTOS AUXILIARES DE CIRUGÍA CARDIACA,3,39,OTRAS OPERACIONES SOBRE VASOS,,,,,NO
3961,39.61,CIRCULACIÓN EXTRACORPÓREA AUXILIAR PARA CIRUGÍA CARDÍACA ABIERTA,4,39,OTRAS OPERACIONES SOBRE VASOS,Q,,,,SI
3962,39.62,HIPOTERMIA (SISTÉMICA) ACCESORÍA DE CIRUGÍA CARDÍACA ABIERTA,4,39,OTRAS OPERACIONES SOBRE VASOS,Q,,,,SI
3963,39.63,CARDIOPLEJIA,4,39,OTRAS OPERACIONES SOBRE VASOS,Q,,,,SI
3964,39.64,MARCAPASOS CARDÍACO INTRAOPERATORIO,4,39,OTRAS OPERACIONES SOBRE VASOS,Q,,,,SI
3965,39.65,OXIGENACIÓN EXTRACORPÓREA DE MEMBRANA (OECM),4,39,OTRAS OPERACIONES SOBRE VASOS,Q,,,,SI
3966,39.66,DERIVACIÓN CARDIOPULMONAR PERCUTÁNEA,4,39,OTRAS OPERACIONES SOBRE VASOS,Q,,,,SI
397,39.7,REPARACIÓN ENDOVASCULAR DE VASO,3,39,OTRAS OPERACIONES SOBRE VASOS,,,,,NO
3971,39.71,IMPLANTE ENDOVASCULAR DE INJERTO EN AORTA ABDOMINAL,4,39,OTRAS OPERACIONES SOBRE VASOS,Q,,,,SI
3972,39.72,REPARACIÓN U OCLUSIÓN ENDOVASCULAR DE VASOS DE CABEZA Y CUELLO,4,39,OTRAS OPERACIONES SOBRE VASOS,Q,,,,SI
3973,39.73,IMPLANTACIÓN ENDOVASCULAR DE INJERTO EN AORTA TORÁCICA,4,39,OTRAS OPERACIONES SOBRE VASOS,Q,,,,SI
3974,39.74,ELIMINACIÓN ENDOVASCULAR DE OBSTRUCCIÓN DE VASO(S) DE CABEZA Y CUELLO,4,39,OTRAS OPERACIONES SOBRE VASOS,Q,,,,SI
3979,39.79,OTRA REPARACIÓN ENDOVASCULAR (DE ANEURISMA) DE OTROS VASOS,4,39,OTRAS OPERACIONES SOBRE VASOS,Q,,,,SI
398,39.8,"OPERACIONES SOBRE EL CUERPO CAROTÍDEO, SENO CAROTÍDEO Y OTROS CUERPOS VASCULARES",3,39,OTRAS OPERACIONES SOBRE VASOS,,,,,NO
398X,39.8X,"OPERACIONES SOBRE EL CUERPO CAROTÍDEO, SENO CAROTIDEO Y OTROS CUERPOS VASCULARES",4,39,OTRAS OPERACIONES SOBRE VASOS,Q,,,,SI
399,39.9,OTRAS OPERACIONES SOBRE VASOS,3,39,OTRAS OPERACIONES SOBRE VASOS,,,,,NO
3990,39.90,INSERCIÓN DE STENT(S) NO LIBERADOR DE FÁRMACOS DE VASO PERIFÉRICO,4,39,OTRAS OPERACIONES SOBRE VASOS,Q,,,,SI
3991,39.91,LIBERACIÓN DE VASO,4,39,OTRAS OPERACIONES SOBRE VASOS,Q,,,,SI
3992,39.92,INYECCIÓN DE AGENTE ESCLEROSANTE EN VENA,4,39,OTRAS OPERACIONES SOBRE VASOS,Q,,,,SI
3993,39.93,INSERCIÓN DE CÁNULA DE VASO A VASO,4,39,OTRAS OPERACIONES SOBRE VASOS,Q,,,,SI
3994,39.94,SUSTITUCIÓN DE CÁNULA DE VASO A VASO,4,39,OTRAS OPERACIONES SOBRE VASOS,Q,,,,SI
3995,39.95,HEMODIÁLISIS,4,39,OTRAS OPERACIONES SOBRE VASOS,T,,,,SI
3996,39.96,PERFUSIÓN DE CUERPO ENTERO,4,39,OTRAS OPERACIONES SOBRE VASOS,T,,,,SI
3997,39.97,OTRA PERFUSIÓN,4,39,OTRAS OPERACIONES SOBRE VASOS,T,,,,SI
3998,39.98,"CONTROL DE HERMORRAGIA, NO ESPECIFICADO DE OTRA MANERA",4,39,OTRAS OPERACIONES SOBRE VASOS,Q,,,,SI
3999,39.99,OTRAS OPERACIONES SOBRE VASOS,4,39,OTRAS OPERACIONES SOBRE VASOS,Q,,,,SI
399A,39.9A,DESEMPAQUETAMIENTO ABDOMIANAL (PERITONEAL),4,39,OTRAS OPERACIONES SOBRE VASOS,Q,,,,SI
00,00,OPERACIONES SOBRE EL SISTEMA HEMÁTICO Y LINFÁTICO (40 - 41),2,00,PROCEDIMIENTOS DIAGNÓSTICOS Y TERAPÉUTICOS MISCELÁNEOS (87 - 99),,,,,NO
40,40,OPERACIONES SOBRE EL SISTEMA LINFÁTICO,2,40,OPERACIONES SOBRE EL SISTEMA LINFÁTICO,,,,,NO
400,40.0,INCISIÓN DE ESTRUCTURAS LINFÁTICAS,3,40,OPERACIONES SOBRE EL SISTEMA LINFÁTICO,,,,,NO
400X,40.0X,INCISIÓN DE ESTRUCTURAS LINFÁTICAS,4,40,OPERACIONES SOBRE EL SISTEMA LINFÁTICO,Q,,,,SI
401,40.1,PROCEDIMIENTOS DIAGNÓSTICOS SOBRE ESTRUCTURAS LINFÁTICAS,3,40,OPERACIONES SOBRE EL SISTEMA LINFÁTICO,,,,,NO
4011,40.11,BIOPSIA DE ESTRUCTURA LINFÁTICA,4,40,OPERACIONES SOBRE EL SISTEMA LINFÁTICO,D,,,,SI
4019,40.19,OTROS PROCEDIMIENTOS DIAGNÓSTICOS SOBRE ESTRUCTURAS LINFÁTICAS,4,40,OPERACIONES SOBRE EL SISTEMA LINFÁTICO,D,,,,SI
402,40.2,EXTIRPACIÓN SIMPLE DE ESTRUCTURA LINFÁTICA,3,40,OPERACIONES SOBRE EL SISTEMA LINFÁTICO,,,,,NO
4021,40.21,EXTIRPACIÓN DE GANGLIO LINFÁTICO CERVICAL PROFUNDO,4,40,OPERACIONES SOBRE EL SISTEMA LINFÁTICO,Q,,,,SI
4022,40.22,EXTIRPACIÓN DE GANGLIO LINFÁTICO MAMARIO INTERNO,4,40,OPERACIONES SOBRE EL SISTEMA LINFÁTICO,Q,,,,SI
4023,40.23,EXTIRPACIÓN DE GANGLIO LINFÁTICO AXILIAR,4,40,OPERACIONES SOBRE EL SISTEMA LINFÁTICO,Q,,,,SI
4024,40.24,EXTIRPACIÓN DE GANGLIO LINFÁTICO INGUINAL,4,40,OPERACIONES SOBRE EL SISTEMA LINFÁTICO,Q,,,,SI
4029,40.29,EXTIRPACIÓN SIMPLE DE OTRA ESTRUCTURA LINFÁTICA,4,40,OPERACIONES SOBRE EL SISTEMA LINFÁTICO,Q,,,,SI
403,40.3,EXTIRPACIÓN DE GANGLIO LINFÁTICO REGIONAL,3,40,OPERACIONES SOBRE EL SISTEMA LINFÁTICO,,,,,NO
403X,40.3X,EXTIRPACIÓN DE GANGLIO LINFÁTICO REGIONAL,4,40,OPERACIONES SOBRE EL SISTEMA LINFÁTICO,Q,,,,SI
404,40.4,EXTIRPACIÓN RADICAL DE GANGLIOS LINFÁTICOS CERVICALES,3,40,OPERACIONES SOBRE EL SISTEMA LINFÁTICO,,,,,NO
4040,40.40,"DISECCIÓN RADICAL DE CUELLO, NO ESPECIFICADA DE OTRA MANERA",4,40,OPERACIONES SOBRE EL SISTEMA LINFÁTICO,Q,,,,SI
4041,40.41,"DISECCIÓN RADICAL DE CUELLO, UNILATERAL",4,40,OPERACIONES SOBRE EL SISTEMA LINFÁTICO,Q,,,,SI
4042,40.42,"DISECCIÓN RADICAL DE CUELLO, BILATERAL",4,40,OPERACIONES SOBRE EL SISTEMA LINFÁTICO,Q,,,,SI
405,40.5,EXTIRPACIÓN RADICAL DE OTROS GANGLIOS LINFÁTICOS,3,40,OPERACIONES SOBRE EL SISTEMA LINFÁTICO,,,,,NO
4050,40.50,"EXTIRPACIÓN RADICAL DE GANGLIOS LINFÁTICOS, NO ESPECIFICADA DE OTRA MANERA",4,40,OPERACIONES SOBRE EL SISTEMA LINFÁTICO,Q,,,,SI
4051,40.51,EXTIRPACIÓN RADICAL DE GANGLIOS LINFÁTICOS AXILARES,4,40,OPERACIONES SOBRE EL SISTEMA LINFÁTICO,Q,,,,SI
4052,40.52,EXTIRPACIÓN RADICAL DE GANGLIOS LINFÁTICOS PERIAÓRTICOS,4,40,OPERACIONES SOBRE EL SISTEMA LINFÁTICO,Q,,,,SI
4053,40.53,EXTIRPACIÓN DE GANGLIOS LINFÁTICOS ILIACOS,4,40,OPERACIONES SOBRE EL SISTEMA LINFÁTICO,Q,,,,SI
4054,40.54,EXTIRPACIÓN RADICAL DE GANGLIOS LINFÁTICOS DE LA INGLE,4,40,OPERACIONES SOBRE EL SISTEMA LINFÁTICO,Q,,,,SI
4059,40.59,EXTIRPACIÓN RADICAL DE OTROS GANGLIOS LINFÁTICOS,4,40,OPERACIONES SOBRE EL SISTEMA LINFÁTICO,Q,,,,SI
406,40.6,OPERACIONES SOBRE CONDUCTO TORÁCICO,3,40,OPERACIONES SOBRE EL SISTEMA LINFÁTICO,,,,,NO
4061,40.61,CANULACIÓN DE CONDUCTO TORÁCICO,4,40,OPERACIONES SOBRE EL SISTEMA LINFÁTICO,Q,,,,SI
4062,40.62,FISTULIZACIÓN DE CONDUCTO TORÁCICO,4,40,OPERACIONES SOBRE EL SISTEMA LINFÁTICO,Q,,,,SI
4063,40.63,CIERRE DE FÍSTULA DE CONDUCTO TORÁCICO,4,40,OPERACIONES SOBRE EL SISTEMA LINFÁTICO,Q,,,,SI
4064,40.64,LIGADURA DE CONDUCTO TORÁCICO,4,40,OPERACIONES SOBRE EL SISTEMA LINFÁTICO,Q,,,,SI
4069,40.69,OTRAS OPERACIONES SOBRE CONDUCTO TORÁCICO,4,40,OPERACIONES SOBRE EL SISTEMA LINFÁTICO,Q,,,,SI
409,40.9,OTRAS OPERACIONES SOBRE ESTRUCTURAS LINFÁTICAS,3,40,OPERACIONES SOBRE EL SISTEMA LINFÁTICO,,,,,NO
409X,40.9X,OTRAS OPERACIONES SOBRE ESTRUCTURAS LINFÁTICAS,4,40,OPERACIONES SOBRE EL SISTEMA LINFÁTICO,Q,,,,SI
41,41,OPERACIONES SOBRE MÉDULA ÓSEA Y BAZO,2,41,OPERACIONES SOBRE MÉDULA ÓSEA Y BAZO,,,,,NO
410,41.0,TRASPLANTE DE MÉDULA ÓSEA O DE CÉLULAS MADRE HEMATOPOYÉTICAS,3,41,OPERACIONES SOBRE MÉDULA ÓSEA Y BAZO,,,,,NO
4100,41.00,"TRASPLANTE DE MÉDULA ÓSEA, NO ESPECIFICADO DE OTRA MANERA",4,41,OPERACIONES SOBRE MÉDULA ÓSEA Y BAZO,Q,,,,SI
4101,41.01,TRASPLANTE AUTÓLOGO DE MÉDULA ÓSEA SIN PURGADO,4,41,OPERACIONES SOBRE MÉDULA ÓSEA Y BAZO,Q,,,,SI
4102,41.02,TRASPLANTE ALOGÉNICO DE MÉDULA ÓSEA CON PURGADO,4,41,OPERACIONES SOBRE MÉDULA ÓSEA Y BAZO,Q,,,,SI
4103,41.03,"TRASPLANTE DE MÉDULA ÓSEA, SIN PURGADO",4,41,OPERACIONES SOBRE MÉDULA ÓSEA Y BAZO,Q,,,,SI
4104,41.04,TRASPLANTE AUTÓLOGO DE CÉLULAS MADRE HEMATOPOYÉTICAS SIN PURGADO,4,41,OPERACIONES SOBRE MÉDULA ÓSEA Y BAZO,Q,,,,SI
4105,41.05,TRASPLANTE ALOGÉNICO DE CÉLULAS MADRE HEMATOPOYÉTICAS SIN PURGADO,4,41,OPERACIONES SOBRE MÉDULA ÓSEA Y BAZO,Q,,,,SI
4106,41.06,TRASPLANTE DE CÉLULAS PROGENITORAS DE SANGRE DEL CORDÓN UMBILICAL,4,41,OPERACIONES SOBRE MÉDULA ÓSEA Y BAZO,Q,,,,SI
4107,41.07,TRASPLANTE AUTÓLOGO DE CÉLULAS MADRE HEMATOPOYÉTICAS CON PURGADO,4,41,OPERACIONES SOBRE MÉDULA ÓSEA Y BAZO,Q,,,,SI
4108,41.08,TRASPLANTE ALOGÉNICO DE CÉLULAS MADRE HEMATOPOYÉTICAS CON PURGADO,4,41,OPERACIONES SOBRE MÉDULA ÓSEA Y BAZO,Q,,,,SI
4109,41.09,TRASPLANTE AUTÓLOGO DE MÉDULA ÓSEA CON PURGADO,4,41,OPERACIONES SOBRE MÉDULA ÓSEA Y BAZO,Q,,,,SI
411,41.1,PUNCIÓN DE BAZO,3,41,OPERACIONES SOBRE MÉDULA ÓSEA Y BAZO,,,,,NO
411X,41.1X,PUNCIÓN DE BAZO,4,41,OPERACIONES SOBRE MÉDULA ÓSEA Y BAZO,Q,,,,SI
412,41.2,ESPLENOTOMÍA,3,41,OPERACIONES SOBRE MÉDULA ÓSEA Y BAZO,,,,,NO
412X,41.2X,ESPLENOTOMÍA,4,41,OPERACIONES SOBRE MÉDULA ÓSEA Y BAZO,Q,,,,SI
413,41.3,PROCEDIMIENTOS DIAGNÓSTICOS SOBRE MÉDULA ÓSEA Y BAZO,3,41,OPERACIONES SOBRE MÉDULA ÓSEA Y BAZO,,,,,NO
4131,41.31,BIOPSIA DE MÉDULA ÓSEA,4,41,OPERACIONES SOBRE MÉDULA ÓSEA Y BAZO,D,,,,SI
4132,41.32,BIOPSIA CERRADA [PERCUTÁNEA] (POR ASPIRACIÓN) DE BAZO,4,41,OPERACIONES SOBRE MÉDULA ÓSEA Y BAZO,D,,,,SI
4133,41.33,BIOPSIA ABIERTA DE BAZO,4,41,OPERACIONES SOBRE MÉDULA ÓSEA Y BAZO,D,,,,SI
4138,41.38,OTROS PROCEDIMIENTOS DIAGNÓSTICOS SOBRE MÉDULA ÓSEA,4,41,OPERACIONES SOBRE MÉDULA ÓSEA Y BAZO,D,,,,SI
4139,41.39,OTROS PROCEDIMIENTOS DIAGNÓSTICOS SOBRE BAZO,4,41,OPERACIONES SOBRE MÉDULA ÓSEA Y BAZO,D,,,,SI
414,41.4,EXTIRPACIÓN O DESTRUCCIÓN DE LESIÓN O TEJIDO DE BAZO,3,41,OPERACIONES SOBRE MÉDULA ÓSEA Y BAZO,,,,,NO
4141,41.41,MARSUPIALIZACIÓN DE QUISTE ESPLÉNICO,4,41,OPERACIONES SOBRE MÉDULA ÓSEA Y BAZO,Q,,,,SI
4142,41.42,EXTIRPACIÓN DE LESIÓN O TEJIDO DE BAZO,4,41,OPERACIONES SOBRE MÉDULA ÓSEA Y BAZO,Q,,,,SI
4143,41.43,ESPLENECTOMÍA PARCIAL,4,41,OPERACIONES SOBRE MÉDULA ÓSEA Y BAZO,Q,,,,SI
415,41.5,ESPLENECTOMÍA TOTAL,3,41,OPERACIONES SOBRE MÉDULA ÓSEA Y BAZO,,,,,NO
415X,41.5X,ESPLENECTOMÍA TOTAL,4,41,OPERACIONES SOBRE MÉDULA ÓSEA Y BAZO,Q,,,,SI
419,41.9,OTRAS OPERACIONES SOBRE BAZO Y MÉDULA ÓSEA,3,41,OPERACIONES SOBRE MÉDULA ÓSEA Y BAZO,,,,,NO
4191,41.91,ASPIRACIÓN DE MÉDULA ÓSEA DE DONANTE PARA TRASPLANTE,4,41,OPERACIONES SOBRE MÉDULA ÓSEA Y BAZO,Q,,,,SI
4192,41.92,INYECCIÓN DE MÉDULA ÓSEA,4,41,OPERACIONES SOBRE MÉDULA ÓSEA Y BAZO,Q,,,,SI
4193,41.93,EXTIRPACIÓN DE BAZO ACCESORIO,4,41,OPERACIONES SOBRE MÉDULA ÓSEA Y BAZO,Q,,,,SI
4194,41.94,TRASPLANTE DE BAZO,4,41,OPERACIONES SOBRE MÉDULA ÓSEA Y BAZO,Q,,,,SI
4195,41.95,OPERACIONES DE REPARACIÓN Y PLÁSTICAS SOBRE BAZO,4,41,OPERACIONES SOBRE MÉDULA ÓSEA Y BAZO,Q,,,,SI
4198,41.98,OTRAS OPERACIONES SOBRE MÉDULA ÓSEA,4,41,OPERACIONES SOBRE MÉDULA ÓSEA Y BAZO,Q,,,,SI
4199,41.99,OTRAS OPERACIONES SOBRE BAZO,4,41,OPERACIONES SOBRE MÉDULA ÓSEA Y BAZO,Q,,,,SI
00,00,OPERACIONES SOBRE EL APARATO DIGESTIVO (42 - 54),2,00,PROCEDIMIENTOS DIAGNÓSTICOS Y TERAPÉUTICOS MISCELÁNEOS (87 - 99),,,,,NO
42,42,OPERACIONES SOBRE ESÓFAGO,2,42,OPERACIONES SOBRE ESÓFAGO,,,,,NO
420,42.0,ESOFAGOTOMÍA,3,42,OPERACIONES SOBRE ESÓFAGO,,,,,NO
4201,42.01,INCISIÓN DE MEMBRANA ESOFÁGICA,4,42,OPERACIONES SOBRE ESÓFAGO,Q,,,,SI
4209,42.09,OTRA INCISIÓN DE ESÓFAGO,4,42,OPERACIONES SOBRE ESÓFAGO,Q,,,,SI
421,42.1,ESOFAGOSTOMÍA,3,42,OPERACIONES SOBRE ESÓFAGO,,,,,NO
4210,42.10,"ESOFAGOSTOMÍA, NO ESPECIFICADA DE OTRA MANERA",4,42,OPERACIONES SOBRE ESÓFAGO,Q,,,,SI
4211,42.11,ESOFAGOSTOMÍA CERVICAL,4,42,OPERACIONES SOBRE ESÓFAGO,Q,,,,SI
4212,42.12,EXTERIORIZACIÓN DE BOLSA ESOFÁGICA,4,42,OPERACIONES SOBRE ESÓFAGO,Q,,,,SI
4219,42.19,OTRA FISTULIZACIÓN EXTERNA DE ESÓFAGO,4,42,OPERACIONES SOBRE ESÓFAGO,Q,,,,SI
422,42.2,PROCEDIMIENTOS DIAGNÓSTICOS SOBRE ESÓFAGO,3,42,OPERACIONES SOBRE ESÓFAGO,,,,,NO
4221,42.21,ESOFAGOSCOPÍA OPERATORIA POR INCISIÓN,4,42,OPERACIONES SOBRE ESÓFAGO,D,,,,SI
4222,42.22,ESOFAGOSCOPÍA A TRAVÉS DE ESTOMA ARTIFICIAL,4,42,OPERACIONES SOBRE ESÓFAGO,D,,,,SI
4223,42.23,OTRA ESOFAGOSCOPÍA,4,42,OPERACIONES SOBRE ESÓFAGO,D,,,,SI
4224,42.24,BIOPSIA DE ESÓFAGO CERRADA [ENDOSCÓPICA],4,42,OPERACIONES SOBRE ESÓFAGO,D,,,,SI
4225,42.25,BIOPSIA ABIERTA DE ESÓFAGO,4,42,OPERACIONES SOBRE ESÓFAGO,D,,,,SI
4229,42.29,OTROS PROCEDIMIENTOS DIAGNÓSTICOS SOBRE ESÓFAGO,4,42,OPERACIONES SOBRE ESÓFAGO,D,,,,SI
423,42.3,EXTIRPACIÓN LOCAL O ELIMINACIÓN (DESTRUCCIÓN) DE LESIÓN O TEJIDO DE ESÓFAGO,3,42,OPERACIONES SOBRE ESÓFAGO,,,,,NO
4231,42.31,EXTIRPACIÓN LOCAL DE DIVERTÍCULO ESOFÁGICO,4,42,OPERACIONES SOBRE ESÓFAGO,Q,,,,SI
4232,42.32,EXTIRPACIÓN LOCAL DE OTRA LESIÓN O TEJIDO DE ESÓFAGO,4,42,OPERACIONES SOBRE ESÓFAGO,Q,,,,SI
4233,42.33,EXTIRPACIÓN O ELIMINACIÓN (DESTRUCCIÓN) ENDOSCÓPICA DE LESIÓN O DE TEJIDO DEL ESÓFAGO,4,42,OPERACIONES SOBRE ESÓFAGO,Q,,,,SI
4239,42.39,OTRA EXTIRPACIÓN DE LESIÓN O TEJIDO DE ESÓFAGO,4,42,OPERACIONES SOBRE ESÓFAGO,Q,,,,SI
424,42.4,EXTIRPACIÓN DE ESÓFAGO,3,42,OPERACIONES SOBRE ESÓFAGO,,,,,NO
4240,42.40,"ESOFAGUECTOMÍA, NO ESPECIFICADA DE OTRA MANERA",4,42,OPERACIONES SOBRE ESÓFAGO,Q,,,,SI
4241,42.41,ESOFAGUECTOMÍA PARCIAL,4,42,OPERACIONES SOBRE ESÓFAGO,Q,,,,SI
4242,42.42,ESOFAGUECTOMÍA TOTAL,4,42,OPERACIONES SOBRE ESÓFAGO,Q,,,,SI
425,42.5,ANASTOMOSIS INTRATORÁCICA (O CERVICAL) DE ESÓFAGO,3,42,OPERACIONES SOBRE ESÓFAGO,,,,,NO
4251,42.51,ESOFAGOESOFAGOSTOMÍA INTRATORÁCICA (O CERVICAL),4,42,OPERACIONES SOBRE ESÓFAGO,Q,,,,SI
4252,42.52,ESOFAGOGASTROSTOMÍA INTRATORÁCICA (O CERVICAL),4,42,OPERACIONES SOBRE ESÓFAGO,Q,,,,SI
4253,42.53,ANASTOMOSÍS ESOFÁGICA INTRATORÁCICA (O CERVICAL) CON INTERPOSICIÓN DEL INTESTINO DELGADO,4,42,OPERACIONES SOBRE ESÓFAGO,Q,,,,SI
4254,42.54,OTRA ESOFAGOENTEROSTOMÍA INTRATORÁCICA (O CERVICAL),4,42,OPERACIONES SOBRE ESÓFAGO,Q,,,,SI
4255,42.55,ANASTOMOSIS ESOFÁGICA INTRATORÁCICA (O CERVICAL) CON INTERPOSICIÓN DE COLON,4,42,OPERACIONES SOBRE ESÓFAGO,Q,,,,SI
4256,42.56,OTRA ESOFAGOCOLOSTOMÍA INTRATORÁCICA (O CERVICAL),4,42,OPERACIONES SOBRE ESÓFAGO,Q,,,,SI
4258,42.58,ANASTOMOSIS ESOFÁGICA INTRATORÁCICA (O CERVICAL) CON OTRA INTERPOSICIÓN,4,42,OPERACIONES SOBRE ESÓFAGO,Q,,,,SI
4259,42.59,OTRA ANASTOMOSIS INTRATORÁCICA DE ESÓFAGO,4,42,OPERACIONES SOBRE ESÓFAGO,Q,,,,SI
426,42.6,ANASTOMOSIS PRE O RETROESTERNAL DE ESÓFAGO,3,42,OPERACIONES SOBRE ESÓFAGO,,,,,NO
4261,42.61,ESOFAGOESOFAGOSTOMÍA PRE (O RETROESTERNAL),4,42,OPERACIONES SOBRE ESÓFAGO,Q,,,,SI
4262,42.62,ESOFAGOGASTROSTOMÍA PRE (O RETROESTERNAL),4,42,OPERACIONES SOBRE ESÓFAGO,Q,,,,SI
4263,42.63,ANASTOMOSIS ESOFÁGICA PRE (O RETROESTERNAL) CON INTERPOSICIÓN DE INTESTINO DELGADO,4,42,OPERACIONES SOBRE ESÓFAGO,Q,,,,SI
4264,42.64,OTRA ESOFAGOENTEROSTOMÍA PRE (O RETROESTERNAL),4,42,OPERACIONES SOBRE ESÓFAGO,Q,,,,SI
4265,42.65,ANASTOMOSIS ESOFÁGICA PRE (O RETROESTERNAL) CON INTERPOSICIÓN DE COLON,4,42,OPERACIONES SOBRE ESÓFAGO,Q,,,,SI
4266,42.66,OTRA ESOFAGOCOLOSTOMÍA PRE (O RETROESTERNAL),4,42,OPERACIONES SOBRE ESÓFAGO,Q,,,,SI
4268,42.68,OTRA ANASTOMOSIS ESOFÁGICA PRE (O RETROESTERNAL) CON INTERPOSICIÓN,4,42,OPERACIONES SOBRE ESÓFAGO,Q,,,,SI
4269,42.69,OTRA ANASTOMOSIS PRE (O RETROESTERNAL) DE ESÓFAGO,4,42,OPERACIONES SOBRE ESÓFAGO,Q,,,,SI
427,42.7,ESOFAGOMIOTOMÍA,3,42,OPERACIONES SOBRE ESÓFAGO,,,,,NO
427X,42.7X,ESOFAGOMIOTOMÍA,4,42,OPERACIONES SOBRE ESÓFAGO,Q,,,,SI
428,42.8,OTRA REPARACIÓN DE ESÓFAGO,3,42,OPERACIONES SOBRE ESÓFAGO,,,,,NO
4281,42.81,INSERCIÓN DE TUBO O PRÓTESIS PERMANENTE EN ESÓFAGO,4,42,OPERACIONES SOBRE ESÓFAGO,Q,,,,SI
4282,42.82,"SUTURA DE LACERACIÓN, DESGARRO O HERIDA DEL ESÓFAGO",4,42,OPERACIONES SOBRE ESÓFAGO,Q,,,,SI
4283,42.83,CIERRE DE ESOFAGOSTOMÍA,4,42,OPERACIONES SOBRE ESÓFAGO,Q,,,,SI
4284,42.84,"REPARACIÓN DE FÍSTULA ESOFÁGICA, NO ESPECIFICADA BAJO OTRO CONCEPTO",4,42,OPERACIONES SOBRE ESÓFAGO,Q,,,,SI
4285,42.85,REPARACIÓN DE ESTENOSIS ESOFÁGICA,4,42,OPERACIONES SOBRE ESÓFAGO,Q,,,,SI
4286,42.86,CREACIÓN DE TÚNEL SUBCUTÁNEO SIN ANASTOMOSIS ESOFÁGICA,4,42,OPERACIONES SOBRE ESÓFAGO,Q,,,,SI
4287,42.87,OTRO INJERTO DE ESÓFAGO,4,42,OPERACIONES SOBRE ESÓFAGO,Q,,,,SI
4289,42.89,OTRA REPARACIÓN DE ESÓFAGO,4,42,OPERACIONES SOBRE ESÓFAGO,Q,,,,SI
429,42.9,OTRAS OPERACIONES DE ESÓFAGO,3,42,OPERACIONES SOBRE ESÓFAGO,,,,,NO
4291,42.91,LIGADURA DE VARICES ESOFÁGICAS,4,42,OPERACIONES SOBRE ESÓFAGO,Q,,,,SI
4292,42.92,DILATACIÓN DE ESÓFAGO,4,42,OPERACIONES SOBRE ESÓFAGO,Q,,,,SI
4299,42.99,OTRA OPERACIÓN DE ESÓFAGO,4,42,OPERACIONES SOBRE ESÓFAGO,Q,,,,SI
43,43,INCISIÓN Y EXTIRPACIÓN DEL ESTÓMAGO,2,43,INCISIÓN Y EXTIRPACIÓN DEL ESTÓMAGO,,,,,NO
430,43.0,GASTROTOMÍA,3,43,INCISIÓN Y EXTIRPACIÓN DEL ESTÓMAGO,,,,,NO
430X,43.0X,GASTROTOMÍA,4,43,INCISIÓN Y EXTIRPACIÓN DEL ESTÓMAGO,Q,,,,SI
431,43.1,GASTROSTOMÍA,3,43,INCISIÓN Y EXTIRPACIÓN DEL ESTÓMAGO,,,,,NO
4311,43.11,GASTROSTOMÍA PERCUTÁNEA [ENDOSCÓPICA] (PEG),4,43,INCISIÓN Y EXTIRPACIÓN DEL ESTÓMAGO,Q,,,,SI
4319,43.19,OTRA GASTROSTOMÍA,4,43,INCISIÓN Y EXTIRPACIÓN DEL ESTÓMAGO,Q,,,,SI
433,43.3,PILOROMIOTOMÍA,3,43,INCISIÓN Y EXTIRPACIÓN DEL ESTÓMAGO,,,,,NO
433X,43.3X,PILOROMIOTOMÍA,4,43,INCISIÓN Y EXTIRPACIÓN DEL ESTÓMAGO,Q,,,,SI
434,43.4,EXTIRPACIÓN LOCAL O ELIMINACIÓN (DESTRUCCIÓN) ENDOSCÓPICA DE LESIÓN O DE TEJIDO DE ESTÓMAGO,3,43,INCISIÓN Y EXTIRPACIÓN DEL ESTÓMAGO,,,,,NO
4341,43.41,EXTIRPACIÓN O ELIMINACIÓN (DESTRUCCIÓN) ENDOSCÓPICA DE LESIÓN O DE TEJIDO DEL ESTÓMAGO,4,43,INCISIÓN Y EXTIRPACIÓN DEL ESTÓMAGO,Q,,,,SI
4342,43.42,EXTIRPACIÓN LOCAL DE OTRA LESIÓN O DE TEJIDO DEL ESTÓMAGO,4,43,INCISIÓN Y EXTIRPACIÓN DEL ESTÓMAGO,Q,,,,SI
4349,43.49,OTRA ELIMINACIÓN (DESTRUCCIÓN) DE LESIÓN O TEJIDO DE ESTÓMAGO,4,43,INCISIÓN Y EXTIRPACIÓN DEL ESTÓMAGO,Q,,,,SI
435,43.5,GASTRECTOMÍA PARCIAL CON ANASTOMOSIS AL ESÓFAGO,3,43,INCISIÓN Y EXTIRPACIÓN DEL ESTÓMAGO,,,,,NO
435X,43.5X,GASTRECTOMÍA PARCIAL CON ANASTOMOSIS AL ESÓFAGO,4,43,INCISIÓN Y EXTIRPACIÓN DEL ESTÓMAGO,Q,,,,SI
436,43.6,GASTRECTOMÍA PARCIAL CON ANASTOMOSIS AL DUODENO,3,43,INCISIÓN Y EXTIRPACIÓN DEL ESTÓMAGO,,,,,NO
436X,43.6X,GASTRECTOMÍA PARCIAL CON ANASTOMOSIS AL DUODENO,4,43,INCISIÓN Y EXTIRPACIÓN DEL ESTÓMAGO,Q,,,,SI
437,43.7,GASTRECTOMÍA PARCIAL CON ANASTOMOSIS AL YEYUNO,3,43,INCISIÓN Y EXTIRPACIÓN DEL ESTÓMAGO,,,,,NO
437X,43.7X,GASTRECTOMÍA PARCIAL CON ANASTOMOSIS AL YEYUNO,4,43,INCISIÓN Y EXTIRPACIÓN DEL ESTÓMAGO,Q,,,,SI
438,43.8,OTRA GASTRECTOMÍA PARCIAL,3,43,INCISIÓN Y EXTIRPACIÓN DEL ESTÓMAGO,,,,,NO
4381,43.81,GASTRECTOMÍA PARCIAL CON TRANSPOSICIÓN YEYUNAL,4,43,INCISIÓN Y EXTIRPACIÓN DEL ESTÓMAGO,Q,,,,SI
4389,43.89,OTRA GASTRECTOMÍA PARCIAL,4,43,INCISIÓN Y EXTIRPACIÓN DEL ESTÓMAGO,Q,,,,SI
439,43.9,GASTRECTOMÍA TOTAL,3,43,INCISIÓN Y EXTIRPACIÓN DEL ESTÓMAGO,,,,,NO
4391,43.91,GASTRECTOMÍA TOTAL CON INTERPOSICIÓN INTESTINAL,4,43,INCISIÓN Y EXTIRPACIÓN DEL ESTÓMAGO,Q,,,,SI
4399,43.99,OTRA GASTRECTOMÍA TOTAL,4,43,INCISIÓN Y EXTIRPACIÓN DEL ESTÓMAGO,Q,,,,SI
44,44,OTRAS OPERACIONES SOBRE EL ESTÓMAGO,2,44,OTRAS OPERACIONES SOBRE EL ESTÓMAGO,,,,,NO
440,44.0,VAGOTOMÍA,3,44,OTRAS OPERACIONES SOBRE EL ESTÓMAGO,,,,,NO
4400,44.00,"VAGOTOMÍA, NO ESPECIFICADA DE OTRA MANERA",4,44,OTRAS OPERACIONES SOBRE EL ESTÓMAGO,Q,,,,SI
4401,44.01,VAGOTOMÍA TRONCULAR,4,44,OTRAS OPERACIONES SOBRE EL ESTÓMAGO,Q,,,,SI
4402,44.02,VAGOTOMÍA SUPRASELECTIVA,4,44,OTRAS OPERACIONES SOBRE EL ESTÓMAGO,Q,,,,SI
4403,44.03,OTRA VAGOTOMÍA SELECTIVA,4,44,OTRAS OPERACIONES SOBRE EL ESTÓMAGO,Q,,,,SI
441,44.1,PROCEDIMIENTOS DIAGNÓSTICOS SOBRE ESTÓMAGO,3,44,OTRAS OPERACIONES SOBRE EL ESTÓMAGO,,,,,NO
4411,44.11,GASTROSCOPIA TRANSABDOMINAL,4,44,OTRAS OPERACIONES SOBRE EL ESTÓMAGO,D,,,,SI
4412,44.12,GASTROSCOPIA A TRAVÉS DE ESTOMA ARTIFICIAL,4,44,OTRAS OPERACIONES SOBRE EL ESTÓMAGO,D,,,,SI
4413,44.13,OTRA GASTROSCOPIA,4,44,OTRAS OPERACIONES SOBRE EL ESTÓMAGO,D,,,,SI
4414,44.14,BIOPSIA CERRADA DE ESTÓMAGO (ENDOSCÓPICA),4,44,OTRAS OPERACIONES SOBRE EL ESTÓMAGO,D,,,,SI
4415,44.15,BIOPSIA ABIERTA DEL ESTÓMAGO,4,44,OTRAS OPERACIONES SOBRE EL ESTÓMAGO,D,,,,SI
4419,44.19,OTROS PROCEDIMIENTOS DIAGNÓSTICOS SOBRE ESTÓMAGO,4,44,OTRAS OPERACIONES SOBRE EL ESTÓMAGO,D,,,,SI
442,44.2,PÍLOROPLASTIA,3,44,OTRAS OPERACIONES SOBRE EL ESTÓMAGO,,,,,NO
4421,44.21,DILATACIÓN DE PILORO MEDIANTE INCISIÓN,4,44,OTRAS OPERACIONES SOBRE EL ESTÓMAGO,Q,,,,SI
4422,44.22,DILATACIÓN ENDOSCÓPICA DE PILORO,4,44,OTRAS OPERACIONES SOBRE EL ESTÓMAGO,Q,,,,SI
4429,44.29,OTRA PILOROPLASTIA,4,44,OTRAS OPERACIONES SOBRE EL ESTÓMAGO,Q,,,,SI
443,44.3,GASTROENTEROSTOMÍA SIN GASTRECTOMÍA,3,44,OTRAS OPERACIONES SOBRE EL ESTÓMAGO,,,,,NO
4431,44.31,DESVIACIÓN GÁSTRICA PROXIMAL,4,44,OTRAS OPERACIONES SOBRE EL ESTÓMAGO,Q,,,,SI
4432,44.32,GASTROYEYUNOSTOMÍA PERCUTÁNEA [ENDOSCÓPICA],4,44,OTRAS OPERACIONES SOBRE EL ESTÓMAGO,Q,,,,SI
4438,44.38,GASTROENTEROSTOMÍA LAPAROSCÓPICA,4,44,OTRAS OPERACIONES SOBRE EL ESTÓMAGO,Q,,,,SI
4439,44.39,OTRA GASTROENTEROSTOMÍA,4,44,OTRAS OPERACIONES SOBRE EL ESTÓMAGO,Q,,,,SI
444,44.4,CONTROL DE HEMORRAGIA Y SUTURA DE ÚLCERA GÁSTRICA O DUODENAL,3,44,OTRAS OPERACIONES SOBRE EL ESTÓMAGO,,,,,NO
4440,44.40,SUTURA DE ÚLCERA PÉPTICA NO ESPECIFICADA DE OTRA MANERA,4,44,OTRAS OPERACIONES SOBRE EL ESTÓMAGO,Q,,,,SI
4441,44.41,SUTURA DE ÚLCERA GÁSTRICA,4,44,OTRAS OPERACIONES SOBRE EL ESTÓMAGO,Q,,,,SI
4442,44.42,SUTURA DE ÚLCERA DUODENAL,4,44,OTRAS OPERACIONES SOBRE EL ESTÓMAGO,Q,,,,SI
4443,44.43,CONTROL ENDOSCÓPICO DE HEMORAGIA GÁSTRICA O DUODENAL,4,44,OTRAS OPERACIONES SOBRE EL ESTÓMAGO,Q,,,,SI
4444,44.44,EMBOLIZACIÓN POR CATÉTER DE UNA HEMORRAGIA GÁSTRICA O DUODENAL,4,44,OTRAS OPERACIONES SOBRE EL ESTÓMAGO,Q,,,,SI
4449,44.49,OTRO CONTROL DE HEMORAGIA DE ESTÓMAGO O DUODENO,4,44,OTRAS OPERACIONES SOBRE EL ESTÓMAGO,Q,,,,SI
445,44.5,REVISIÓN DE ANASTOMOSIS GÁSTRICA,3,44,OTRAS OPERACIONES SOBRE EL ESTÓMAGO,,,,,NO
445X,44.5X,REVISIÓN DE ANASTOMOSIS GÁSTRICA,4,44,OTRAS OPERACIONES SOBRE EL ESTÓMAGO,Q,,,,SI
446,44.6,OTRA REPARACIÓN DE ESTÓMAGO,3,44,OTRAS OPERACIONES SOBRE EL ESTÓMAGO,,,,,NO
4461,44.61,"SUTURA DE DESGARRO, LESIÓN O HERIDA DEL ESTÓMAGO",4,44,OTRAS OPERACIONES SOBRE EL ESTÓMAGO,Q,,,,SI
4462,44.62,CIERRE DE GASTROSTOMÍA,4,44,OTRAS OPERACIONES SOBRE EL ESTÓMAGO,Q,,,,SI
4463,44.63,CIERRE DE OTRA FÍSTULA GÁSTRICA,4,44,OTRAS OPERACIONES SOBRE EL ESTÓMAGO,Q,,,,SI
4464,44.64,GASTROPEXIA,4,44,OTRAS OPERACIONES SOBRE EL ESTÓMAGO,Q,,,,SI
4465,44.65,ESOFAGOGASTROPLASTIA,4,44,OTRAS OPERACIONES SOBRE EL ESTÓMAGO,Q,,,,SI
4466,44.66,OTROS PROCEDIMIENTOS PARA LA CREACIÓN DE COMPETENCIA ESFINTERIANA ESOFAGOGÁSTRICA,4,44,OTRAS OPERACIONES SOBRE EL ESTÓMAGO,Q,,,,SI
4467,44.67,PROCEDIMIENTOS LAPAROSCÓPICOS PARA CREACIÓN DE COMPETENCIA DEL ESFÍNTER GASTROESOFÁGICO,4,44,OTRAS OPERACIONES SOBRE EL ESTÓMAGO,Q,,,,SI
4468,44.68,GASTROPLASTIA LAPAROSCÓPICA,4,44,OTRAS OPERACIONES SOBRE EL ESTÓMAGO,Q,,,,SI
4469,44.69,OTRA REPARACIÓN DE ESTÓMAGO,4,44,OTRAS OPERACIONES SOBRE EL ESTÓMAGO,Q,,,,SI
449,44.9,OTRAS OPERACIONES SOBRE EL ESTÓMAGO,3,44,OTRAS OPERACIONES SOBRE EL ESTÓMAGO,,,,,NO
4491,44.91,LIGADURA DE VÁRICES GÁSTRICAS,4,44,OTRAS OPERACIONES SOBRE EL ESTÓMAGO,Q,,,,SI
4492,44.92,MANIPULACIÓN INTRAOPERATORIA DEL ESTÓMAGO,4,44,OTRAS OPERACIONES SOBRE EL ESTÓMAGO,Q,,,,SI
4493,44.93,INSERCIÓN DE BURBUJA GÁSTRICA (BALÓN),4,44,OTRAS OPERACIONES SOBRE EL ESTÓMAGO,Q,,,,SI
4494,44.94,EXTRACCIÓN DE BURBUJA GÁSTRICA (BALÓN),4,44,OTRAS OPERACIONES SOBRE EL ESTÓMAGO,Q,,,,SI
4495,44.95,PROCEDIMIENTO LAPAROSCÓPICO GÁSTRICO RESTRICTIVO,4,44,OTRAS OPERACIONES SOBRE EL ESTÓMAGO,Q,,,,SI
4496,44.96,REVISIÓN LAPAROSCÓPICA DE PROCEDIMIENTO GÁSTRICO RESTRICTIVO,4,44,OTRAS OPERACIONES SOBRE EL ESTÓMAGO,Q,,,,SI
4497,44.97,RETIRO LAPAROSCÓPICO DE DISPOSITIVO GÁSTRICO RESTRICTIVO,4,44,OTRAS OPERACIONES SOBRE EL ESTÓMAGO,Q,,,,SI
4498,44.98,AJUSTE (LAPAROSCÓPICO) DE TAMAÑO DE DISPOSITIVO GÁSTRICO RESTRICTIVO AJUSTABLE,4,44,OTRAS OPERACIONES SOBRE EL ESTÓMAGO,Q,,,,SI
4499,44.99,OTRA OPERACIÓN SOBRE EL ESTÓMAGO,4,44,OTRAS OPERACIONES SOBRE EL ESTÓMAGO,Q,,,,SI
45,45,"INCISIÓN, EXTIRPACIÓN Y ANASTOMOSIS DE INTESTINO",2,45,"INCISIÓN, EXTIRPACIÓN Y ANASTOMOSIS DE INTESTINO",,,,,NO
450,45.0,ENTEROTOMÍA,3,45,"INCISIÓN, EXTIRPACIÓN Y ANASTOMOSIS DE INTESTINO",,,,,NO
4500,45.00,"INCISIÓN DE INTESTINO, NO ESPECIFICADO DE OTRA MANERA",4,45,"INCISIÓN, EXTIRPACIÓN Y ANASTOMOSIS DE INTESTINO",Q,,,,SI
4501,45.01,INCISIÓN DE DUODENO,4,45,"INCISIÓN, EXTIRPACIÓN Y ANASTOMOSIS DE INTESTINO",Q,,,,SI
4502,45.02,OTRA INCISIÓN DE INTESTINO DELGADO,4,45,"INCISIÓN, EXTIRPACIÓN Y ANASTOMOSIS DE INTESTINO",Q,,,,SI
4503,45.03,INCISIÓN DE INTESTINO GRUESO,4,45,"INCISIÓN, EXTIRPACIÓN Y ANASTOMOSIS DE INTESTINO",Q,,,,SI
451,45.1,PROCEDIMIENTOS DIAGNÓSTICOS SOBRE EL INTESTINO DELGADO,3,45,"INCISIÓN, EXTIRPACIÓN Y ANASTOMOSIS DE INTESTINO",,,,,NO
4511,45.11,ENDOSCOPÍA TRANSABDOMINAL DE INTESTINO DELGADO,4,45,"INCISIÓN, EXTIRPACIÓN Y ANASTOMOSIS DE INTESTINO",D,,,,SI
4512,45.12,ENDOSCOPÍA DE INTESTINO DELGADO A TRAVÉS DE ESTOMA ARTIFICIAL,4,45,"INCISIÓN, EXTIRPACIÓN Y ANASTOMOSIS DE INTESTINO",D,,,,SI
4513,45.13,OTRA ENDOSCOPÍA DE INTESTINO DELGADO,4,45,"INCISIÓN, EXTIRPACIÓN Y ANASTOMOSIS DE INTESTINO",D,,,,SI
4514,45.14,BIOPSIA CERRADA [ENDOSCÓPICA] DE INTESTINO DELGADO,4,45,"INCISIÓN, EXTIRPACIÓN Y ANASTOMOSIS DE INTESTINO",D,,,,SI
4515,45.15,BIOPSIA ABIERTA DE INTESTINO DELGADO,4,45,"INCISIÓN, EXTIRPACIÓN Y ANASTOMOSIS DE INTESTINO",D,,,,SI
4516,45.16,ESOFAGOGASTRODUODENOSCOPÍA [EGD] CON BIOPSIA CERRADA,4,45,"INCISIÓN, EXTIRPACIÓN Y ANASTOMOSIS DE INTESTINO",D,,,,SI
4519,45.19,OTROS PROCEDIMIENTOS DIAGNÓSTICOS SOBRE INTESTINO DELGADO,4,45,"INCISIÓN, EXTIRPACIÓN Y ANASTOMOSIS DE INTESTINO",D,,,,SI
452,45.2,PROCEDIMIENTOS DIAGNÓSTICOS SOBRE INTESTINO GRUESO,3,45,"INCISIÓN, EXTIRPACIÓN Y ANASTOMOSIS DE INTESTINO",,,,,NO
4521,45.21,ENDOSCOPÍA TRANSABDOMINAL DE INTESTINO GRUESO,4,45,"INCISIÓN, EXTIRPACIÓN Y ANASTOMOSIS DE INTESTINO",D,,,,SI
4522,45.22,ENDOSCOPÍA DE INTESTINO GRUESO A TRAVÉS DE ESTOMA ARTIFICIAL,4,45,"INCISIÓN, EXTIRPACIÓN Y ANASTOMOSIS DE INTESTINO",D,,,,SI
4523,45.23,COLONOSCOPÍA,4,45,"INCISIÓN, EXTIRPACIÓN Y ANASTOMOSIS DE INTESTINO",D,,,,SI
4524,45.24,SIGMOIDOSCOPÍA FLEXIBLE,4,45,"INCISIÓN, EXTIRPACIÓN Y ANASTOMOSIS DE INTESTINO",D,,,,SI
4525,45.25,BIOPSIA CERRADA [ENDOSCÓPICA] DEL INTESTINO GRUESO,4,45,"INCISIÓN, EXTIRPACIÓN Y ANASTOMOSIS DE INTESTINO",D,,,,SI
4526,45.26,BIOPSIA ABIERTA DE INTESTINO GRUESO,4,45,"INCISIÓN, EXTIRPACIÓN Y ANASTOMOSIS DE INTESTINO",D,,,,SI
4527,45.27,"BIOPSIA INTESTINAL, SITIO NO ESPECIFICADO",4,45,"INCISIÓN, EXTIRPACIÓN Y ANASTOMOSIS DE INTESTINO",D,,,,SI
4528,45.28,OTROS PROCEDIMIENTOS DIAGNÓSTICOS SOBRE INTESTINO GRUESO,4,45,"INCISIÓN, EXTIRPACIÓN Y ANASTOMOSIS DE INTESTINO",D,,,,SI
4529,45.29,"OTROS PROCEDIMIENTOS DIAGNÓSTICOS SOBRE INTESTINO, SITIO NO ESPECIFICADO",4,45,"INCISIÓN, EXTIRPACIÓN Y ANASTOMOSIS DE INTESTINO",D,,,,SI
453,45.3,EXTIRPACIÓN LOCAL O ELIMINACIÓN (DESTRUCCIÓN) DE LESIÓN O TEJIDO DE INTESTINO DELGADO,3,45,"INCISIÓN, EXTIRPACIÓN Y ANASTOMOSIS DE INTESTINO",,,,,NO
4530,45.30,EXTIRPACIÓN O ELIMINACIÓN (DESTRUCCIÓN) ENDÓSCOPICA DE LESIÓN DE DUODENO,4,45,"INCISIÓN, EXTIRPACIÓN Y ANASTOMOSIS DE INTESTINO",Q,,,,SI
4531,45.31,OTRA EXTIRPACIÓN LOCAL DE LESIÓN DE DUODENO,4,45,"INCISIÓN, EXTIRPACIÓN Y ANASTOMOSIS DE INTESTINO",Q,,,,SI
4532,45.32,OTRAS DESTRUCCIONES O EXTIRPACIONES DE LESIÓN DE DUODENO,4,45,"INCISIÓN, EXTIRPACIÓN Y ANASTOMOSIS DE INTESTINO",Q,,,,SI
4533,45.33,"EXTIRPACIÓN LOCAL DE LESIÓN O TEJIDO DE INTESTINO DELGADO, EXCEPTO DUODENO",4,45,"INCISIÓN, EXTIRPACIÓN Y ANASTOMOSIS DE INTESTINO",Q,,,,SI
4534,45.34,"OTRA ELIMINACIÓN (DESTRUCCIÓN O EXTIRPACIÓN) DE LESIÓN DE INTESTINO DELGADO, EXCEPTO DUODENO",4,45,"INCISIÓN, EXTIRPACIÓN Y ANASTOMOSIS DE INTESTINO",Q,,,,SI
454,45.4,EXTIRPACIÓN LOCAL O ELIMINACIÓN (DESTRUCCIÓN) DE LESIÓN O TEJIDO DE INTESTINO GRUESO,3,45,"INCISIÓN, EXTIRPACIÓN Y ANASTOMOSIS DE INTESTINO",,,,,NO
4541,45.41,EXTIRPACIÓN DE LESIÓN O TEJIDO DE INTESTINO GRUESO,4,45,"INCISIÓN, EXTIRPACIÓN Y ANASTOMOSIS DE INTESTINO",Q,,,,SI
4542,45.42,POLIPECTOMÍA ENDOSCÓPICA DEL INTESTINO GRUESO,4,45,"INCISIÓN, EXTIRPACIÓN Y ANASTOMOSIS DE INTESTINO",Q,,,,SI
4543,45.43,DESTRUCCIÒN ENDOSCÓPICA DE OTRA LESIÓN DEL INTESTINO GRUESO,4,45,"INCISIÓN, EXTIRPACIÓN Y ANASTOMOSIS DE INTESTINO",Q,,,,SI
4549,45.49,OTRA ELIMINACIÓN DE LESIÓN DE INTESTINO GRUESO,4,45,"INCISIÓN, EXTIRPACIÓN Y ANASTOMOSIS DE INTESTINO",Q,,,,SI
455,45.5,AISLAMIENTO DE SEGMENTO INTESTINAL,3,45,"INCISIÓN, EXTIRPACIÓN Y ANASTOMOSIS DE INTESTINO",,,,,NO
4550,45.50,"AISLAMIENTO DE SEGMENTO INTESTINAL, NO ESPECIFICADO DE OTRA MANERA",4,45,"INCISIÓN, EXTIRPACIÓN Y ANASTOMOSIS DE INTESTINO",Q,,,,SI
4551,45.51,AISLAMIENTO DE SEGMENTO DE INTESTINO DELGADO,4,45,"INCISIÓN, EXTIRPACIÓN Y ANASTOMOSIS DE INTESTINO",Q,,,,SI
4552,45.52,AISLAMIENTO DE SEGMENTO DE INTESTINO GRUESO,4,45,"INCISIÓN, EXTIRPACIÓN Y ANASTOMOSIS DE INTESTINO",Q,,,,SI
456,45.6,OTRA EXCISIÓN DE INTESTINO DELGADO,3,45,"INCISIÓN, EXTIRPACIÓN Y ANASTOMOSIS DE INTESTINO",,,,,NO
4561,45.61,RESECCIÓN SEGMENTARIA MÚLTIPLE DE INTESTINO DELGADO,4,45,"INCISIÓN, EXTIRPACIÓN Y ANASTOMOSIS DE INTESTINO",Q,,,,SI
4562,45.62,OTRA RESECCIÓN PARCIAL DE INTESTINO DELGADO,4,45,"INCISIÓN, EXTIRPACIÓN Y ANASTOMOSIS DE INTESTINO",Q,,,,SI
4563,45.63,RESECCIÓN TOTAL DE INTESTINO DELGADO,4,45,"INCISIÓN, EXTIRPACIÓN Y ANASTOMOSIS DE INTESTINO",Q,,,,SI
457,45.7,EXTIRPACIÓN PARCIAL ABIERTA Y OTRA EXTIRPACIÓN PARCIAL DE INTESTINO GRUESO,3,45,"INCISIÓN, EXTIRPACIÓN Y ANASTOMOSIS DE INTESTINO",,,,,NO
4571,45.71,RESECCIÓN SEGMENTARIA MÚLTIPLE ABIERTA Y OTRA RESECCIÓN SEGMENTARIA MÚLTIPLE DE INTESTINO GRUESO,4,45,"INCISIÓN, EXTIRPACIÓN Y ANASTOMOSIS DE INTESTINO",Q,,,,SI
4572,45.72,CECECTOMÍA ABIERTA Y OTRA CECECTOMÍA,4,45,"INCISIÓN, EXTIRPACIÓN Y ANASTOMOSIS DE INTESTINO",Q,,,,SI
4573,45.73,HEMICOLECTOMÍA DERECHA ABIERTA Y OTRA HEMICOLECTOMÍA DERECHA,4,45,"INCISIÓN, EXTIRPACIÓN Y ANASTOMOSIS DE INTESTINO",Q,,,,SI
4574,45.74,RESECCIÓN ABIERTA DE COLON TRANSVERSO Y OTRA RESECCIÓN DE COLON TRANSVERSO,4,45,"INCISIÓN, EXTIRPACIÓN Y ANASTOMOSIS DE INTESTINO",Q,,,,SI
4575,45.75,HEMICOLECTOMÍA IZQUIERDA ABIERTA Y OTRA HEMICOLECTOMÍA IZQUIERDA,4,45,"INCISIÓN, EXTIRPACIÓN Y ANASTOMOSIS DE INTESTINO",Q,,,,SI
4576,45.76,SIGMOIDECTOMÍA ABIERTA Y OTRA SIGMOIDECTOMÍA,4,45,"INCISIÓN, EXTIRPACIÓN Y ANASTOMOSIS DE INTESTINO",Q,,,,SI
4579,45.79,OTRA EXCISIÓN PARCIAL Y LA NO ESPECIFICADA DE INTESTINO GRUESO,4,45,"INCISIÓN, EXTIRPACIÓN Y ANASTOMOSIS DE INTESTINO",Q,,,,SI
457A,45.7A,RESECCIÓN SEGMENTAL MÚLTIPLE DE INTESTINO GRUESO POR LAPAROSCOPÍA,4,45,"INCISIÓN, EXTIRPACIÓN Y ANASTOMOSIS DE INTESTINO",Q,,,,SI
457B,45.7B,CIEGOTOMÍA LAPAROSCÓPICA,4,45,"INCISIÓN, EXTIRPACIÓN Y ANASTOMOSIS DE INTESTINO",Q,,,,SI
457C,45.7C,HEMICOLECTOMÍA DERECHA POR LAPAROSCOPÍA,4,45,"INCISIÓN, EXTIRPACIÓN Y ANASTOMOSIS DE INTESTINO",Q,,,,SI
457D,45.7D,RESECCIÓN DE COLON TRANSVERSO POR LAPAROSCOPÍA,4,45,"INCISIÓN, EXTIRPACIÓN Y ANASTOMOSIS DE INTESTINO",Q,,,,SI
457E,45.7E,HEMICOLECTOMÍA IZQUIERDA POR LAPAROSCOPÍA,4,45,"INCISIÓN, EXTIRPACIÓN Y ANASTOMOSIS DE INTESTINO",Q,,,,SI
457F,45.7F,SIGMOIDECTOMÍA POR LAPAROSCOPÍA,4,45,"INCISIÓN, EXTIRPACIÓN Y ANASTOMOSIS DE INTESTINO",Q,,,,SI
457G,45.7G,OTRA EXCISIÓN PARCIAL DE INTESTINO GRUESO POR LAPAROSCOPÍA,4,45,"INCISIÓN, EXTIRPACIÓN Y ANASTOMOSIS DE INTESTINO",Q,,,,SI
458,45.8,COLECTOMÍA INTRAABDOMINAL TOTAL,3,45,"INCISIÓN, EXTIRPACIÓN Y ANASTOMOSIS DE INTESTINO",,,,,NO
4581,45.81,COLECTOMÍA INTRABDOMINAL TOTAL LAPAROSCÓPICA,4,45,"INCISIÓN, EXTIRPACIÓN Y ANASTOMOSIS DE INTESTINO",Q,,,,SI
4582,45.82,COLECTOMÍA INTRABDOMINAL TOTAL ABIERTA,4,45,"INCISIÓN, EXTIRPACIÓN Y ANASTOMOSIS DE INTESTINO",Q,,,,SI
4583,45.83,OTRA COLECTOMÍA INTRABDOMINAL TOTAL Y LA NO ESPECIFICADA,4,45,"INCISIÓN, EXTIRPACIÓN Y ANASTOMOSIS DE INTESTINO",Q,,,,SI
459,45.9,ANASTOMOSIS INTESTINAL,3,45,"INCISIÓN, EXTIRPACIÓN Y ANASTOMOSIS DE INTESTINO",,,,,NO
4590,45.90,"ANASTOMOSIS INTESTINAL, NO ESPECIFICADA DE OTRA MANERA",4,45,"INCISIÓN, EXTIRPACIÓN Y ANASTOMOSIS DE INTESTINO",Q,,,,SI
4591,45.91,ANASTOMOSIS DE INTESTINO DELGADO A INTESTINO DELGADO,4,45,"INCISIÓN, EXTIRPACIÓN Y ANASTOMOSIS DE INTESTINO",Q,,,,SI
4592,45.92,ANASTOMOSIS DE INTESTINO DELGADO AL MUÑÓN RECTAL,4,45,"INCISIÓN, EXTIRPACIÓN Y ANASTOMOSIS DE INTESTINO",Q,,,,SI
4593,45.93,OTRA ANASTOMOSIS DE INTESTINO DELGADO A INTESTINO GRUESO,4,45,"INCISIÓN, EXTIRPACIÓN Y ANASTOMOSIS DE INTESTINO",Q,,,,SI
4594,45.94,ANASTOMOSIS DE INTESTINO GRUESO A INTESTINO GRUESO,4,45,"INCISIÓN, EXTIRPACIÓN Y ANASTOMOSIS DE INTESTINO",Q,,,,SI
4595,45.95,ANASTOMOSIS AL ANO,4,45,"INCISIÓN, EXTIRPACIÓN Y ANASTOMOSIS DE INTESTINO",Q,,,,SI
46,46,OTRAS OPERACIONES SOBRE INTESTINO,2,46,OTRAS OPERACIONES SOBRE INTESTINO,,,,,NO
460,46.0,EXTERIORIZACIÓN DE INTESTINO,3,46,OTRAS OPERACIONES SOBRE INTESTINO,,,,,NO
4601,46.01,EXTERIORIZACIÓN DE INTESTINO DELGADO,4,46,OTRAS OPERACIONES SOBRE INTESTINO,Q,,,,SI
4602,46.02,RESECCIÓN DE SEGMENTO ESTERIORIZADO DE INTESTINO DELGADO,4,46,OTRAS OPERACIONES SOBRE INTESTINO,Q,,,,SI
4603,46.03,EXTERIORIZACIÓN DE INTESTINO GRUESO,4,46,OTRAS OPERACIONES SOBRE INTESTINO,Q,,,,SI
4604,46.04,RESECCIÓN DE SEGMENTO EXTERIORIZADO DE INTESTINO GRUESO,4,46,OTRAS OPERACIONES SOBRE INTESTINO,Q,,,,SI
461,46.1,COLOSTOMÍA,3,46,OTRAS OPERACIONES SOBRE INTESTINO,,,,,NO
4610,46.10,"COLOSTOMÍA, NO ESPECIFICADA DE OTRA MANERA",4,46,OTRAS OPERACIONES SOBRE INTESTINO,Q,,,,SI
4611,46.11,COLOSTOMÍA TEMPORAL,4,46,OTRAS OPERACIONES SOBRE INTESTINO,Q,,,,SI
4613,46.13,COLOSTOMÍA PERMANENTE,4,46,OTRAS OPERACIONES SOBRE INTESTINO,Q,,,,SI
4614,46.14,APERTURA RETARDADA DE COLOSTOMÍA,4,46,OTRAS OPERACIONES SOBRE INTESTINO,Q,,,,SI
462,46.2,LLEOSTOMÍA,3,46,OTRAS OPERACIONES SOBRE INTESTINO,,,,,NO
4620,46.20,"ILEOSTOMÍA, NO ESPECIFICADA DE OTRA MANERA",4,46,OTRAS OPERACIONES SOBRE INTESTINO,Q,,,,SI
4621,46.21,ILEOSTOMÍA TEMPORAL,4,46,OTRAS OPERACIONES SOBRE INTESTINO,Q,,,,SI
4622,46.22,ILEOSTOMÍA CONTINENTE,4,46,OTRAS OPERACIONES SOBRE INTESTINO,Q,,,,SI
4623,46.23,OTRA ILEOSTOMÍA PERMANENTE,4,46,OTRAS OPERACIONES SOBRE INTESTINO,Q,,,,SI
4624,46.24,APERTURA RETARDADA DE ILEOSTOMÍA,4,46,OTRAS OPERACIONES SOBRE INTESTINO,Q,,,,SI
463,46.3,OTRA ENTEROSTOMÍA,3,46,OTRAS OPERACIONES SOBRE INTESTINO,,,,,NO
4631,46.31,APERTURA RETARDADA DE OTRA ENTEROSTOMÍA,4,46,OTRAS OPERACIONES SOBRE INTESTINO,Q,,,,SI
4632,46.32,YEYUNOSTOMÍA PERCUTÁNEA [ENDOSCÓPICA] (YPE),4,46,OTRAS OPERACIONES SOBRE INTESTINO,Q,,,,SI
4639,46.39,OTRA ENTEROSTOMÍA,4,46,OTRAS OPERACIONES SOBRE INTESTINO,Q,,,,SI
464,46.4,REVISIÓN DE ESTOMA INTESTINAL,3,46,OTRAS OPERACIONES SOBRE INTESTINO,,,,,NO
4640,46.40,"REVISIÓN DE ESTOMA INTESTINAL, NO ESPECIFICADO DE OTRA MANERA",4,46,OTRAS OPERACIONES SOBRE INTESTINO,Q,,,,SI
4641,46.41,REVISIÓN DE ESTOMA DE INTESTINO DELGADO,4,46,OTRAS OPERACIONES SOBRE INTESTINO,Q,,,,SI
4642,46.42,REPARACIÓN DE HERNIA PERICOLOSTOMIA,4,46,OTRAS OPERACIONES SOBRE INTESTINO,Q,,,,SI
4643,46.43,OTRA REVISIÓN DE ESTOMA DE INTESTINO GRUESO,4,46,OTRAS OPERACIONES SOBRE INTESTINO,Q,,,,SI
465,46.5,CIERRE DE ESTOMA INTESTINAL,3,46,OTRAS OPERACIONES SOBRE INTESTINO,,,,,NO
4650,46.50,CIERRE DE ESTOMA INTESTINAL NO ESPECIFICADO DE OTRA MANERA,4,46,OTRAS OPERACIONES SOBRE INTESTINO,Q,,,,SI
4651,46.51,CIERRE DE ESTOMA DE INTESTINO DELGADO,4,46,OTRAS OPERACIONES SOBRE INTESTINO,Q,,,,SI
4652,46.52,CIERRE DE ESTOMA DE INTESTINO GRUESO,4,46,OTRAS OPERACIONES SOBRE INTESTINO,Q,,,,SI
466,46.6,FIJACIÓN DE INTESTINO,3,46,OTRAS OPERACIONES SOBRE INTESTINO,,,,,NO
4660,46.60,"FIJACIÓN DE INTESTINO, NO ESPECIFICADA DE OTRA MANERA",4,46,OTRAS OPERACIONES SOBRE INTESTINO,Q,,,,SI
4661,46.61,FIJACIÓN DE INTESTINO DELGADO A PARED ABDOMINAL,4,46,OTRAS OPERACIONES SOBRE INTESTINO,Q,,,,SI
4662,46.62,OTRA FIJACIÓN DE INTESTINO DELGADO,4,46,OTRAS OPERACIONES SOBRE INTESTINO,Q,,,,SI
4663,46.63,FIJACIÓN DE INTESTINO GRUESO A PARED ABDOMINAL,4,46,OTRAS OPERACIONES SOBRE INTESTINO,Q,,,,SI
4664,46.64,OTRA FIJACIÓN DE INTESTINO GRUESO,4,46,OTRAS OPERACIONES SOBRE INTESTINO,Q,,,,SI
467,46.7,OTRA REPARACIÓN DE INTESTINO,3,46,OTRAS OPERACIONES SOBRE INTESTINO,,,,,NO
4671,46.71,SUTURA DE HERIDA DE DUODENO,4,46,OTRAS OPERACIONES SOBRE INTESTINO,Q,,,,SI
4672,46.72,CIERRE DE FÍSTULA DE DUODENO,4,46,OTRAS OPERACIONES SOBRE INTESTINO,Q,,,,SI
4673,46.73,"SUTURA DE HERIDA DE INTESTINO DELGADO, EXCEPTO DUODENO",4,46,OTRAS OPERACIONES SOBRE INTESTINO,Q,,,,SI
4674,46.74,"CIERRE DE FÍSTULA DE INTESTINO DELGADO, EXCEPTO DUODENO",4,46,OTRAS OPERACIONES SOBRE INTESTINO,Q,,,,SI
4675,46.75,SUTURA DE HERIDA DE INTESTINO GRUESO,4,46,OTRAS OPERACIONES SOBRE INTESTINO,Q,,,,SI
4676,46.76,CIERRE DE FÍSTULA DE INTESTINO GRUESO,4,46,OTRAS OPERACIONES SOBRE INTESTINO,Q,,,,SI
4679,46.79,OTRA REPARACIÓN DE INTESTINO,4,46,OTRAS OPERACIONES SOBRE INTESTINO,Q,,,,SI
468,46.8,DILATACIÓN Y MANIPULACIÓN DE INTESTINO,3,46,OTRAS OPERACIONES SOBRE INTESTINO,,,,,NO
4680,46.80,"MANIPULACIÓN INTRAABDOMINAL DE INTESTINO, NO ESPECIFICADA DE OTRA MANERA",4,46,OTRAS OPERACIONES SOBRE INTESTINO,Q,,,,SI
4681,46.81,MANIPULACIÓN INTRAABDOMINAL DE INTESTINO DELGADO,4,46,OTRAS OPERACIONES SOBRE INTESTINO,Q,,,,SI
4682,46.82,MANIPULACIÓN INTRAABDOMINAL DE INTESTINO GRUESO,4,46,OTRAS OPERACIONES SOBRE INTESTINO,Q,,,,SI
4685,46.85,DILATACIÓN DEL INTESTINO,4,46,OTRAS OPERACIONES SOBRE INTESTINO,Q,,,,SI
469,46.9,OTRAS OPERACIONES SOBRE INTESTINOS,3,46,OTRAS OPERACIONES SOBRE INTESTINO,,,,,NO
4691,46.91,MIOTOMÍA DEL COLON SIGMOIDEO,4,46,OTRAS OPERACIONES SOBRE INTESTINO,Q,,,,SI
4692,46.92,MIOTOMÍA DE OTRAS PARTES DEL COLON,4,46,OTRAS OPERACIONES SOBRE INTESTINO,Q,,,,SI
4693,46.93,REVISIÓN DE ANASTOMOSIS DE INTESTINO DELGADO,4,46,OTRAS OPERACIONES SOBRE INTESTINO,Q,,,,SI
4694,46.94,REVISIÓN DE ANASTOMOSIS DE INTESTINO GRUESO,4,46,OTRAS OPERACIONES SOBRE INTESTINO,Q,,,,SI
4695,46.95,PERFUSIÓN LOCAL DE INTESTINO DELGADO,4,46,OTRAS OPERACIONES SOBRE INTESTINO,Q,,,,SI
4696,46.96,PERFUSIÓN LOCAL DEL INTESTINO GRUESO,4,46,OTRAS OPERACIONES SOBRE INTESTINO,Q,,,,SI
4697,46.97,TRASPLANTE DE INTESTINO,4,46,OTRAS OPERACIONES SOBRE INTESTINO,Q,,,,SI
4699,46.99,OTRA OPERACIÓN SOBRE INTESTINOS,4,46,OTRAS OPERACIONES SOBRE INTESTINO,Q,,,,SI
47,47,OPERACIÓN SOBRE APÉNDICE,2,47,OPERACIÓN SOBRE APÉNDICE,,,,,NO
470,47.0,APENDICECTOMÍA,3,47,OPERACIÓN SOBRE APÉNDICE,,,,,NO
4701,47.01,APENDICECTOMÍA LAPAROSCÓPICA,4,47,OPERACIÓN SOBRE APÉNDICE,Q,,,,SI
4709,47.09,OTRA APENDICECTOMÍA,4,47,OPERACIÓN SOBRE APÉNDICE,Q,,,,SI
471,47.1,APENDICECTOMÍA INCIDENTAL,3,47,OPERACIÓN SOBRE APÉNDICE,,,,,NO
4711,47.11,APENDICECTOMÍA INCIDENTAL LAPAROSCÓPICA,4,47,OPERACIÓN SOBRE APÉNDICE,Q,,,,SI
4719,47.19,OTRA APENDICECTOMÍA INCIDENTAL,4,47,OPERACIÓN SOBRE APÉNDICE,Q,,,,SI
472,47.2,DRENAJE DE ABSCESO APENDICULAR,3,47,OPERACIÓN SOBRE APÉNDICE,,,,,NO
472X,47.2X,DRENAJE DE ABSCESO APENDICULAR,4,47,OPERACIÓN SOBRE APÉNDICE,Q,,,,SI
479,47.9,OTRAS OPERACIONES SOBRE APÉNDICE,3,47,OPERACIÓN SOBRE APÉNDICE,,,,,NO
4791,47.91,APENDICOSTOMÍA,4,47,OPERACIÓN SOBRE APÉNDICE,Q,,,,SI
4792,47.92,CIERRE DE FÍSTULA DE APÉNDICE,4,47,OPERACIÓN SOBRE APÉNDICE,Q,,,,SI
4799,47.99,OTRA OPERACIÓN SOBRE APÉNDICE,4,47,OPERACIÓN SOBRE APÉNDICE,Q,,,,SI
48,48,"OPERACIONES SOBRE RECTO, RECTOSIGMOIDE Y TEJIDO PERIRRECTAL",2,48,"OPERACIONES SOBRE RECTO, RECTOSIGMOIDE Y TEJIDO PERIRRECTAL",,,,,NO
480,48.0,PROCTOTOMÍA,3,48,"OPERACIONES SOBRE RECTO, RECTOSIGMOIDE Y TEJIDO PERIRRECTAL",,,,,NO
480X,48.0X,PROCTOTOMÍA,4,48,"OPERACIONES SOBRE RECTO, RECTOSIGMOIDE Y TEJIDO PERIRRECTAL",Q,,,,SI
481,48.1,PROCTOSTOMÍA,3,48,"OPERACIONES SOBRE RECTO, RECTOSIGMOIDE Y TEJIDO PERIRRECTAL",,,,,NO
481X,48.1X,PROCTOSTOMÍA,4,48,"OPERACIONES SOBRE RECTO, RECTOSIGMOIDE Y TEJIDO PERIRRECTAL",Q,,,,SI
482,48.2,"PROCEDIMIENTOS DIAGNÓSTICOS SOBRE RECTO, RECTOSIGMOIDE Y TEJIDO PERIRRECTAL",3,48,"OPERACIONES SOBRE RECTO, RECTOSIGMOIDE Y TEJIDO PERIRRECTAL",,,,,NO
4821,48.21,PROCTOSIGMOIDOSCOPIA TRANSABDOMINAL,4,48,"OPERACIONES SOBRE RECTO, RECTOSIGMOIDE Y TEJIDO PERIRRECTAL",D,,,,SI
4822,48.22,PROCTOSIGMOIDOSCOPIA A TRAVÉS DE ESTOMA ARTIFICIAL,4,48,"OPERACIONES SOBRE RECTO, RECTOSIGMOIDE Y TEJIDO PERIRRECTAL",D,,,,SI
4823,48.23,PROCTOSIGMOIDOSCOPIA RÍGIDA,4,48,"OPERACIONES SOBRE RECTO, RECTOSIGMOIDE Y TEJIDO PERIRRECTAL",D,,,,SI
4824,48.24,BIOPSIA CERRADA [ENDOSCÓPICA] DE RECTO,4,48,"OPERACIONES SOBRE RECTO, RECTOSIGMOIDE Y TEJIDO PERIRRECTAL",D,,,,SI
4825,48.25,OTRA BIOPSIA DE RECTO,4,48,"OPERACIONES SOBRE RECTO, RECTOSIGMOIDE Y TEJIDO PERIRRECTAL",D,,,,SI
4826,48.26,BIOPSIA DE TEJIDO PERIRRECTAL,4,48,"OPERACIONES SOBRE RECTO, RECTOSIGMOIDE Y TEJIDO PERIRRECTAL",D,,,,SI
4829,48.29,"OTROS PROCEDIMIENTOS DIAGNÓSTICOS SOBRE RECTO, RECTOSIGMOIDE Y TEJIDO PERIRRECTAL",4,48,"OPERACIONES SOBRE RECTO, RECTOSIGMOIDE Y TEJIDO PERIRRECTAL",D,,,,SI
483,48.3,EXTIRPACIÓN LOCAL O ELIMINACIÓN DE LESIÓN O TEJIDO RECTAL,3,48,"OPERACIONES SOBRE RECTO, RECTOSIGMOIDE Y TEJIDO PERIRRECTAL",,,,,NO
4831,48.31,ELECTROCOAGULACIÓN RADICAL DE LESIÓN O TEJIDO RECTAL,4,48,"OPERACIONES SOBRE RECTO, RECTOSIGMOIDE Y TEJIDO PERIRRECTAL",Q,,,,SI
4832,48.32,OTRA ELECTROCOAGULACIÓN DE LESIÓN O TEJIDO RECTAL,4,48,"OPERACIONES SOBRE RECTO, RECTOSIGMOIDE Y TEJIDO PERIRRECTAL",Q,,,,SI
4833,48.33,ELIMINACIÓN DE LESIÓN O TEJIDO RECTAL POR LÁSER,4,48,"OPERACIONES SOBRE RECTO, RECTOSIGMOIDE Y TEJIDO PERIRRECTAL",Q,,,,SI
4834,48.34,ELIMINACIÓN DE LESIÓN O TEJIDO RECTAL POR CRIOCIRUGÍA,4,48,"OPERACIONES SOBRE RECTO, RECTOSIGMOIDE Y TEJIDO PERIRRECTAL",Q,,,,SI
4835,48.35,EXTIRPACIÓN LOCAL DE LESIÓN O TEJIDO RECTAL,4,48,"OPERACIONES SOBRE RECTO, RECTOSIGMOIDE Y TEJIDO PERIRRECTAL",Q,,,,SI
4836,48.36,POLIPECTOMÍA ENDOSCÓPICA DEL RECTO,4,48,"OPERACIONES SOBRE RECTO, RECTOSIGMOIDE Y TEJIDO PERIRRECTAL",Q,,,,SI
484,48.4,RESECCIÓN DE RECTO CON RECONSTRUCCIÓN HACIENDO PASAR EL CEBO COLÓNICO PROXIMAL A TRAVÉS DE LA LUZ DEL DISTAL (PULL-THROUGH),3,48,"OPERACIONES SOBRE RECTO, RECTOSIGMOIDE Y TEJIDO PERIRRECTAL",,,,,NO
4840,48.40,"RESECCIÓN TIPO PULL-THROUGH DE RECT, NO ESPECIFICADA DE OTRA MANERA",4,48,"OPERACIONES SOBRE RECTO, RECTOSIGMOIDE Y TEJIDO PERIRRECTAL",Q,,,,SI
4841,48.41,RESECCIÓN DE SUBMUCOSA DE RECTO DE SOAVE,4,48,"OPERACIONES SOBRE RECTO, RECTOSIGMOIDE Y TEJIDO PERIRRECTAL",Q,,,,SI
4842,48.42,RESECCIÓN TIPO PULL-THROUGH DE RECTO LAPAROSCÓPICA,4,48,"OPERACIONES SOBRE RECTO, RECTOSIGMOIDE Y TEJIDO PERIRRECTAL",Q,,,,SI
4843,48.43,RESECCIÓN TIPO PULL-THROUGH DE RECTO ABIERTA,4,48,"OPERACIONES SOBRE RECTO, RECTOSIGMOIDE Y TEJIDO PERIRRECTAL",Q,,,,SI
4849,48.49,"OTRA RESECCIÓN DE RECTO CON RECONSTRUCCIÓN TIPO ""PULLTHROUGH""",4,48,"OPERACIONES SOBRE RECTO, RECTOSIGMOIDE Y TEJIDO PERIRRECTAL",Q,,,,SI
485,48.5,RESECCIÓN ABDOMINOPERINEAL DE RECTO,3,48,"OPERACIONES SOBRE RECTO, RECTOSIGMOIDE Y TEJIDO PERIRRECTAL",,,,,NO
4850,48.50,RESECCIÓN ABDOMINOPERINEAL DE RECTO NO ESPECIFICADA DE OTRA MANERA,4,48,"OPERACIONES SOBRE RECTO, RECTOSIGMOIDE Y TEJIDO PERIRRECTAL",Q,,,,SI
4851,48.51,RESECCIÓN ABDOMINOPERINEAL DE RECTO LAPAROSCÓPICA,4,48,"OPERACIONES SOBRE RECTO, RECTOSIGMOIDE Y TEJIDO PERIRRECTAL",Q,,,,SI
4852,48.52,RESECCIÓN ABDOMINOPERINEAL DE RECTO ABIERTA,4,48,"OPERACIONES SOBRE RECTO, RECTOSIGMOIDE Y TEJIDO PERIRRECTAL",Q,,,,SI
4859,48.59,OTRA RESECCIÓN ABDOMINOPERINEAL DE RECTO,4,48,"OPERACIONES SOBRE RECTO, RECTOSIGMOIDE Y TEJIDO PERIRRECTAL",Q,,,,SI
486,48.6,OTRA RESECCIÓN DE RECTO,3,48,"OPERACIONES SOBRE RECTO, RECTOSIGMOIDE Y TEJIDO PERIRRECTAL",,,,,NO
4861,48.61,RECTOSIMOIDECTOMÍA TRANSACRA,4,48,"OPERACIONES SOBRE RECTO, RECTOSIGMOIDE Y TEJIDO PERIRRECTAL",Q,,,,SI
4862,48.62,RESECCIÓN ANTERIOR DE RECTO CON COLOSTOMÍA SIMULTÁNEA,4,48,"OPERACIONES SOBRE RECTO, RECTOSIGMOIDE Y TEJIDO PERIRRECTAL",Q,,,,SI
4863,48.63,OTRA RESECCIÓN ANTERIOR DE RECTO,4,48,"OPERACIONES SOBRE RECTO, RECTOSIGMOIDE Y TEJIDO PERIRRECTAL",Q,,,,SI
4864,48.64,RESECCIÓN POSTERIOR DE RECTO,4,48,"OPERACIONES SOBRE RECTO, RECTOSIGMOIDE Y TEJIDO PERIRRECTAL",Q,,,,SI
4865,48.65,RESECCIÓN DE RECTO DE DUHAMEL,4,48,"OPERACIONES SOBRE RECTO, RECTOSIGMOIDE Y TEJIDO PERIRRECTAL",Q,,,,SI
4869,48.69,OTRA RESECCIÓN DEL RECTO,4,48,"OPERACIONES SOBRE RECTO, RECTOSIGMOIDE Y TEJIDO PERIRRECTAL",Q,,,,SI
487,48.7,REPARACIÓN DE RECTO,3,48,"OPERACIONES SOBRE RECTO, RECTOSIGMOIDE Y TEJIDO PERIRRECTAL",,,,,NO
4871,48.71,SUTURA DE LESIÓN DE RECTO,4,48,"OPERACIONES SOBRE RECTO, RECTOSIGMOIDE Y TEJIDO PERIRRECTAL",Q,,,,SI
4872,48.72,CIERE DE PROCTOSTOMÍA,4,48,"OPERACIONES SOBRE RECTO, RECTOSIGMOIDE Y TEJIDO PERIRRECTAL",Q,,,,SI
4873,48.73,CIERRE DE OTRA FÍSTULA RECTAL,4,48,"OPERACIONES SOBRE RECTO, RECTOSIGMOIDE Y TEJIDO PERIRRECTAL",Q,,,,SI
4874,48.74,RECTORRECTOSTOMÍA,4,48,"OPERACIONES SOBRE RECTO, RECTOSIGMOIDE Y TEJIDO PERIRRECTAL",Q,,,,SI
4875,48.75,PROCTOPEXIA ABDOMINAL,4,48,"OPERACIONES SOBRE RECTO, RECTOSIGMOIDE Y TEJIDO PERIRRECTAL",Q,,,,SI
4876,48.76,OTRA PROCTOPEXIA,4,48,"OPERACIONES SOBRE RECTO, RECTOSIGMOIDE Y TEJIDO PERIRRECTAL",Q,,,,SI
4879,48.79,OTRA REPARACIÓN DE RECTO,4,48,"OPERACIONES SOBRE RECTO, RECTOSIGMOIDE Y TEJIDO PERIRRECTAL",Q,,,,SI
488,48.8,INCISIÓN O EXTIRPACIÓN DE TEJIDO O LESIÓN PERIRRECTAL,3,48,"OPERACIONES SOBRE RECTO, RECTOSIGMOIDE Y TEJIDO PERIRRECTAL",,,,,NO
4881,48.81,INCISIÓN DE TEJIDO PERIRRECTAL,4,48,"OPERACIONES SOBRE RECTO, RECTOSIGMOIDE Y TEJIDO PERIRRECTAL",Q,,,,SI
4882,48.82,EXCISIÓN DE TEJIDO PERIRRECTAL,4,48,"OPERACIONES SOBRE RECTO, RECTOSIGMOIDE Y TEJIDO PERIRRECTAL",Q,,,,SI
489,48.9,OTRAS OPERACIONES SOBRE RECTO Y TEJIDO PERIRRECTAL,3,48,"OPERACIONES SOBRE RECTO, RECTOSIGMOIDE Y TEJIDO PERIRRECTAL",,,,,NO
4891,48.91,INCISIÓN DE ESTENOSIS RECTAL,4,48,"OPERACIONES SOBRE RECTO, RECTOSIGMOIDE Y TEJIDO PERIRRECTAL",Q,,,,SI
4892,48.92,MIECTOMÍA ANORRECTAL,4,48,"OPERACIONES SOBRE RECTO, RECTOSIGMOIDE Y TEJIDO PERIRRECTAL",Q,,,,SI
4893,48.93,REPARACIÓN DE FÍSTULA PERIRRECTAL,4,48,"OPERACIONES SOBRE RECTO, RECTOSIGMOIDE Y TEJIDO PERIRRECTAL",Q,,,,SI
4899,48.99,OTRA OPERACIÓN SOBRE RECTO Y TEJIDO PERIRRECTAL,4,48,"OPERACIONES SOBRE RECTO, RECTOSIGMOIDE Y TEJIDO PERIRRECTAL",Q,,,,SI
49,49,OPERACIONES SOBRE ANO,2,49,OPERACIONES SOBRE ANO,,,,,NO
490,49.0,INCISIÓN O EXTIRPACIÓN DE TEJIDO PERIANAL,3,49,OPERACIONES SOBRE ANO,,,,,NO
4901,49.01,INCISIÓN DE ABSCESO PERIANAL,4,49,OPERACIONES SOBRE ANO,Q,,,,SI
4902,49.02,OTRA INCISIÓN DE TEJIDO PERIANAL,4,49,OPERACIONES SOBRE ANO,Q,,,,SI
4903,49.03,EXTIRPACIÓN DE COLGAJOS CUTÁNEOS PERIANALES,4,49,OPERACIONES SOBRE ANO,Q,,,,SI
4904,49.04,OTRA EXTIRPACIÓN DE TEJIDO PERIANAL,4,49,OPERACIONES SOBRE ANO,Q,,,,SI
491,49.1,INCISIÓN O EXTIRPACIÓN DE FÍSTULA ANAL,3,49,OPERACIONES SOBRE ANO,,,,,NO
4911,49.11,FISTULOTOMÍA ANAL,4,49,OPERACIONES SOBRE ANO,Q,,,,SI
4912,49.12,FISTULECTOMÍA ANAL,4,49,OPERACIONES SOBRE ANO,Q,,,,SI
492,49.2,PROCEDIMIENTOS DIAGNÓSTICOS SOBRE ANO Y TEJIDO PERIANAL,3,49,OPERACIONES SOBRE ANO,,,,,NO
4921,49.21,ANOSCOPÍA,4,49,OPERACIONES SOBRE ANO,D,,,,SI
4922,49.22,BIOPSIA DE TEJIDO PERIANAL,4,49,OPERACIONES SOBRE ANO,D,,,,SI
4923,49.23,BIOPSIA DE ANO,4,49,OPERACIONES SOBRE ANO,D,,,,SI
4929,49.29,OTROS PROCEDIMIENTOS DIAGNÓSTICOS SOBRE ANO Y TEJIDO PERIANAL,4,49,OPERACIONES SOBRE ANO,D,,,,SI
493,49.3,EXTIRPACIÓN LOCAL O ELIMINACIÓN (DESTRUCCIÓN) DE OTRA LESIÓN O TEJIDO DEL ANO,3,49,OPERACIONES SOBRE ANO,,,,,NO
4931,49.31,EXTIRPACIÓN O ELIMINACIÓN (DESTRUCCIÓN) ENDOSCÓPICA DE LESIÓN O DE TEJIDO DEL ANO,4,49,OPERACIONES SOBRE ANO,Q,,,,SI
4939,49.39,OTRA EXTIRPACIÓN LOCAL O ELIMINACIÓN (DESTRUCCIÓN) DE LESIÓN O DE TEJIDO DEL ANO,4,49,OPERACIONES SOBRE ANO,Q,,,,SI
494,49.4,PROCEDIMIENTOS SOBRE HEMORROIDES,3,49,OPERACIONES SOBRE ANO,,,,,NO
4941,49.41,REDUCCIÓN DE HEMORROIDES,4,49,OPERACIONES SOBRE ANO,Q,,,,SI
4942,49.42,INYECCIÓN (ESCLEROSIS) DE HEMORROIDES,4,49,OPERACIONES SOBRE ANO,Q,,,,SI
4943,49.43,CAUTERIZACIÓN DE HEMORROIDES,4,49,OPERACIONES SOBRE ANO,Q,,,,SI
4944,49.44,DESTRUCCIÓN DE HEMORROIDES POR CRIOTERAPIA,4,49,OPERACIONES SOBRE ANO,Q,,,,SI
4945,49.45,LIGAMENTO DE HEMORROIDES,4,49,OPERACIONES SOBRE ANO,Q,,,,SI
4946,49.46,EXTIRPACIÓN DE HEMORROIDES,4,49,OPERACIONES SOBRE ANO,Q,,,,SI
4947,49.47,EVACUACIÓN DE HEMORROIDES TROMBOSADAS,4,49,OPERACIONES SOBRE ANO,Q,,,,SI
4949,49.49,OTROS PROCEDIMIENTOS SOBRE HEMORROIDES,4,49,OPERACIONES SOBRE ANO,Q,,,,SI
495,49.5,DIVISIÓN (SECCIÓN) DE ESFÍNTER ANAL,3,49,OPERACIONES SOBRE ANO,,,,,NO
4951,49.51,ESFINTEROTOMÍA ANAL LATERAL IZQUIERDA,4,49,OPERACIONES SOBRE ANO,Q,,,,SI
4952,49.52,ESFINTEROTOMÍA ANAL POSTERIOR,4,49,OPERACIONES SOBRE ANO,Q,,,,SI
4959,49.59,OTRA ESFINTEROTOMÍA ANAL,4,49,OPERACIONES SOBRE ANO,Q,,,,SI
496,49.6,EXCISIÓN (EXTIRPACIÓN) DE ANO,3,49,OPERACIONES SOBRE ANO,,,,,NO
496X,49.6X,EXCISIÓN (EXTIRPACIÓN) DE ANO,4,49,OPERACIONES SOBRE ANO,Q,,,,SI
497,49.7,REPARACIÓN DE ANO,3,49,OPERACIONES SOBRE ANO,,,,,NO
4971,49.71,SUTURA DE LACERACIÓN O DESGARRO DE ANO,4,49,OPERACIONES SOBRE ANO,Q,,,,SI
4972,49.72,IMPLANTACIÓN DE UN ANILLO EN LA CIRCUNFERENCIA ANAL (CERCLAJE),4,49,OPERACIONES SOBRE ANO,Q,,,,SI
4973,49.73,CIERRE DE FÍSTULA ANAL,4,49,OPERACIONES SOBRE ANO,Q,,,,SI
4974,49.74,TRANSPOSICIÓN DEL MÚSCULO RECTO INTERNO PARA INCONTINENCIA ANAL,4,49,OPERACIONES SOBRE ANO,Q,,,,SI
4975,49.75,IMPLANTACIÓN O REVISIÓN DE ESFÍNTER ANAL ARTIFICIAL,4,49,OPERACIONES SOBRE ANO,Q,,,,SI
4976,49.76,EXTRACCIÓN DE ESFÍNTER ANAL ARTIFICIAL,4,49,OPERACIONES SOBRE ANO,Q,,,,SI
4979,49.79,OTRA REPARACIÓN DE ESFÍNTER ANAL,4,49,OPERACIONES SOBRE ANO,Q,,,,SI
499,49.9,OTRAS OPERACIONES SOBRE ANO,3,49,OPERACIONES SOBRE ANO,,,,,NO
4991,49.91,INCISIÓN DE TABIQUE ANAL,4,49,OPERACIONES SOBRE ANO,Q,,,,SI
4992,49.92,INSERCIÓN O IMPLANTE DE ESTIMULADOR ANAL ELÉCTRICO SUBCUTÁNEO,4,49,OPERACIONES SOBRE ANO,Q,,,,SI
4993,49.93,OTRA INCISIÓN DE ANO,4,49,OPERACIONES SOBRE ANO,Q,,,,SI
4994,49.94,REDUCCIÓN DE PROLAPSO ANAL,4,49,OPERACIONES SOBRE ANO,Q,,,,SI
4995,49.95,CONTROL DE HEMORRAGIA (POSTOPERATORIA) DE ANO,4,49,OPERACIONES SOBRE ANO,Q,,,,SI
4999,49.99,OTRA OPERACIÓN SOBRE ANO,4,49,OPERACIONES SOBRE ANO,Q,,,,SI
50,50,OPERACIONES SOBRE HÍGADO,2,50,OPERACIONES SOBRE HÍGADO,,,,,NO
500,50.0,HEPATOTOMÍA,3,50,OPERACIONES SOBRE HÍGADO,,,,,NO
500X,50.0X,HEPATOTOMÍA,4,50,OPERACIONES SOBRE HÍGADO,Q,,,,SI
501,50.1,PROCEDIMIENTO DIAGNÓSTICO SOBRE HÍGADO,3,50,OPERACIONES SOBRE HÍGADO,,,,,NO
5011,50.11,BIOPSIA CERRADA [CON AGUJA] (PERCUTÁNEA) DE HÍGADO,4,50,OPERACIONES SOBRE HÍGADO,D,,,,SI
5012,50.12,BIOPSIA ABIERTA DE HÍGADO,4,50,OPERACIONES SOBRE HÍGADO,D,,,,SI
5013,50.13,BIOPSIA TRANSYUGULAR DE HÍGADO,4,50,OPERACIONES SOBRE HÍGADO,D,,,,SI
5014,50.14,BIOPSIA DE HÍGADO POR LAPAROSCOPÍA,4,50,OPERACIONES SOBRE HÍGADO,D,,,,SI
5019,50.19,OTROS PROCEDIMIENTOS DIAGNÓSTICOS SOBRE HÍGADO,4,50,OPERACIONES SOBRE HÍGADO,D,,,,SI
502,50.2,EXTIRPACIÓN LOCAL O ELIMINACIÓN (DESTRUCCIÓN) DE TEJIDO O LESIÓN DE HÍGADO,3,50,OPERACIONES SOBRE HÍGADO,,,,,NO
5021,50.21,MARSUPIALIZACIÓN DE LESIÓN DE HÍGADO,4,50,OPERACIONES SOBRE HÍGADO,Q,,,,SI
5022,50.22,HEPATECTOMÍA PARCIAL (SUBTOTAL),4,50,OPERACIONES SOBRE HÍGADO,Q,,,,SI
5023,50.23,ABLACIÓN ABIERTA DE LESIÓN O TEJIDO DE HÍGADO,4,50,OPERACIONES SOBRE HÍGADO,Q,,,,SI
5024,50.24,ABLACIÓN PERCUTÁNEA DE LESIÓN O TEJIDO DE HÍGADO,4,50,OPERACIONES SOBRE HÍGADO,Q,,,,SI
5025,50.25,ABLACIÓN LAPAROSCÓPICA DE LESIÓN O TEJIDO DE HÍGADO,4,50,OPERACIONES SOBRE HÍGADO,Q,,,,SI
5026,50.26,OTRA ABLACIÓN Y LA NO ESPECIFICADA DE LESIÓN O TEJIDO DE HÍGADO,4,50,OPERACIONES SOBRE HÍGADO,Q,,,,SI
5029,50.29,OTRA DESTRUCCIÓN DE LESIÓN DE HÍGADO,4,50,OPERACIONES SOBRE HÍGADO,Q,,,,SI
503,50.3,LOBECTOMÍA HEPÁTICA,3,50,OPERACIONES SOBRE HÍGADO,,,,,NO
503X,50.3X,LOBECTOMÍA HEPÁTICA,4,50,OPERACIONES SOBRE HÍGADO,Q,,,,SI
504,50.4,HEPATECTOMÍA TOTAL,3,50,OPERACIONES SOBRE HÍGADO,,,,,NO
504X,50.4X,HEPATECTOMÍA TOTAL,4,50,OPERACIONES SOBRE HÍGADO,Q,,,,SI
505,50.5,TRASPLANTE DE HÍGADO,3,50,OPERACIONES SOBRE HÍGADO,,,,,NO
5051,50.51,TRASPLANTE AUXILIAR DE HÍGADO,4,50,OPERACIONES SOBRE HÍGADO,Q,,,,SI
5059,50.59,OTRA TRASPLANTE DE HÍGADO,4,50,OPERACIONES SOBRE HÍGADO,Q,,,,SI
506,50.6,REPARACIÓN DE HÍGADO,3,50,OPERACIONES SOBRE HÍGADO,,,,,NO
5061,50.61,SUTURA DE LESIÓN HEPÁTICA,4,50,OPERACIONES SOBRE HÍGADO,Q,,,,SI
5069,50.69,OTRA REPARACIÓN DE HÍGADO,4,50,OPERACIONES SOBRE HÍGADO,Q,,,,SI
509,50.9,OTRAS OPERACIONES SOBRE HÍGADO,3,50,OPERACIONES SOBRE HÍGADO,,,,,NO
5091,50.91,ASPIRACIÓN PERCUTÁNEA DE HÍGADO,4,50,OPERACIONES SOBRE HÍGADO,Q,,,,SI
5092,50.92,ASISTENCIA HEPÁTICA EXTRACORPÓREA,4,50,OPERACIONES SOBRE HÍGADO,Q,,,,SI
5093,50.93,PERFUSIÓN LOCALIZADA DE HÍGADO,4,50,OPERACIONES SOBRE HÍGADO,Q,,,,SI
5094,50.94,OTRA INYECCIÓN DE SUSTANCIA TERAPÉUTICA EN HÍGADO,4,50,OPERACIONES SOBRE HÍGADO,Q,,,,SI
5099,50.99,OTRA OPERACIÓN SOBRE HÍGADO,4,50,OPERACIONES SOBRE HÍGADO,Q,,,,SI
51,51,OPERACIONES SOBRE VESÍCULA BILIAR Y TRACTO BILIAR,2,51,OPERACIONES SOBRE VESÍCULA BILIAR Y TRACTO BILIAR,,,,,NO
510,51.0,COLECISTOTOMÍA Y COLECISTOSTOMÍA,3,51,OPERACIONES SOBRE VESÍCULA BILIAR Y TRACTO BILIAR,,,,,NO
5101,51.01,ASPIRACIÓN PERCUTÁNEA DE VESÍCULA BILIAR,4,51,OPERACIONES SOBRE VESÍCULA BILIAR Y TRACTO BILIAR,Q,,,,SI
5102,51.02,COLECISTOSTOMÍA POR TRÓCAR,4,51,OPERACIONES SOBRE VESÍCULA BILIAR Y TRACTO BILIAR,Q,,,,SI
5103,51.03,OTRA COLECISTOSTOMÍA,4,51,OPERACIONES SOBRE VESÍCULA BILIAR Y TRACTO BILIAR,Q,,,,SI
5104,51.04,OTRA COLECISTOTOMÍA,4,51,OPERACIONES SOBRE VESÍCULA BILIAR Y TRACTO BILIAR,Q,,,,SI
511,51.1,PROCEDIMIENTOS DIAGNÓSTICOS SOBRE LA VÍA BILIAR PRINCIPAL,3,51,OPERACIONES SOBRE VESÍCULA BILIAR Y TRACTO BILIAR,,,,,NO
5110,51.10,COLANGIOPANCREATOGRAFÍA RETRÓGRADA ENDOSCÓPICA [CPRE],4,51,OPERACIONES SOBRE VESÍCULA BILIAR Y TRACTO BILIAR,D,,,,SI
5111,51.11,COLANGIOGRAFÍA RETRÓGRADA ENDOSCÓPICA (CRE),4,51,OPERACIONES SOBRE VESÍCULA BILIAR Y TRACTO BILIAR,D,,,,SI
5112,51.12,BIOPSIA PERCUTÁNEA DE VESÍCULA BILIAR O VÍAS BILIARES,4,51,OPERACIONES SOBRE VESÍCULA BILIAR Y TRACTO BILIAR,D,,,,SI
5113,51.13,BIOPSIA ABIERTA DE VESÍCULA BILIAR O CONDUCTOS BILIARES,4,51,OPERACIONES SOBRE VESÍCULA BILIAR Y TRACTO BILIAR,D,,,,SI
5114,51.14,OTRA BIOPSIA CERRADA (ENDOSCÓPICA) DE VÍAS BILIARES O ENFÍNTER DE ODDI,4,51,OPERACIONES SOBRE VESÍCULA BILIAR Y TRACTO BILIAR,D,,,,SI
5115,51.15,MEDICIÓN DE LA PRESIÓN DEL ESFÍNTER DE ODDI,4,51,OPERACIONES SOBRE VESÍCULA BILIAR Y TRACTO BILIAR,D,,,,SI
5119,51.19,OTROS PROCEDIMIENTOS DIAGNÓSTICOS SOBRE LOS CONDUCTOS BILIARES,4,51,OPERACIONES SOBRE VESÍCULA BILIAR Y TRACTO BILIAR,D,,,,SI
512,51.2,COLECISTECTOMÍA,3,51,OPERACIONES SOBRE VESÍCULA BILIAR Y TRACTO BILIAR,,,,,NO
5121,51.21,OTRA COLECISTECTOMÍA PARCIAL,4,51,OPERACIONES SOBRE VESÍCULA BILIAR Y TRACTO BILIAR,Q,,,,SI
5122,51.22,COLECISTECTOMÍA,4,51,OPERACIONES SOBRE VESÍCULA BILIAR Y TRACTO BILIAR,Q,,,,SI
5123,51.23,COLECISTECTOMÍA LAPAROSCÓPICA,4,51,OPERACIONES SOBRE VESÍCULA BILIAR Y TRACTO BILIAR,Q,,,,SI
5124,51.24,COLECISTECTOMÍA PARCIAL LAPAROSCÓPICA,4,51,OPERACIONES SOBRE VESÍCULA BILIAR Y TRACTO BILIAR,Q,,,,SI
513,51.3,ANASTOMOSIS DE VESÍCULA BILIAR O CONDUCTO BILIAR,3,51,OPERACIONES SOBRE VESÍCULA BILIAR Y TRACTO BILIAR,,,,,NO
5131,51.31,ANASTOMOSIS DE VESÍCULA BILIAR A CONDUCTOS HEPÁTICOS,4,51,OPERACIONES SOBRE VESÍCULA BILIAR Y TRACTO BILIAR,Q,,,,SI
5132,51.32,ANASTOMOSIS DE VESÍCULA BILIAR A INTESTINO,4,51,OPERACIONES SOBRE VESÍCULA BILIAR Y TRACTO BILIAR,Q,,,,SI
5133,51.33,ANASTOMOSIS DE VESÍCULA BILIAR A PÁNCREAS,4,51,OPERACIONES SOBRE VESÍCULA BILIAR Y TRACTO BILIAR,Q,,,,SI
5134,51.34,ANASTOMOSIS DE VESÍCULA BILIAR A ESTÓMAGO,4,51,OPERACIONES SOBRE VESÍCULA BILIAR Y TRACTO BILIAR,Q,,,,SI
5135,51.35,OTRA ANASTOMOSIS DE VESÍCULA BILIAR,4,51,OPERACIONES SOBRE VESÍCULA BILIAR Y TRACTO BILIAR,Q,,,,SI
5136,51.36,COLEDOCOENTEROSTOMÍA,4,51,OPERACIONES SOBRE VESÍCULA BILIAR Y TRACTO BILIAR,Q,,,,SI
5137,51.37,ANASTOMOSIS DE CONDUCTO HEPÁTICO A TRACTO GASTROINTESTINAL,4,51,OPERACIONES SOBRE VESÍCULA BILIAR Y TRACTO BILIAR,Q,,,,SI
5139,51.39,OTRA ANASTOMOSIS DEL CONDUCTO BILIAR,4,51,OPERACIONES SOBRE VESÍCULA BILIAR Y TRACTO BILIAR,Q,,,,SI
514,51.4,INCISIÓN DEL CONDUCTO BILIAR PARA ALIVIO DE OBSTRUCCIÓN,3,51,OPERACIONES SOBRE VESÍCULA BILIAR Y TRACTO BILIAR,,,,,NO
5141,51.41,EXPLORACIÓN DEL CONDUCTO BILIAR PRINCIPAL PARA EXTRACCIÓN DE CÁLCULO,4,51,OPERACIONES SOBRE VESÍCULA BILIAR Y TRACTO BILIAR,Q,,,,SI
5142,51.42,EXPLORACIÓN DEL CONDUCTO BILIAR PRINCIPAL PARA ALIVIO DE OTRA OBSTRUCCIÓN,4,51,OPERACIONES SOBRE VESÍCULA BILIAR Y TRACTO BILIAR,Q,,,,SI
5143,51.43,INSERCCIÓN DE TUBO COLEDOCOHEPÁTICO PARA DESCOMPRESIÓN,4,51,OPERACIONES SOBRE VESÍCULA BILIAR Y TRACTO BILIAR,Q,,,,SI
5149,51.49,INCISIÓN DE OTROS CONDUCTOS BILIARES PARA ALIVIO DE OBSTRUCCIÓN,4,51,OPERACIONES SOBRE VESÍCULA BILIAR Y TRACTO BILIAR,Q,,,,SI
515,51.5,OTRA INCISIÓN DEL CONDUCTO BILIAR,3,51,OPERACIONES SOBRE VESÍCULA BILIAR Y TRACTO BILIAR,,,,,NO
5151,51.51,EXPLORACIÓN DE COLÉDOCO,4,51,OPERACIONES SOBRE VESÍCULA BILIAR Y TRACTO BILIAR,Q,,,,SI
5159,51.59,INCISIÓN DE OTRO CONDUCTO BILIAR,4,51,OPERACIONES SOBRE VESÍCULA BILIAR Y TRACTO BILIAR,Q,,,,SI
516,51.6,EXTIRPACIÓN LOCAL O ELIMINACIÓN (DESTRUCCIÓN) DE LESIÓN O TEJIDO DE CONDUCTOS BILIARES Y ESFINTER DE ODDI,3,51,OPERACIONES SOBRE VESÍCULA BILIAR Y TRACTO BILIAR,,,,,NO
5161,51.61,EXTIRPACIÓN DE CONDUCTO CÍSTICO REMANENTE (MUÑÓN CÍSTICO),4,51,OPERACIONES SOBRE VESÍCULA BILIAR Y TRACTO BILIAR,Q,,,,SI
5162,51.62,EXTIRPACIÓN DE AMPOLLA DE VATER (CON REIMPLANTACIÓN DE COLÉDOCO) (AMPULECTOMIA),4,51,OPERACIONES SOBRE VESÍCULA BILIAR Y TRACTO BILIAR,Q,,,,SI
5163,51.63,OTRA EXTIRPACIÓN DE COLÉDOCO,4,51,OPERACIONES SOBRE VESÍCULA BILIAR Y TRACTO BILIAR,Q,,,,SI
5164,51.64,EXTIRPACIÓN O ELIMINACIÓN (DESTRUCCIÓN) ENDOSCÓPICA DE LESIÓN DE CONDUCTOS BILIARES O DE ESFÍNTER DE ODDI,4,51,OPERACIONES SOBRE VESÍCULA BILIAR Y TRACTO BILIAR,Q,,,,SI
5169,51.69,EXTIRPACIÓN DE OTRO CONDUCTO BILIAR,4,51,OPERACIONES SOBRE VESÍCULA BILIAR Y TRACTO BILIAR,Q,,,,SI
517,51.7,REPARACIÓN DE VÍAS BILIARES,3,51,OPERACIONES SOBRE VESÍCULA BILIAR Y TRACTO BILIAR,,,,,NO
5171,51.71,SUTURA SIMPLE DE COLÉDOCO,4,51,OPERACIONES SOBRE VESÍCULA BILIAR Y TRACTO BILIAR,Q,,,,SI
5172,51.72,COLEDOCOPLASTÍA,4,51,OPERACIONES SOBRE VESÍCULA BILIAR Y TRACTO BILIAR,Q,,,,SI
5179,51.79,REPARACIÓN DE OTROS CONDUCTOS BILIARES,4,51,OPERACIONES SOBRE VESÍCULA BILIAR Y TRACTO BILIAR,Q,,,,SI
518,51.8,OTRAS OPERACIONES SOBRE CONDUCTOS BILIARES Y ESFÍNTER DE ODDI,3,51,OPERACIONES SOBRE VESÍCULA BILIAR Y TRACTO BILIAR,,,,,NO
5181,51.81,DILATACIÓN DE ESFÍNTER DE ODDI,4,51,OPERACIONES SOBRE VESÍCULA BILIAR Y TRACTO BILIAR,Q,,,,SI
5182,51.82,ESFINTEROTOMÍA PANCREÁTICA (Y BILIAR),4,51,OPERACIONES SOBRE VESÍCULA BILIAR Y TRACTO BILIAR,Q,,,,SI
5183,51.83,ESFINTEROPLASTÍA PANCREÁTICA ( Y BILIAR),4,51,OPERACIONES SOBRE VESÍCULA BILIAR Y TRACTO BILIAR,Q,,,,SI
5184,51.84,DILATACIÓN ENDOSCÓPICA DE AMPOLLA Y CONDUCTO BILIAR,4,51,OPERACIONES SOBRE VESÍCULA BILIAR Y TRACTO BILIAR,Q,,,,SI
5185,51.85,ESFINTEROTOMÍA Y PAPILOTOMÍA ENDOSCÓPICAS,4,51,OPERACIONES SOBRE VESÍCULA BILIAR Y TRACTO BILIAR,Q,,,,SI
5186,51.86,INSERCIÓN ENDOSCÓPICA DE TUBO DE DRENAJE NASOBILIAR,4,51,OPERACIONES SOBRE VESÍCULA BILIAR Y TRACTO BILIAR,Q,,,,SI
5187,51.87,INSERCIÓN ENDOSCÓPICA DE TUBO TUTOR (STENT) EN CONDUCTO BILIAR,4,51,OPERACIONES SOBRE VESÍCULA BILIAR Y TRACTO BILIAR,Q,,,,SI
5188,51.88,EXTRACCIÓN ENDOSCÓPICA DE CÁLCULO(S) DEL TRACTO BILIAR,4,51,OPERACIONES SOBRE VESÍCULA BILIAR Y TRACTO BILIAR,Q,,,,SI
5189,51.89,OTRAS OPERACIONES SOBRE ESFÍNTER DE ODDI,4,51,OPERACIONES SOBRE VESÍCULA BILIAR Y TRACTO BILIAR,Q,,,,SI
519,51.9,OTRAS OPERACIONES SOBRE EL TRACTO BILIAR,3,51,OPERACIONES SOBRE VESÍCULA BILIAR Y TRACTO BILIAR,,,,,NO
5191,51.91,REPARACIÓN DE LESIÓN DE VESÍCULA BILIAR,4,51,OPERACIONES SOBRE VESÍCULA BILIAR Y TRACTO BILIAR,Q,,,,SI
5192,51.92,CIERRE DE COLECISTOSTOMÍA,4,51,OPERACIONES SOBRE VESÍCULA BILIAR Y TRACTO BILIAR,Q,,,,SI
5193,51.93,CIERRE DE OTRA FÍSTULA BILIAR,4,51,OPERACIONES SOBRE VESÍCULA BILIAR Y TRACTO BILIAR,Q,,,,SI
5194,51.94,REVISIÓN DE ANASTOMOSIS DE LAS VÍAS BILIARES,4,51,OPERACIONES SOBRE VESÍCULA BILIAR Y TRACTO BILIAR,Q,,,,SI
5195,51.95,EXTRACCIÓN DE DISPOSITIVO PROTÉSICO DE VÍA BILIAR,4,51,OPERACIONES SOBRE VESÍCULA BILIAR Y TRACTO BILIAR,Q,,,,SI
5196,51.96,EXTRACCIÓN PERCUTÁNEA DE CÁLCULO EN COLÉDOCO,4,51,OPERACIONES SOBRE VESÍCULA BILIAR Y TRACTO BILIAR,Q,,,,SI
5198,51.98,OTROS PROCEDIMIENTOS PERCUTÁNEOS SOBRE TRACTO BILIAR,4,51,OPERACIONES SOBRE VESÍCULA BILIAR Y TRACTO BILIAR,Q,,,,SI
5199,51.99,OTRA OPERACIÓN SOBRE EL TRACTO BILIAR,4,51,OPERACIONES SOBRE VESÍCULA BILIAR Y TRACTO BILIAR,Q,,,,SI
52,52,OPERACIONES SOBRE PÁNCREAS,2,52,OPERACIONES SOBRE PÁNCREAS,,,,,NO
520,52.0,PANCREATOTOMÍA,3,52,OPERACIONES SOBRE PÁNCREAS,,,,,NO
5201,52.01,"DRENAJE DE QUISTE, PSEUDOQUISTE Y ABSCESO PANCREÁTICO POR CATÉTER",4,52,OPERACIONES SOBRE PÁNCREAS,Q,,,,SI
5209,52.09,OTRA PANCREATOTOMÍA,4,52,OPERACIONES SOBRE PÁNCREAS,Q,,,,SI
521,52.1,PROCEDIMIENTOS DIAGNÓSTICOS SOBRE PÁNCREAS,3,52,OPERACIONES SOBRE PÁNCREAS,,,,,NO
5211,52.11,BIOPSIA CERRADA [AGUJA] [POR ASPIRACIÓN] DE PÁNCREAS,4,52,OPERACIONES SOBRE PÁNCREAS,D,,,,SI
5212,52.12,BIOPSIA ABIERTA DE PÁNCREAS,4,52,OPERACIONES SOBRE PÁNCREAS,D,,,,SI
5213,52.13,PANCREATOGRAFÍA RETRÓGRADA ENDOSCÓPICA [PRE],4,52,OPERACIONES SOBRE PÁNCREAS,D,,,,SI
5214,52.14,BIOPSIA CERRADA [ENDOSCÓPICA] DEL CONDUCTO PANCREÁTICO,4,52,OPERACIONES SOBRE PÁNCREAS,D,,,,SI
5219,52.19,OTROS PROCEDIMIENTOS DIAGNÓSTICOS SOBRE PÁNCREAS,4,52,OPERACIONES SOBRE PÁNCREAS,D,,,,SI
522,52.2,EXTIRPACIÓN LOCAL O ELIMINACIÓN DE PÁNCREAS Y CONDUCTO PANCREÁTICO,3,52,OPERACIONES SOBRE PÁNCREAS,,,,,NO
5221,52.21,EXTIRPACIÓN O ELIMINACIÓN (DESTRUCCIÓN) ENDOSCÓPICA DE LESIÓN O DE TEJIDO DEL CONDUCTO PANCREÁTICO,4,52,OPERACIONES SOBRE PÁNCREAS,Q,,,,SI
5222,52.22,OTRA EXTIRPACIÓN O ELIMINACIÓN (DESTRUCCIÓN) DE LESIÓN O DE TEJIDO DEL PÁNCREAS O DEL CONDUCTO PANCREÁTICO,4,52,OPERACIONES SOBRE PÁNCREAS,Q,,,,SI
523,52.3,MARSUPIALIZACIÓN DE QUISTE PANCREÁTICO,3,52,OPERACIONES SOBRE PÁNCREAS,,,,,NO
523X,52.3X,MARSUPIALIZACIÓN DE QUISTE PANCREÁTICO,4,52,OPERACIONES SOBRE PÁNCREAS,Q,,,,SI
524,52.4,DRENAJE INTERNO DE QUISTE Y PSEUDOQUISTE PANCREÁTICO,3,52,OPERACIONES SOBRE PÁNCREAS,,,,,NO
524X,52.4X,DRENAJE INTERNO DE QUISTE Y PSEUDOQUISTE PANCREÁTICO,4,52,OPERACIONES SOBRE PÁNCREAS,Q,,,,SI
525,52.5,PANCREATECTOMÍA PARCIAL,3,52,OPERACIONES SOBRE PÁNCREAS,,,,,NO
5251,52.51,PANCREATECTOMÍA PROXIMAL,4,52,OPERACIONES SOBRE PÁNCREAS,Q,,,,SI
5252,52.52,PANCREATECTOMÍA DISTAL,4,52,OPERACIONES SOBRE PÁNCREAS,Q,,,,SI
5253,52.53,PANCREATECTOMÍA SUBTOTAL RADICAL,4,52,OPERACIONES SOBRE PÁNCREAS,Q,,,,SI
5259,52.59,OTRA PANCREATECTOMÍA PARCIAL,4,52,OPERACIONES SOBRE PÁNCREAS,Q,,,,SI
526,52.6,PANCREATECTOMÍA TOTAL,3,52,OPERACIONES SOBRE PÁNCREAS,,,,,NO
526X,52.6X,PANCREATECTOMÍA TOTAL,4,52,OPERACIONES SOBRE PÁNCREAS,Q,,,,SI
527,52.7,PANCREATICODUODENECTOMÍA RADICAL,3,52,OPERACIONES SOBRE PÁNCREAS,,,,,NO
527X,52.7X,PANCREATICODUODENECTOMÍA RADICAL,4,52,OPERACIONES SOBRE PÁNCREAS,Q,,,,SI
528,52.8,TRASPLANTE DE PÁNCREAS,3,52,OPERACIONES SOBRE PÁNCREAS,,,,,NO
5280,52.80,"TRASPLANTE DE PÁNCREAS, NO ESPECIFICADO DE OTRA MANERA",4,52,OPERACIONES SOBRE PÁNCREAS,Q,,,,SI
5281,52.81,REIMPLANTE DE TEJIDO PANCREÁTICO,4,52,OPERACIONES SOBRE PÁNCREAS,Q,,,,SI
5282,52.82,HOMOTRASPLANTE DE PÁNCREAS,4,52,OPERACIONES SOBRE PÁNCREAS,Q,,,,SI
5283,52.83,HETEROTRASPLANTE DE PÁNCREAS,4,52,OPERACIONES SOBRE PÁNCREAS,Q,,,,SI
5284,52.84,AUTOTRASPLANTE DE CÉLULAS DE LOS ISLOTES DE LANGERHANS,4,52,OPERACIONES SOBRE PÁNCREAS,Q,,,,SI
5285,52.85,ALOTRASPLANTE DE CÉLULAS DE LOS ISLOTES DE LANGERHANS,4,52,OPERACIONES SOBRE PÁNCREAS,Q,,,,SI
5286,52.86,"TRASPLANTE DE CÉLULAS DE LOS ISLOTES DE LANGERHANS, NO ESPECIFICADO",4,52,OPERACIONES SOBRE PÁNCREAS,Q,,,,SI
529,52.9,OTRAS OPERACIONES DE PÁNCREAS,3,52,OPERACIONES SOBRE PÁNCREAS,,,,,NO
5292,52.92,CANULACIÓN DEL CONDUCTO PANCREÁTICO,4,52,OPERACIONES SOBRE PÁNCREAS,Q,,,,SI
5293,52.93,INSERCIÓN DE TUBO TUTOR (STENT) EN EL CONDUCTO PANCREÁTICO,4,52,OPERACIONES SOBRE PÁNCREAS,Q,,,,SI
5294,52.94,EXTRACCIÓN ENDOSCÓPICA DE CÁLCULOS DEL CONDUCTO PANCREÁTICO,4,52,OPERACIONES SOBRE PÁNCREAS,Q,,,,SI
5295,52.95,OTRA REPARACIÓN DE PÁNCREAS,4,52,OPERACIONES SOBRE PÁNCREAS,Q,,,,SI
5296,52.96,ANASTOMOSIS DE PÁNCREAS,4,52,OPERACIONES SOBRE PÁNCREAS,Q,,,,SI
5297,52.97,INSERCIÓN ENDOSCÓPICA DE TUBO DE DRENAJE NASOPANCREÁTICO,4,52,OPERACIONES SOBRE PÁNCREAS,Q,,,,SI
5298,52.98,DILATACIÓN ENDOSCÓPICA DEL CONDUCTO PANCREÁTICO,4,52,OPERACIONES SOBRE PÁNCREAS,Q,,,,SI
5299,52.99,OTRA OPERACIÓN DE PÁNCREAS,4,52,OPERACIONES SOBRE PÁNCREAS,Q,,,,SI
53,53,REPARACIÓN DE HERNIA,2,53,REPARACIÓN DE HERNIA,,,,,NO
530,53.0,REPARACIÓN UNILATERAL DE HERNIA INGUINAL,3,53,REPARACIÓN DE HERNIA,,,,,NO
5300,53.00,"REPARACIÓN UNILATERAL DE HERNIA INGUINAL, NO ESPECIFICADA DE OTRA MANERA",4,53,REPARACIÓN DE HERNIA,Q,,,,SI
5301,53.01,REPARACIÓN ABIERTA Y OTRA REPARACIÓN DE HERNIA INGUINAL DIRECTA,4,53,REPARACIÓN DE HERNIA,Q,,,,SI
5302,53.02,REPARACIÓN ABIERTA Y OTRA REPARACIÓN DE HERNIA INGUINAL INDIRECTA,4,53,REPARACIÓN DE HERNIA,Q,,,,SI
5303,53.03,REPARACIÓN ABIERTA Y OTRA REPARACIÓN DE HERNIA INGUINAL DIRECTA CON INJERTO O PRÓTESIS,4,53,REPARACIÓN DE HERNIA,Q,,,,SI
5304,53.04,REPARACIÓN ABIERTA Y OTRA REPARACIÓN DE HERNIA INGUINAL INDIRECTA CON INJERTO O PRÓTESIS,4,53,REPARACIÓN DE HERNIA,Q,,,,SI
5305,53.05,REPARACIÓN DE HERNIA INGUINAL CON INJERTO O PRÓTESIS NO ESPECIFICADO DE OTRA MANERA,4,53,REPARACIÓN DE HERNIA,Q,,,,SI
530A,53.0A,REPARACIÓN LAPAROSCÓPICA DE HERNIA INGUINAL DIRECTA CON INJERTO O PRÓTESIS,4,53,REPARACIÓN DE HERNIA,Q,,,,SI
530B,53.0B,REPARACIÓN LAPAROSCÓPICA DE HERNIA INGUINAL INDIRECTA CON INJERTO O PRÓTESIS,4,53,REPARACIÓN DE HERNIA,Q,,,,SI
530C,53.0C,"REPARACIÓN LAPAROSCÓPICA DE HERNIA INGUINAL CON INJERTO O PRÓTESIS, SIN OTRA ESPECIFICACIÓN",4,53,REPARACIÓN DE HERNIA,Q,,,,SI
531,53.1,REPARACIÓN BILATERAL DE HERNIA INGUINAL,3,53,REPARACIÓN DE HERNIA,,,,,NO
5310,53.10,"REPARACIÓN ABIERTA Y OTRA REPARACIÓN BILATERAL DE HERNIA INGUINAL, NO ESPECIFICADA DE OTRA MANERA",4,53,REPARACIÓN DE HERNIA,Q,,,,SI
5311,53.11,REPARACIÓN ABIERTA Y OTRA REPARACIÓN BILATERAL DE HERNIA INGUINAL DIRECTA,4,53,REPARACIÓN DE HERNIA,Q,,,,SI
5312,53.12,REPARACIÓN ABIERTA Y OTRA REPARACIÓN BILATERAL DE HERNIA INGUINAL INDIRECTA,4,53,REPARACIÓN DE HERNIA,Q,,,,SI
5313,53.13,"REPARACIÓN ABIERTA Y OTRA REPARACIÓN BILATERAL DE HERNIA INGUINAL, UNA DIRECTA Y OTRA INDIRECTA",4,53,REPARACIÓN DE HERNIA,Q,,,,SI
5314,53.14,REPARACIÓN ABIERTA Y OTRA REPARACIÓN BILATERAL DE HERNIA INGUINAL DIRECTA CON INJERTO O PRÓTESIS,4,53,REPARACIÓN DE HERNIA,Q,,,,SI
5315,53.15,REPARACIÓN ABIERTA Y OTRA REPARACIÓN BILATERAL DE HERNIA INGUINAL INDIRECTA CON INJERTO O PRÓTESIS,4,53,REPARACIÓN DE HERNIA,Q,,,,SI
5316,53.16,"REPARACIÓN ABIERTA Y OTRA REPARACIÓN BILATERAL DE HERNIA INGUINAL, UNA DIRECTA Y UNA INDIRECTA, CON INJERTO O PRÓTESIS",4,53,REPARACIÓN DE HERNIA,Q,,,,SI
5317,53.17,"REPARACIÓN BILATERAL DE HERNIA INGUINAL CON INJERTO O PRÓTESIS, NO ESPECIFICADA DE OTRA MANERA",4,53,REPARACIÓN DE HERNIA,Q,,,,SI
531A,53.1A,REPARACIÓN LAPAROSCÓPICA BILATERAL DE HERNIA INGUINAL DIRECTA CON INJERTO O PRÓTESIS,4,53,REPARACIÓN DE HERNIA,Q,,,,SI
531B,53.1B,REPARACIÓN LAPAROSCÓPICA BILATERAL DE HERNIA INGUINAL INDIRECTA CON INJERTO O PRÓTESIS,4,53,REPARACIÓN DE HERNIA,Q,,,,SI
531C,53.1C,"REPARACIÓN LAPAROSCÓPICA BILATERAL DE HERNIA INGUINAL, UNA DIRECTA Y UNA INDIRECTA, CON INJERTO O PRÓTESIS",4,53,REPARACIÓN DE HERNIA,Q,,,,SI
531D,53.1D,"REPARACIÓN LAPAROSCÓPICA BILATERAL DE HERNIA INGUINAL CON INJERTO O PRÓTESIS, SIN OTRA ESPECIFICACIÓN",4,53,REPARACIÓN DE HERNIA,Q,,,,SI
532,53.2,REPARACIÓN UNILATERAL DE HERNIA CRURAL (FEMORAL),3,53,REPARACIÓN DE HERNIA,,,,,NO
5321,53.21,REPARACIÓN UNILATERAL DE HERNIA CRURAL CON INJERTO O PRÓTESIS,4,53,REPARACIÓN DE HERNIA,Q,,,,SI
5329,53.29,OTRA HERNIORRAFIA DE HERNIA CRURAL UNILATERAL,4,53,REPARACIÓN DE HERNIA,Q,,,,SI
533,53.3,REPARACIÓN BILATERAL DE HERNIA CRURAL,3,53,REPARACIÓN DE HERNIA,,,,,NO
5331,53.31,REPARACIÓN BILATERAL DE HERNIA CRURAL CON INJERTO O PRÓTESIS,4,53,REPARACIÓN DE HERNIA,Q,,,,SI
5339,53.39,OTRA HERNIORRAFIA CRURAL BILATERAL,4,53,REPARACIÓN DE HERNIA,Q,,,,SI
534,53.4,REPARACIÓN DE HERNIA UMBILICAL,3,53,REPARACIÓN DE HERNIA,,,,,NO
5341,53.41,REPARACIÓN ABIERTA Y OTRA REPARACIÓN DE HERNIA UMBILICAL CON INJERTO O PRÓTESIS,4,53,REPARACIÓN DE HERNIA,Q,,,,SI
5342,53.42,REPARACIÓN LAPAROSCÓPICA DE HERNIA UMBILICAL CON INJERTO O PRÓTESIS,4,53,REPARACIÓN DE HERNIA,Q,,,,SI
5343,53.43,OTRA REPARACIÓN LAPAROSCÓPICA DE HERNIA UMBILICAL,4,53,REPARACIÓN DE HERNIA,Q,,,,SI
5349,53.49,OTRA HERNIORRAFIA UMBILICAL ABIERTA,4,53,REPARACIÓN DE HERNIA,Q,,,,SI
535,53.5,REPARACIÓN DE OTRA HERNIA DE LA PARED ABDOMINAL ANTERIOR (SIN INJERTO NI PRÓTESIS),3,53,REPARACIÓN DE HERNIA,,,,,NO
5351,53.51,REPARACIÓN DE HERNIA INCISIONAL (EVENTRACIÓN),4,53,REPARACIÓN DE HERNIA,Q,,,,SI
5359,53.59,REPARACIÓN DE OTRA HERNIA DE LA PARED ABDOMINAL ANTERIOR,4,53,REPARACIÓN DE HERNIA,Q,,,,SI
536,53.6,REPARACIÓN DE OTRA HERNIA DE LA PARED ABDOMINAL ANTERIOR CON INJERTO O PRÓTESIS,3,53,REPARACIÓN DE HERNIA,,,,,NO
5361,53.61,OTRA REPARACIÓN DE HERNIA INCISIONAL (EVENTRACIÓN) CON INJERTO O PRÓTESIS,4,53,REPARACIÓN DE HERNIA,Q,,,,SI
5362,53.62,REPARACIÓN LAPAROSCÓPICA DE HERNIA INCISIONAL CON INJERTO O PRÓTESIS,4,53,REPARACIÓN DE HERNIA,Q,,,,SI
5363,53.63,OTRA REPARACIÓN LAPAROSCÓPICA DE OTRA HERNIA DE PARED ABDOMINAL ANTERIOR CON INJERTO O PRÓTESIS,4,53,REPARACIÓN DE HERNIA,Q,,,,SI
5369,53.69,REPARACIÓN ABIERTA Y OTRA REPARACIÓN DE OTRA HERNIA DE LA PARED ABDOMINAL ANTERIOR CON INJERTO O PRÓTESIS,4,53,REPARACIÓN DE HERNIA,Q,,,,SI
537,53.7,"REPARACIÓN DE HERNIA DIAFRAGMÁTICA, ABORDAJE ABDOMINAL",3,53,REPARACIÓN DE HERNIA,,,,,NO
5371,53.71,"REPARACIÓN LAPAROSCÓPICA DE HERNIA DIAFRAGMÁTICA, ABORDAJE ABDOMINAL",4,53,REPARACIÓN DE HERNIA,Q,,,,SI
5372,53.72,"REPARACIÓN ABIERTA Y OTRA REPACIÓN DE HERNIA DIAFRAGMÁTICA, ABORDAJE ABDOMINAL",4,53,REPARACIÓN DE HERNIA,Q,,,,SI
5375,53.75,"REPARACIÓN DE HERNIA DIAFRAGMÁTICA, ABORDAJE ABDOMINAL, NO ESPECIFICADA DE OTRA MANERA",4,53,REPARACIÓN DE HERNIA,Q,,,,SI
538,53.8,"REPARACIÓN DE HERNIA DIAFRAGMÁTICA, ACCESO TORÁCICO",3,53,REPARACIÓN DE HERNIA,,,,,NO
5380,53.80,"REPARACIÓN DE HERNIA DIAFRAGMÁTICA CON ACCESO TORÁCICO, NO ESPECIFICADA DE OTRA MANERA",4,53,REPARACIÓN DE HERNIA,Q,,,,SI
5381,53.81,PLICATURA DE DIAFRAGMA,4,53,REPARACIÓN DE HERNIA,Q,,,,SI
5382,53.82,REPARACIÓN DE HERNIA PARASTERNAL (MORGAGNI),4,53,REPARACIÓN DE HERNIA,Q,,,,SI
5383,53.83,"REPARACIÓN LAPAROSCÓPICA DE HERNIA DIAFRAGMÁTICA, CON ABORDAJE TORÁCICO",4,53,REPARACIÓN DE HERNIA,Q,,,,SI
5384,53.84,"REPARACIÓN ABIERTA Y OTRA REPARACIÓN DE HERNIA DIAFRAGMÁTICA, ABORDAJE TORÁCICO",4,53,REPARACIÓN DE HERNIA,Q,,,,SI
539,53.9,OTRA REPARACIÓN DE HERNIA,3,53,REPARACIÓN DE HERNIA,,,,,NO
539X,53.9X,OTRA REPARACIÓN DE HERNIA,4,53,REPARACIÓN DE HERNIA,Q,,,,SI
54,54,OTRAS OPERACIONES SOBRE LA REGIÓN ABDOMINAL,2,54,OTRAS OPERACIONES SOBRE LA REGIÓN ABDOMINAL,,,,,NO
540,54.0,INCISIÓN DE PARED ABDOMINAL,3,54,OTRAS OPERACIONES SOBRE LA REGIÓN ABDOMINAL,,,,,NO
540X,54.0X,INCISIÓN DE PARED ABDOMINAL,4,54,OTRAS OPERACIONES SOBRE LA REGIÓN ABDOMINAL,Q,,,,SI
541,54.1,LAPAROTOMÍA,3,54,OTRAS OPERACIONES SOBRE LA REGIÓN ABDOMINAL,,,,,NO
5411,54.11,LAPAROTOMÍA EXPLORADORA,4,54,OTRAS OPERACIONES SOBRE LA REGIÓN ABDOMINAL,Q,,,,SI
5412,54.12,REAPERTURA DE LAPARATOMÍA RECIENTE,4,54,OTRAS OPERACIONES SOBRE LA REGIÓN ABDOMINAL,Q,,,,SI
5419,54.19,OTRA LAPAROTOMÍA,4,54,OTRAS OPERACIONES SOBRE LA REGIÓN ABDOMINAL,Q,,,,SI
542,54.2,PROCEDIMIENTOS DIAGNÓSTICOS DE LA REGIÓN ABDOMINAL,3,54,OTRAS OPERACIONES SOBRE LA REGIÓN ABDOMINAL,,,,,NO
5421,54.21,LAPAROSCOPIA,4,54,OTRAS OPERACIONES SOBRE LA REGIÓN ABDOMINAL,D,,,,SI
5422,54.22,BIOPSIA DE PARED ABDOMINAL U OMBLIGO,4,54,OTRAS OPERACIONES SOBRE LA REGIÓN ABDOMINAL,D,,,,SI
5423,54.23,BIOPSIA DE PERITONEO,4,54,OTRAS OPERACIONES SOBRE LA REGIÓN ABDOMINAL,D,,,,SI
5424,54.24,BIOPSIA CERRADA [CON AGUJA] [PERCUTÁNEA] DE MASA INTRAABDOMINAL,4,54,OTRAS OPERACIONES SOBRE LA REGIÓN ABDOMINAL,D,,,,SI
5425,54.25,LAVADO PERITONEAL,4,54,OTRAS OPERACIONES SOBRE LA REGIÓN ABDOMINAL,D,,,,SI
5429,54.29,OTROS PROCEDIMIENTOS DIAGNÓSTICOS SOBRE REGIÓN ABDOMINAL,4,54,OTRAS OPERACIONES SOBRE LA REGIÓN ABDOMINAL,D,,,,SI
543,54.3,EXCISIÓN O ELIMINACIÓN DE LESIÓN O TEJIDO DE PARED ABDOMINAL U OMBLIGO,3,54,OTRAS OPERACIONES SOBRE LA REGIÓN ABDOMINAL,,,,,NO
543X,54.3X,EXCISIÓN O ELIMINACIÓN DE LESIÓN O TEJIDO DE PARED ABDOMINAL U OMBLIGO,4,54,OTRAS OPERACIONES SOBRE LA REGIÓN ABDOMINAL,Q,,,,SI
544,54.4,EXCISIÓN O ELIMINACIÓN DE TEJIDO PERITONEAL,3,54,OTRAS OPERACIONES SOBRE LA REGIÓN ABDOMINAL,,,,,NO
544X,54.4X,EXCISIÓN O ELIMINACIÓN DE TEJIDO PERITONEAL,4,54,OTRAS OPERACIONES SOBRE LA REGIÓN ABDOMINAL,Q,,,,SI
545,54.5,LISIS DE ADHERENCIAS PERITONEALES,3,54,OTRAS OPERACIONES SOBRE LA REGIÓN ABDOMINAL,,,,,NO
5451,54.51,LISIS LAPAROSCÓPICA DE ADHERENCIAS PERITONEALES,4,54,OTRAS OPERACIONES SOBRE LA REGIÓN ABDOMINAL,Q,,,,SI
5459,54.59,OTRAS LISIS DE ADHERENCIAS PERITONEALES,4,54,OTRAS OPERACIONES SOBRE LA REGIÓN ABDOMINAL,Q,,,,SI
546,54.6,SUTURA DE PARED ABDOMINAL Y PERITONEO,3,54,OTRAS OPERACIONES SOBRE LA REGIÓN ABDOMINAL,,,,,NO
5461,54.61,NUEVO CIERRE DE DISRUPCIÓN POSTOPERATORIA DE PARED ABDOMINAL (EVISCERACIÓN),4,54,OTRAS OPERACIONES SOBRE LA REGIÓN ABDOMINAL,Q,,,,SI
5462,54.62,CIERRE RETARDADO DE HERIDA ABDOMINAL EN FASE DE GRANULACIÓN,4,54,OTRAS OPERACIONES SOBRE LA REGIÓN ABDOMINAL,Q,,,,SI
5463,54.63,OTRA SUTURA DE PARED ABDOMINAL,4,54,OTRAS OPERACIONES SOBRE LA REGIÓN ABDOMINAL,Q,,,,SI
546A,54.6A,CIERRE PROVISIONAL DE HERIDA ABDOMINAL,4,54,OTRAS OPERACIONES SOBRE LA REGIÓN ABDOMINAL,Q,,,,SI
5464,54.64,SUTURA DE PERITONEO,4,54,OTRAS OPERACIONES SOBRE LA REGIÓN ABDOMINAL,Q,,,,SI
547,54.7,OTRA REPARACIÓN DE PARED ABDOMINAL Y PERITONEO,3,54,OTRAS OPERACIONES SOBRE LA REGIÓN ABDOMINAL,,,,,NO
5471,54.71,REPARACIÓN DE GASTROSQUISIS,4,54,OTRAS OPERACIONES SOBRE LA REGIÓN ABDOMINAL,Q,,,,SI
5472,54.72,OTRA REPARACIÓN DE PARED ABDOMINAL,4,54,OTRAS OPERACIONES SOBRE LA REGIÓN ABDOMINAL,Q,,,,SI
5473,54.73,OTRA REPARACIÓN DE PERITONEO,4,54,OTRAS OPERACIONES SOBRE LA REGIÓN ABDOMINAL,Q,,,,SI
5474,54.74,OTRA REPARACIÓN DE EPIPLÓN,4,54,OTRAS OPERACIONES SOBRE LA REGIÓN ABDOMINAL,Q,,,,SI
5475,54.75,OTRA REPARACION DE MESENTERIO,4,54,OTRAS OPERACIONES SOBRE LA REGIÓN ABDOMINAL,Q,,,,SI
549,54.9,OTRAS OPERACIONES DE LA REGIÓN ABDOMINAL,3,54,OTRAS OPERACIONES SOBRE LA REGIÓN ABDOMINAL,,,,,NO
5491,54.91,DRENAJE ABDOMINAL PERCUTÁNEO,4,54,OTRAS OPERACIONES SOBRE LA REGIÓN ABDOMINAL,Q,,,,SI
5492,54.92,EXTRACCIÓN DE CUERPO EXTRAÑO DE LA CAVIDAD PERITONEAL,4,54,OTRAS OPERACIONES SOBRE LA REGIÓN ABDOMINAL,Q,,,,SI
5493,54.93,CREACIÓN DE FÍSTULA CUTÁNEOPERITONEAL,4,54,OTRAS OPERACIONES SOBRE LA REGIÓN ABDOMINAL,Q,,,,SI
5494,54.94,CREACIÓN DE DERIVACIÓN PERITONEO-VASCULAR (SHUNT),4,54,OTRAS OPERACIONES SOBRE LA REGIÓN ABDOMINAL,Q,,,,SI
5495,54.95,INCISIÓN DE PERITONEO,4,54,OTRAS OPERACIONES SOBRE LA REGIÓN ABDOMINAL,Q,,,,SI
5496,54.96,INYECCIÓN DE AIRE EN CAVIDAD PERITONEAL,4,54,OTRAS OPERACIONES SOBRE LA REGIÓN ABDOMINAL,Q,,,,SI
5497,54.97,INYECCIÓN DE SUSTANCIA TERAPÉUTICA DE ACCIÓN LOCAL EN CAVIDAD PERITONEAL,4,54,OTRAS OPERACIONES SOBRE LA REGIÓN ABDOMINAL,Q,,,,SI
5498,54.98,DIÁLISIS PERITONEAL,4,54,OTRAS OPERACIONES SOBRE LA REGIÓN ABDOMINAL,D,,,,SI
5499,54.99,OTRA OPERACIÓN DE LA REGIÓN ABDOMINAL,4,54,OTRAS OPERACIONES SOBRE LA REGIÓN ABDOMINAL,Q,,,,SI
00,00,OPERACIONES SOBRE EL APARATO URINARIO (55 - 59),2,00,PROCEDIMIENTOS DIAGNÓSTICOS Y TERAPÉUTICOS MISCELÁNEOS (87 - 99),,,,,NO
55,55,OPERACIONES SOBRE EL RIÑÓN,2,55,OPERACIONES SOBRE EL RIÑÓN,,,,,NO
550,55.0,NEFROTOMÍA Y NEFROSTOMÍA,3,55,OPERACIONES SOBRE EL RIÑÓN,,,,,NO
5501,55.01,NEFROTOMÍA,4,55,OPERACIONES SOBRE EL RIÑÓN,Q,,,,SI
5502,55.02,NEFROSTOMÍA,4,55,OPERACIONES SOBRE EL RIÑÓN,Q,,,,SI
5503,55.03,NEFROSTOMÍA PERCUTÁNEA SIN FRAGMENTACIÓN,4,55,OPERACIONES SOBRE EL RIÑÓN,Q,,,,SI
5504,55.04,NEFROSTOMÍA PERCUTÁNEA CON FRAGMENTACIÓN,4,55,OPERACIONES SOBRE EL RIÑÓN,Q,,,,SI
551,55.1,PIELOTOMÍA Y PIELOSTOMÍA,3,55,OPERACIONES SOBRE EL RIÑÓN,,,,,NO
5511,55.11,PIELOTOMÍA,4,55,OPERACIONES SOBRE EL RIÑÓN,Q,,,,SI
5512,55.12,PIELOSTOMÍA,4,55,OPERACIONES SOBRE EL RIÑÓN,Q,,,,SI
552,55.2,PROCEDIMIENTOS DIAGNÓSTICOS SOBRE RIÑÓN,3,55,OPERACIONES SOBRE EL RIÑÓN,,,,,NO
5521,55.21,NEFROSCOPIA,4,55,OPERACIONES SOBRE EL RIÑÓN,D,,,,SI
5522,55.22,PIELOSCOPIA,4,55,OPERACIONES SOBRE EL RIÑÓN,D,,,,SI
5523,55.23,BIOPSIA CERRADA [AGUJA] [PERCUTÁNEA] DE RIÑÓN,4,55,OPERACIONES SOBRE EL RIÑÓN,D,,,,SI
5524,55.24,BIOPSIA ABIERTA DE RIÑÓN,4,55,OPERACIONES SOBRE EL RIÑÓN,D,,,,SI
5529,55.29,OTROS PROCEDIMIENTOS DIAGNÓSTICOS SOBRE EL RIÑÓN,4,55,OPERACIONES SOBRE EL RIÑÓN,D,,,,SI
553,55.3,EXCISIÓN LOCAL O DESTRUCCIÓN DE LESIÓN RENAL,3,55,OPERACIONES SOBRE EL RIÑÓN,,,,,NO
5531,55.31,MARSUPIALIZACIÓN DE LESIÓN RENAL,4,55,OPERACIONES SOBRE EL RIÑÓN,Q,,,,SI
5532,55.32,ABLACIÓN ABIERTA DE LESIÓN O TEJIDO RENAL,4,55,OPERACIONES SOBRE EL RIÑÓN,Q,,,,SI
5533,55.33,ABLACIÓN PERCUTÁNEA DE LESIÓN O TEJIDO RENAL,4,55,OPERACIONES SOBRE EL RIÑÓN,Q,,,,SI
5534,55.34,ABLACIÓN LAPAROSCÓPICA DE LESIÓN O TEJIDO RENAL,4,55,OPERACIONES SOBRE EL RIÑÓN,Q,,,,SI
5535,55.35,OTRA ABLACIÓN Y LA NO ESPECIFICADA DE LESIÓN O TEJIDO RENAL,4,55,OPERACIONES SOBRE EL RIÑÓN,Q,,,,SI
5539,55.39,OTRA DESTRUCCIÓN LOCAL O EXCISIÓN DE LESIÓN O TEJIDO RENAL,4,55,OPERACIONES SOBRE EL RIÑÓN,Q,,,,SI
554,55.4,NEFRECTOMÍA PARCIAL,3,55,OPERACIONES SOBRE EL RIÑÓN,,,,,NO
554X,55.4X,NEFRECTOMÍA PARCIAL,4,55,OPERACIONES SOBRE EL RIÑÓN,Q,,,,SI
555,55.5,NEFRECTOMÍA TOTAL,3,55,OPERACIONES SOBRE EL RIÑÓN,,,,,NO
5551,55.51,NEFROURETERECTOMÍA,4,55,OPERACIONES SOBRE EL RIÑÓN,Q,,,,SI
5552,55.52,NEFRECTOMÍA DE RIÑÓN RESTANTE,4,55,OPERACIONES SOBRE EL RIÑÓN,Q,,,,SI
5553,55.53,EXTRACCIÓN DE RIÑÓN TRASPLANTADO O RECHAZADO,4,55,OPERACIONES SOBRE EL RIÑÓN,Q,,,,SI
5554,55.54,NEFRECTOMÍA BILATERAL,4,55,OPERACIONES SOBRE EL RIÑÓN,Q,,,,SI
556,55.6,TRASPLANTE DE RIÑÓN,3,55,OPERACIONES SOBRE EL RIÑÓN,,,,,NO
5561,55.61,AUTOTRASPLANTE RENAL,4,55,OPERACIONES SOBRE EL RIÑÓN,Q,,,,SI
5569,55.69,OTRO TRASPLANTE DE RIÑÓN,4,55,OPERACIONES SOBRE EL RIÑÓN,Q,,,,SI
557,55.7,NEFROPEXIA,3,55,OPERACIONES SOBRE EL RIÑÓN,,,,,NO
557X,55.7X,NEFROPEXIA,4,55,OPERACIONES SOBRE EL RIÑÓN,Q,,,,SI
558,55.8,OTRA REPARACIÓN DE RIÑÓN,3,55,OPERACIONES SOBRE EL RIÑÓN,,,,,NO
5581,55.81,SUTURA DE LACERACIÓN DE RIÑÓN,4,55,OPERACIONES SOBRE EL RIÑÓN,Q,,,,SI
5582,55.82,CIERRE DE NEFROSTOMÍA Y PIELOSTOMÍA,4,55,OPERACIONES SOBRE EL RIÑÓN,Q,,,,SI
5583,55.83,CIERRE DE OTRA FÍSTULA DE RIÑÓN,4,55,OPERACIONES SOBRE EL RIÑÓN,Q,,,,SI
5584,55.84,REDUCCIÓN DE TORSIÓN DE PEDÍCULO RENAL,4,55,OPERACIONES SOBRE EL RIÑÓN,Q,,,,SI
5585,55.85,SINFISIOTOMÍA PARA RIÑÓN (ANULAR) EN HERRADURA,4,55,OPERACIONES SOBRE EL RIÑÓN,Q,,,,SI
5586,55.86,ANASTOMOSIS DE RIÑÓN,4,55,OPERACIONES SOBRE EL RIÑÓN,Q,,,,SI
5587,55.87,CORRECCIÓN DE UNIÓN URETEROPÉLVICA,4,55,OPERACIONES SOBRE EL RIÑÓN,Q,,,,SI
5589,55.89,OTRA REPARACIÓN DE RIÑÓN,4,55,OPERACIONES SOBRE EL RIÑÓN,Q,,,,SI
559,55.9,OTRAS OPERACIONES SOBRE EL RIÑÓN,3,55,OPERACIONES SOBRE EL RIÑÓN,,,,,NO
5591,55.91,DECAPSULACIÓN DE RIÑÓN,4,55,OPERACIONES SOBRE EL RIÑÓN,Q,,,,SI
5592,55.92,ASPIRACIÓN PERCUTÁNEA DE RIÑÓN (PELVIS),4,55,OPERACIONES SOBRE EL RIÑÓN,Q,,,,SI
5593,55.93,SUSTITUCIÓN DE TUBO DE NEFROSTOMÍA,4,55,OPERACIONES SOBRE EL RIÑÓN,Q,,,,SI
5594,55.94,SUSTITUCIÓN DE TUBO DE PIELOSTOMÍA,4,55,OPERACIONES SOBRE EL RIÑÓN,Q,,,,SI
5595,55.95,PERFUSIÓN LOCAL DE RIÑÓN,4,55,OPERACIONES SOBRE EL RIÑÓN,Q,,,,SI
5596,55.96,OTRA INYECCIÓN DE SUSTANCIA TERAPÉUTICA EN RIÑÓN,4,55,OPERACIONES SOBRE EL RIÑÓN,Q,,,,SI
5597,55.97,IMPLANTACIÓN O SUSTITUCIÓN DE RIÑÓN MECÁNICO,4,55,OPERACIONES SOBRE EL RIÑÓN,Q,,,,SI
5598,55.98,EXTRACCIÓN DE RIÑÓN MECÁNICO,4,55,OPERACIONES SOBRE EL RIÑÓN,Q,,,,SI
5599,55.99,OTRAS OPERACIONES SOBRE EL RIÑÓN,4,55,OPERACIONES SOBRE EL RIÑÓN,Q,,,,SI
56,56,OPERACIONES SOBRE URÉTER,2,56,OPERACIONES SOBRE URÉTER,,,,,NO
560X,56.0X,EXTRACCIÓN TRANSURETRAL DE OBSTÁCULO DE URÉTER Y PELVIS RENAL,4,56,OPERACIONES SOBRE URÉTER,Q,,,,SI
561,56.1,MEATOTOMÍA URETERAL,3,56,OPERACIONES SOBRE URÉTER,,,,,NO
561X,56.1X,MEATOTOMÍA URETERAL,4,56,OPERACIONES SOBRE URÉTER,Q,,,,SI
562,56.2,URETEROTOMÍA,3,56,OPERACIONES SOBRE URÉTER,,,,,NO
562X,56.2X,URETEROTOMÍA,4,56,OPERACIONES SOBRE URÉTER,Q,,,,SI
563,56.3,PROCEDIMIENTOS DE DIAGNÓSTICO EN URÉTER,3,56,OPERACIONES SOBRE URÉTER,,,,,NO
5631,56.31,URETEROSCOPIA,4,56,OPERACIONES SOBRE URÉTER,D,,,,SI
5632,56.32,BIOPSIA PERCUTÁNEA CERRADA DE URÉTER,4,56,OPERACIONES SOBRE URÉTER,D,,,,SI
5633,56.33,BIOPSIA ENDOSCÓPICA CERRADA DE URÉTER,4,56,OPERACIONES SOBRE URÉTER,D,,,,SI
5634,56.34,BIOPSIA ABIERTA DE URÉTER,4,56,OPERACIONES SOBRE URÉTER,D,,,,SI
5635,56.35,ENDOSCOPÍA (CISTOSCOPÍA) DEL CONDUCTO ILEAL,4,56,OPERACIONES SOBRE URÉTER,D,,,,SI
5639,56.39,OTROS PROCEDIMIENTOS DE DIAGNÓSTICO EN URÉTER,4,56,OPERACIONES SOBRE URÉTER,D,,,,SI
564,56.4,URETERECTOMÍA,3,56,OPERACIONES SOBRE URÉTER,,,,,NO
5640,56.40,URETERECTOMÍA NO ESPECIFICADA DE OTRA MANERA,4,56,OPERACIONES SOBRE URÉTER,Q,,,,SI
5641,56.41,URETERECTOMÍA PARCIAL,4,56,OPERACIONES SOBRE URÉTER,Q,,,,SI
5642,56.42,URETERECTOMÍA TOTAL,4,56,OPERACIONES SOBRE URÉTER,Q,,,,SI
565,56.5,URETEROILEOSTOMÍA CUTÁNEA,3,56,OPERACIONES SOBRE URÉTER,,,,,NO
5651,56.51,FORMACIÓN DE URETEROILEOSTOMÍA CUTÁNEA,4,56,OPERACIONES SOBRE URÉTER,Q,,,,SI
5652,56.52,REVISIÓN DE URETEROILEOSTOMÍA CUTÁNEA,4,56,OPERACIONES SOBRE URÉTER,Q,,,,SI
566,56.6,OTRA DERIVACIÓN URINARIA EXTERNA,3,56,OPERACIONES SOBRE URÉTER,,,,,NO
5661,56.61,FORMACIÓN DE OTRA URETEROSTOMÍA CUTÁNEA,4,56,OPERACIONES SOBRE URÉTER,Q,,,,SI
5662,56.62,REVISIÓN DE OTRA URETEROSTOMÍA CUTÁNEA,4,56,OPERACIONES SOBRE URÉTER,Q,,,,SI
567,56.7,OTRA ANASTOMOSIS O DESVIACIÓN DE URÉTER,3,56,OPERACIONES SOBRE URÉTER,,,,,NO
5671,56.71,DERIVACIÓN URINARIA A INTESTINO,4,56,OPERACIONES SOBRE URÉTER,Q,,,,SI
5672,56.72,REVISIÓN DE ANASTOMOSIS URETEROINTESTINAL,4,56,OPERACIONES SOBRE URÉTER,Q,,,,SI
5673,56.73,NEFROCISTOANASTOMOSIS NO ESPECIFICADA DE OTRA MANERA,4,56,OPERACIONES SOBRE URÉTER,Q,,,,SI
5674,56.74,URETERONEOCISTOSTOMÍA,4,56,OPERACIONES SOBRE URÉTER,Q,,,,SI
5675,56.75,TRANSURETEROURETEROSTOMÍA,4,56,OPERACIONES SOBRE URÉTER,Q,,,,SI
5679,56.79,OTRA ANASTOMOSIS O DESVIACIÓN DE URÉTER,4,56,OPERACIONES SOBRE URÉTER,Q,,,,SI
568,56.8,REPARACIÓN DE URÉTER,3,56,OPERACIONES SOBRE URÉTER,,,,,NO
5681,56.81,LIBERACIÓN DE ADHERENCIAS INTRALUMINALES DE URÉTER,4,56,OPERACIONES SOBRE URÉTER,Q,,,,SI
5682,56.82,SUTURA DE LACERACIÓN DE URÉTER,4,56,OPERACIONES SOBRE URÉTER,Q,,,,SI
5683,56.83,CIERRE DE URETEROSTOMÍA,4,56,OPERACIONES SOBRE URÉTER,Q,,,,SI
5684,56.84,CIERRE DE OTRA FÍSTULA DE URÉTER,4,56,OPERACIONES SOBRE URÉTER,Q,,,,SI
5685,56.85,URETEROPEXIA,4,56,OPERACIONES SOBRE URÉTER,Q,,,,SI
5686,56.86,EXTRACCIÓN DE LIGADURA DE URÉTER,4,56,OPERACIONES SOBRE URÉTER,Q,,,,SI
5689,56.89,OTRA REPARACIÓN DE URÉTER,4,56,OPERACIONES SOBRE URÉTER,Q,,,,SI
569,56.9,OTRAS OPERACIONES SOBRE URÉTER,3,56,OPERACIONES SOBRE URÉTER,,,,,NO
5691,56.91,DILATACIÓN DEL MEATO URETERAL,4,56,OPERACIONES SOBRE URÉTER,Q,,,,SI
5692,56.92,IMPLANTACIÓN DE ESTIMULADOR URETERAL ELECTRÓNICO,4,56,OPERACIONES SOBRE URÉTER,Q,,,,SI
5693,56.93,SUSTITUCIÓN DE ESTIMULADOR URETERAL ELECTRÓNICO,4,56,OPERACIONES SOBRE URÉTER,Q,,,,SI
5694,56.94,EXTRACCIÓN DE ESTIMULADOR URETERAL ELECTRÓNICO,4,56,OPERACIONES SOBRE URÉTER,Q,,,,SI
5695,56.95,LIGADURA DE URÉTER,4,56,OPERACIONES SOBRE URÉTER,Q,,,,SI
5699,56.99,OTRA OPERACIONES SOBRE URÉTER,4,56,OPERACIONES SOBRE URÉTER,Q,,,,SI
57,57,OPERACIONES SOBRE VEJIGA URINARIA,2,57,OPERACIONES SOBRE VEJIGA URINARIA,,,,,NO
570,57.0,DRENAJE TRANSURETRAL VESICAL,3,57,OPERACIONES SOBRE VEJIGA URINARIA,,,,,NO
570X,57.0X,DRENAJE TRANSURETRAL VESICAL,4,57,OPERACIONES SOBRE VEJIGA URINARIA,D,,,,SI
571,57.1,CISTOTOMÍA Y CISTOSTOMÍA,3,57,OPERACIONES SOBRE VEJIGA URINARIA,,,,,NO
5711,57.11,ASPIRACIÓN PERCUTÁNEA DE VEJIGA,4,57,OPERACIONES SOBRE VEJIGA URINARIA,Q,,,,SI
5712,57.12,LIBERACIÓN DE ADHERENCIAS INTRALUMINALES CON INCISIÓN DE VEJIGA,4,57,OPERACIONES SOBRE VEJIGA URINARIA,Q,,,,SI
5717,57.17,CISTOSTOMÍA PERCUTÁNEA,4,57,OPERACIONES SOBRE VEJIGA URINARIA,Q,,,,SI
5718,57.18,OTRA CISTOSTOMÍA SUPRAPÚBICA,4,57,OPERACIONES SOBRE VEJIGA URINARIA,Q,,,,SI
5719,57.19,OTRA CISTOTOMÍA,4,57,OPERACIONES SOBRE VEJIGA URINARIA,Q,,,,SI
572,57.2,VESICOSTOMÍA,3,57,OPERACIONES SOBRE VEJIGA URINARIA,,,,,NO
5721,57.21,VESICOSTOMÍA,4,57,OPERACIONES SOBRE VEJIGA URINARIA,Q,,,,SI
5722,57.22,REVISIÓN O SUTURA DE VESICOSTOMÍA,4,57,OPERACIONES SOBRE VEJIGA URINARIA,Q,,,,SI
573,57.3,PROCEDIMIENTOS DIAGNÓSTICOS EN VEJIGA,3,57,OPERACIONES SOBRE VEJIGA URINARIA,,,,,NO
5731,57.31,CISTOSCOPÍA A TRAVÉS DE ESTOMA ARTIFICIAL,4,57,OPERACIONES SOBRE VEJIGA URINARIA,D,,,,SI
5732,57.32,OTRA CISTOSCOPIA,4,57,OPERACIONES SOBRE VEJIGA URINARIA,D,,,,SI
5733,57.33,BIOPSIA CERRADA [TRANSURETRAL] DE VEJIGA,4,57,OPERACIONES SOBRE VEJIGA URINARIA,D,,,,SI
5734,57.34,BIOPSIA ABIERTA DE VEJIGA,4,57,OPERACIONES SOBRE VEJIGA URINARIA,D,,,,SI
5739,57.39,OTROS PROCEDIMIENTOS DIAGNÓSTICOS SOBRE VEJIGA,4,57,OPERACIONES SOBRE VEJIGA URINARIA,D,,,,SI
574,57.4,EXCISIÓN O DESTRUCCIÓN TRANSURETRAL DE TEJIDO DE VEJIGA,3,57,OPERACIONES SOBRE VEJIGA URINARIA,,,,,NO
5741,57.41,LIBERACIÓN TRANSURETRAL DE ADHERENCIAS INTRALUMINALES,4,57,OPERACIONES SOBRE VEJIGA URINARIA,Q,,,,SI
5749,57.49,OTRA EXCISIÓN O DESTRUCCIÓN TRANSURETRAL DE LESIÓN O TEJIDO VESICAL,4,57,OPERACIONES SOBRE VEJIGA URINARIA,Q,,,,SI
575,57.5,OTRA EXCISIÓN O DESTRUCCIÓN DE TEJIDO DE VEJIGA,3,57,OPERACIONES SOBRE VEJIGA URINARIA,,,,,NO
5751,57.51,EXCISIÓN DE URACO,4,57,OPERACIONES SOBRE VEJIGA URINARIA,Q,,,,SI
5759,57.59,EXCISIÓN O DESTRUCCIÓN ABIERTA DE OTRA LESIÓN O TEJIDO DE VEJIGA,4,57,OPERACIONES SOBRE VEJIGA URINARIA,Q,,,,SI
576,57.6,CISTECTOMÍA PARCIAL,3,57,OPERACIONES SOBRE VEJIGA URINARIA,,,,,NO
576X,57.6X,CISTECTOMÍA PARCIAL,4,57,OPERACIONES SOBRE VEJIGA URINARIA,Q,,,,SI
577,57.7,CISTECTOMÍA TOTAL,3,57,OPERACIONES SOBRE VEJIGA URINARIA,,,,,NO
5771,57.71,CISTECTOMÍA RADICAL,4,57,OPERACIONES SOBRE VEJIGA URINARIA,Q,,,,SI
5779,57.79,OTRA CISTECTOMÍA TOTAL,4,57,OPERACIONES SOBRE VEJIGA URINARIA,Q,,,,SI
578,57.8,OTRA REPARACIÓN DE VEJIGA URINARIA,3,57,OPERACIONES SOBRE VEJIGA URINARIA,,,,,NO
5781,57.81,SUTURA DE LACERACIÓN DE VEJIGA,4,57,OPERACIONES SOBRE VEJIGA URINARIA,Q,,,,SI
5782,57.82,CIERRE DE CISTOSTOMÍA,4,57,OPERACIONES SOBRE VEJIGA URINARIA,Q,,,,SI
5783,57.83,REPARACIÓN DE FÍSTULA CON AFECTACIÓN DE VEJIGA E INTESTINO,4,57,OPERACIONES SOBRE VEJIGA URINARIA,Q,,,,SI
5784,57.84,REPARACIÓN DE OTRA FÍSTULA DE VEJIGA,4,57,OPERACIONES SOBRE VEJIGA URINARIA,Q,,,,SI
5785,57.85,CISTOURETROPLASTIA Y REPARACIÓN PLÁSTICA DE CUELLO DE VEJIGA,4,57,OPERACIONES SOBRE VEJIGA URINARIA,Q,,,,SI
5786,57.86,REPARACIÓN DE EXTROFIA VESICAL,4,57,OPERACIONES SOBRE VEJIGA URINARIA,Q,,,,SI
5787,57.87,RECONSTRUCCIÓN DE VEJIGA URINARIA,4,57,OPERACIONES SOBRE VEJIGA URINARIA,Q,,,,SI
5788,57.88,OTRA ANASTOMOSIS DE VEJIGA,4,57,OPERACIONES SOBRE VEJIGA URINARIA,Q,,,,SI
5789,57.89,OTRA REPARACIÒN DE VEJIGA,4,57,OPERACIONES SOBRE VEJIGA URINARIA,Q,,,,SI
579,57.9,OTRAS OPERACIONES SOBRE VEJIGA,3,57,OPERACIONES SOBRE VEJIGA URINARIA,,,,,NO
5791,57.91,ESFINTEROTOMÍA DE VEJIGA,4,57,OPERACIONES SOBRE VEJIGA URINARIA,Q,,,,SI
5792,57.92,DILATACIÓN DE CUELLO DE VEJIGA,4,57,OPERACIONES SOBRE VEJIGA URINARIA,Q,,,,SI
5793,57.93,CONTROL DE HEMORRAGIA (POSTOPERATORIA) DE VEJIGA,4,57,OPERACIONES SOBRE VEJIGA URINARIA,Q,,,,SI
5794,57.94,INSERCIÓN DE CATÉTER URINARIO PERMANENTE,4,57,OPERACIONES SOBRE VEJIGA URINARIA,T,,,,SI
5795,57.95,SUSTITUCIÓN DE CATÉTER URINARIO PERMANENTE,4,57,OPERACIONES SOBRE VEJIGA URINARIA,T,,,,SI
5796,57.96,IMPLANTACIÓN DE ESTIMULADOR DE VEJIGA ELECTRÓNICO,4,57,OPERACIONES SOBRE VEJIGA URINARIA,Q,,,,SI
5797,57.97,SUSTITUCIÓN DE ESTIMULADOR DE VEJIGA ELECTRÓNICO,4,57,OPERACIONES SOBRE VEJIGA URINARIA,Q,,,,SI
5798,57.98,EXTRACCIÓN DE ESTIMULADOR DE VEJIGA ELECTRÓNICO,4,57,OPERACIONES SOBRE VEJIGA URINARIA,Q,,,,SI
5799,57.99,OTRAS OPERACIONES SOBRE VEJIGA,4,57,OPERACIONES SOBRE VEJIGA URINARIA,Q,,,,SI
58,58,OPERACIONES SOBRE URETRA,2,58,OPERACIONES SOBRE URETRA,,,,,NO
580,58.0,URETROTOMÍA,3,58,OPERACIONES SOBRE URETRA,,,,,NO
580X,58.0X,URETROTOMÍA,4,58,OPERACIONES SOBRE URETRA,Q,,,,SI
581,58.1,MEATOTOMÍA URETRAL,3,58,OPERACIONES SOBRE URETRA,,,,,NO
581X,58.1X,MEATOTOMÍA URETRAL,4,58,OPERACIONES SOBRE URETRA,Q,,,,SI
582,58.2,PROCEDIMIENTOS DIAGNÓSTICOS EN URETRA,3,58,OPERACIONES SOBRE URETRA,,,,,NO
5821,58.21,URETROSCOPIA PERINEAL,4,58,OPERACIONES SOBRE URETRA,D,,,,SI
5822,58.22,OTRA URETROSCOPIA,4,58,OPERACIONES SOBRE URETRA,D,,,,SI
5823,58.23,BIOPSIA DE URETRA,4,58,OPERACIONES SOBRE URETRA,D,,,,SI
5824,58.24,BIOPSIA DE TEJIDO PERIURETRAL,4,58,OPERACIONES SOBRE URETRA,D,,,,SI
5829,58.29,OTROS PROCEDIMIENTOS DIAGNÓSTICOS SOBRE URETRA Y TEJIDO PERIURETRAL,4,58,OPERACIONES SOBRE URETRA,D,,,,SI
583,58.3,EXCISIÓN O DESTRUCCIÓN DE TEJIDO O DE LESIÓN URETRAL,3,58,OPERACIONES SOBRE URETRA,,,,,NO
5831,58.31,EXCISIÓN ENDOSCÓPICA O DESTRUCCIÓN DE LESIÓN O DE TEJIDO DE LA URETRA,4,58,OPERACIONES SOBRE URETRA,Q,,,,SI
5839,58.39,OTRA EXCISIÓN LOCAL O DESTRUCCIÓN DE LESIÓN O DE TEJIDO DE LA URETRA,4,58,OPERACIONES SOBRE URETRA,Q,,,,SI
584,58.4,REPARACIÓN DE URETRA,3,58,OPERACIONES SOBRE URETRA,,,,,NO
5841,58.41,SUTURA DE LACERACIÓN DE URETRA,4,58,OPERACIONES SOBRE URETRA,Q,,,,SI
5842,58.42,CIERRE DE URETROSTOMÍA,4,58,OPERACIONES SOBRE URETRA,Q,,,,SI
5843,58.43,CIERRE DE OTRA FÍSTULA DE URETRA,4,58,OPERACIONES SOBRE URETRA,Q,,,,SI
5844,58.44,REANASTOMOSIS DE URETRA,4,58,OPERACIONES SOBRE URETRA,Q,,,,SI
5845,58.45,REPARACIÓN DE HIPOSPADIAS O EPISPADIAS,4,58,OPERACIONES SOBRE URETRA,Q,,,,SI
5846,58.46,OTRA RECONSTRUCCIÓN DE URETRA,4,58,OPERACIONES SOBRE URETRA,Q,,,,SI
5847,58.47,MEATOPLASTIA URETRAL,4,58,OPERACIONES SOBRE URETRA,Q,,,,SI
5849,58.49,OTRA REPARACIÓN DE URETRA,4,58,OPERACIONES SOBRE URETRA,Q,,,,SI
585,58.5,LIBERACIÓN DE ESTENOSIS URETRAL,3,58,OPERACIONES SOBRE URETRA,,,,,NO
585X,58.5X,LIBERACIÓN DE ESTENOSIS URETRAL,4,58,OPERACIONES SOBRE URETRA,Q,,,,SI
586,58.6,DILATACIÓN DE URETRA,3,58,OPERACIONES SOBRE URETRA,,,,,NO
586X,58.6X,DILATACIÓN DE URETRA,4,58,OPERACIONES SOBRE URETRA,Q,,,,SI
589,58.9,OTRAS OPERACIONES SOBRE URETRA Y TEJIDO PERIURETRAL,3,58,OPERACIONES SOBRE URETRA,,,,,NO
5891,58.91,INCISIÓN DE TEJIDO PERIURETRAL,4,58,OPERACIONES SOBRE URETRA,Q,,,,SI
5892,58.92,EXCISIÓN DE TEJIDO PERIURETRAL,4,58,OPERACIONES SOBRE URETRA,Q,,,,SI
5893,58.93,IMPLANTACIÓN DE ESFÍNTER URINARIO ARTIFICIAL [EUA],4,58,OPERACIONES SOBRE URETRA,Q,,,,SI
5899,58.99,OTRAS OPERACIONES SOBRE URETRA Y TEJIDO PERIURETRAL,4,58,OPERACIONES SOBRE URETRA,Q,,,,SI
59,59,OTRAS OPERACIONES SOBRE EL TRACTO URINARIO,2,59,OTRAS OPERACIONES SOBRE EL TRACTO URINARIO,,,,,NO
590,59.0,DISECCIÓN DE TEJIDO RETROPERITONEAL,3,59,OTRAS OPERACIONES SOBRE EL TRACTO URINARIO,,,,,NO
5900,59.00,DISECCIÓN RETROPERITONEAL NO ESPECIFICADA DE OTRA MANERA,4,59,OTRAS OPERACIONES SOBRE EL TRACTO URINARIO,Q,,,,SI
5902,59.02,OTRA LISIS DE ADHERENCIAS PERIRRENALES O PERIURETERALES,4,59,OTRAS OPERACIONES SOBRE EL TRACTO URINARIO,Q,,,,SI
5903,59.03,LISIS LAPAROSCÓPICA DE ADHERENCIAS PERIRRENALES O PERIURETERALES,4,59,OTRAS OPERACIONES SOBRE EL TRACTO URINARIO,Q,,,,SI
5909,59.09,OTRA INCISIÓN DE TEJIDO PERIRRENAL O PERIURETERAL,4,59,OTRAS OPERACIONES SOBRE EL TRACTO URINARIO,Q,,,,SI
591,59.1,INCISIÓN DE TEJIDO PERIVESICAL,3,59,OTRAS OPERACIONES SOBRE EL TRACTO URINARIO,,,,,NO
5911,59.11,OTRA LISIS DE ADHERENCIAS PERIVESICALES,4,59,OTRAS OPERACIONES SOBRE EL TRACTO URINARIO,Q,,,,SI
5912,59.12,LISIS LAPAROSCÓPICA DE ADHERENCIAS PERIVESICALES,4,59,OTRAS OPERACIONES SOBRE EL TRACTO URINARIO,Q,,,,SI
5919,59.19,OTRA INCISIÓN DE TEJIDO PERIVESICAL,4,59,OTRAS OPERACIONES SOBRE EL TRACTO URINARIO,Q,,,,SI
592,59.2,PROCEDIMIENTOS DIAGNÓSTICOS EN TEJIDO PERIRRENAL Y PERIVESICAL,3,59,OTRAS OPERACIONES SOBRE EL TRACTO URINARIO,,,,,NO
5921,59.21,BIOPSIA DE TEJIDO PERIRRENAL O PERIVESICAL,4,59,OTRAS OPERACIONES SOBRE EL TRACTO URINARIO,D,,,,SI
5929,59.29,"OTROS PROCEDIMIENTOS DIAGNÓSTICOS SOBRE TEJIDO PERIRRENAL, TEJIDO PERIVESICAL Y RETROPERITONEO",4,59,OTRAS OPERACIONES SOBRE EL TRACTO URINARIO,D,,,,SI
593,59.3,PLICATURA DE UNIÓN URETROVESICAL,3,59,OTRAS OPERACIONES SOBRE EL TRACTO URINARIO,,,,,NO
593X,59.3X,PLICATURA DE UNIÓN URETROVESICAL,4,59,OTRAS OPERACIONES SOBRE EL TRACTO URINARIO,Q,,,,SI
594,59.4,OPERACIÓN SUPRAPÚBICA DE SUSPENSIÓN (SLING),3,59,OTRAS OPERACIONES SOBRE EL TRACTO URINARIO,,,,,NO
594X,59.4X,OPERACIÓN SUPRAPÚBICA DE SUSPENSIÓN (SLING),4,59,OTRAS OPERACIONES SOBRE EL TRACTO URINARIO,Q,,,,SI
595,59.5,SUSPENSIÓN URETRAL RETROPÚBICA,3,59,OTRAS OPERACIONES SOBRE EL TRACTO URINARIO,,,,,NO
595X,59.5X,SUSPENSIÓN URETRAL RETROPÚBICA,4,59,OTRAS OPERACIONES SOBRE EL TRACTO URINARIO,Q,,,,SI
596,59.6,SUSPENSIÓN PARAURETRAL,3,59,OTRAS OPERACIONES SOBRE EL TRACTO URINARIO,,,,,NO
596X,59.6X,SUSPENSIÓN PARAURETRAL,4,59,OTRAS OPERACIONES SOBRE EL TRACTO URINARIO,Q,,,,SI
597,59.7,OTRA REPARACIÓN DE INCONTINENCIA URINARIA DE ESFUERZO,3,59,OTRAS OPERACIONES SOBRE EL TRACTO URINARIO,,,,,NO
5971,59.71,OPERACIÓN DE MÚSCULO ELEVADOR PARA SUSPENSIÓN URETROVESICAL,4,59,OTRAS OPERACIONES SOBRE EL TRACTO URINARIO,Q,,,,SI
5972,59.72,INYECCIÓN DE IMPLANTE EN CUELLO VESICAL O INTRAURETRAL,4,59,OTRAS OPERACIONES SOBRE EL TRACTO URINARIO,Q,,,,SI
5979,59.79,OTRA REPARACIÓN DE INCONTINENCIA URINARIA DE ESFUERZO,4,59,OTRAS OPERACIONES SOBRE EL TRACTO URINARIO,Q,,,,SI
598,59.8,CATETERISMO URETERAL,3,59,OTRAS OPERACIONES SOBRE EL TRACTO URINARIO,,,,,NO
598X,59.8X,CATETERISMO URETERAL,4,59,OTRAS OPERACIONES SOBRE EL TRACTO URINARIO,Q,,,,SI
599,59.9,OTRAS OPERACIONES SOBRE EL APARATO URINARIO,3,59,OTRAS OPERACIONES SOBRE EL TRACTO URINARIO,,,,,NO
5991,59.91,EXCISIÓN DE TEJIDO PERIRRENAL O PERIVESICAL,4,59,OTRAS OPERACIONES SOBRE EL TRACTO URINARIO,Q,,,,SI
5992,59.92,OTRAS OPERACIONES SOBRE TEJIDO PERIRRENAL O PERIVESICAL,4,59,OTRAS OPERACIONES SOBRE EL TRACTO URINARIO,Q,,,,SI
5993,59.93,SUSTITUCIÓN DE TUBO DE URETEROSTOMÍA,4,59,OTRAS OPERACIONES SOBRE EL TRACTO URINARIO,Q,,,,SI
5994,59.94,SUSTITUCIÓN DE TUBO DE CISTOSTOMÍA,4,59,OTRAS OPERACIONES SOBRE EL TRACTO URINARIO,Q,,,,SI
5995,59.95,FRAGMENTACIÓN POR ULTRASONIDOS DE CÁLCULOS URINARIOS,4,59,OTRAS OPERACIONES SOBRE EL TRACTO URINARIO,Q,,,,SI
5999,59.99,OTRAS OPERACIONES SOBRE EL APARATO URINARIO,4,59,OTRAS OPERACIONES SOBRE EL TRACTO URINARIO,Q,,,,SI
00,00,OPERACIONES SOBRE ÓRGANOS GENITALES MASCULINOS (60 - 64),2,00,PROCEDIMIENTOS DIAGNÓSTICOS Y TERAPÉUTICOS MISCELÁNEOS (87 - 99),,,,,NO
60,60,OPERACIONES SOBRE PRÓSTATA Y VESÍCULAS SEMINALES,2,60,OPERACIONES SOBRE PRÓSTATA Y VESÍCULAS SEMINALES,,,,,NO
600,60.0,INCISIÓN DE PRÓSTATA,3,60,OPERACIONES SOBRE PRÓSTATA Y VESÍCULAS SEMINALES,,,,,NO
600X,60.0X,INCISIÓN DE PRÓSTATA,4,60,OPERACIONES SOBRE PRÓSTATA Y VESÍCULAS SEMINALES,Q,M,,,SI
601,60.1,PROCEDIMIENTOS DIAGNÓSTICOS EN PRÓSTATA Y VESÍCULAS SEMINALES,3,60,OPERACIONES SOBRE PRÓSTATA Y VESÍCULAS SEMINALES,,,,,NO
6011,60.11,BIOPSIA CERRADA [POR AGUJA] [PERCUTÁNEA] DE PRÓSTATA,4,60,OPERACIONES SOBRE PRÓSTATA Y VESÍCULAS SEMINALES,D,M,,,SI
6012,60.12,BIOPSIA ABIERTA DE PRÓSTATA,4,60,OPERACIONES SOBRE PRÓSTATA Y VESÍCULAS SEMINALES,D,M,,,SI
6013,60.13,BIOPSIA CERRADA [PERCUTÁNEA] DE VESÍCULAS SEMINALES,4,60,OPERACIONES SOBRE PRÓSTATA Y VESÍCULAS SEMINALES,D,M,,,SI
6014,60.14,BIOPSIA ABIERTA DE VESÍCULAS SEMINALES,4,60,OPERACIONES SOBRE PRÓSTATA Y VESÍCULAS SEMINALES,D,M,,,SI
6015,60.15,BIOPSIA DE TEJIDO PERIPROSTÁTICO,4,60,OPERACIONES SOBRE PRÓSTATA Y VESÍCULAS SEMINALES,D,M,,,SI
6018,60.18,OTROS PROCEDIMIENTOS DIAGNÓSTICOS SOBRE PRÓSTATA Y TEJIDO PERIPROSTÁTICO,4,60,OPERACIONES SOBRE PRÓSTATA Y VESÍCULAS SEMINALES,D,M,,,SI
6019,60.19,OTROS PROCEDIMIENTOS DIAGNÓSTICOS SOBRE VESÍCULAS SEMINALES,4,60,OPERACIONES SOBRE PRÓSTATA Y VESÍCULAS SEMINALES,D,M,,,SI
602,60.2,RESECCIÓN TRANSURETRAL DE PRÓSTATA,3,60,OPERACIONES SOBRE PRÓSTATA Y VESÍCULAS SEMINALES,,,,,NO
6021,60.21,PROSTATECTOMÍA TRANSURETRAL (ULTRASONIDO) GUIADO POR LASER INDUCIDO (TULIP),4,60,OPERACIONES SOBRE PRÓSTATA Y VESÍCULAS SEMINALES,Q,M,,,SI
6029,60.29,OTRA PROSTATECTOMÍA TRANSURETRAL,4,60,OPERACIONES SOBRE PRÓSTATA Y VESÍCULAS SEMINALES,Q,M,,,SI
603,60.3,ADENOMECTOMÍA SUPRAPÚBICA,3,60,OPERACIONES SOBRE PRÓSTATA Y VESÍCULAS SEMINALES,,,,,NO
603X,60.3X,ADENOMECTOMÍA SUPRAPÚBICA,4,60,OPERACIONES SOBRE PRÓSTATA Y VESÍCULAS SEMINALES,Q,M,,,SI
604,60.4,ADENOMECTOMÍA RETROPÚBICA,3,60,OPERACIONES SOBRE PRÓSTATA Y VESÍCULAS SEMINALES,,,,,NO
604X,60.4X,ADENOMECTOMÍA RETROPÚBICA,4,60,OPERACIONES SOBRE PRÓSTATA Y VESÍCULAS SEMINALES,Q,M,,,SI
605,60.5,PROSTATECTOMÍA RADICAL,3,60,OPERACIONES SOBRE PRÓSTATA Y VESÍCULAS SEMINALES,,,,,NO
605X,60.5X,PROSTATECTOMÍA RADICAL,4,60,OPERACIONES SOBRE PRÓSTATA Y VESÍCULAS SEMINALES,Q,M,,,SI
606,60.6,OTRA PROSTATECTOMÍA,3,60,OPERACIONES SOBRE PRÓSTATA Y VESÍCULAS SEMINALES,,,,,NO
6061,60.61,EXCISIÓN LOCAL DE LESIÓN DE PRÓSTATA,4,60,OPERACIONES SOBRE PRÓSTATA Y VESÍCULAS SEMINALES,Q,M,,,SI
6062,60.62,PROSTATECTOMÍA PERINEAL,4,60,OPERACIONES SOBRE PRÓSTATA Y VESÍCULAS SEMINALES,Q,M,,,SI
6069,60.69,OTRA PROSTATECTOMÍA,4,60,OPERACIONES SOBRE PRÓSTATA Y VESÍCULAS SEMINALES,Q,M,,,SI
607,60.7,OPERACIONES SOBRE VESÍCULAS SEMINALES,3,60,OPERACIONES SOBRE PRÓSTATA Y VESÍCULAS SEMINALES,,,,,NO
6071,60.71,ASPIRACIÓN PERCUTÁNEA DE VESÍCULAS SEMINALES,4,60,OPERACIONES SOBRE PRÓSTATA Y VESÍCULAS SEMINALES,Q,M,,,SI
6072,60.72,INCISIÓN DE VESÍCULA SEMINAL,4,60,OPERACIONES SOBRE PRÓSTATA Y VESÍCULAS SEMINALES,Q,M,,,SI
6073,60.73,EXCISIÓN DE VESÍCULA SEMINAL,4,60,OPERACIONES SOBRE PRÓSTATA Y VESÍCULAS SEMINALES,Q,M,,,SI
6079,60.79,OTRAS OPERACIONES SOBRE VESÍCULAS SEMINALES,4,60,OPERACIONES SOBRE PRÓSTATA Y VESÍCULAS SEMINALES,Q,M,,,SI
608,60.8,INCISIÓN O EXCISIÓN DE TEJIDO PERIPROSTÁTICO,3,60,OPERACIONES SOBRE PRÓSTATA Y VESÍCULAS SEMINALES,,,,,NO
6081,60.81,INCISIÓN DE TEJIDO PERIPROSTÁTICO,4,60,OPERACIONES SOBRE PRÓSTATA Y VESÍCULAS SEMINALES,Q,M,,,SI
6082,60.82,EXCISIÓN DE TEJIDO PERIPROSTÁTICO,4,60,OPERACIONES SOBRE PRÓSTATA Y VESÍCULAS SEMINALES,Q,M,,,SI
609,60.9,OTRAS OPERACIONES SOBRE PRÓSTATA,3,60,OPERACIONES SOBRE PRÓSTATA Y VESÍCULAS SEMINALES,,,,,NO
6091,60.91,ASPIRACIÓN PERCUTÁNEA DE PRÓSTATA,4,60,OPERACIONES SOBRE PRÓSTATA Y VESÍCULAS SEMINALES,Q,M,,,SI
6092,60.92,INYECCIÓN EN PRÓSTATA,4,60,OPERACIONES SOBRE PRÓSTATA Y VESÍCULAS SEMINALES,Q,M,,,SI
6093,60.93,REPARACIÓN DE PRÓSTATA,4,60,OPERACIONES SOBRE PRÓSTATA Y VESÍCULAS SEMINALES,Q,M,,,SI
6094,60.94,CONTROL DE HEMORRAGIA (POSTOPERATORIA) DE PRÓSTATA,4,60,OPERACIONES SOBRE PRÓSTATA Y VESÍCULAS SEMINALES,Q,M,,,SI
6095,60.95,DILATACIÓN TRANSURETRAL CON BALÓN DE URETRA PROSTÁTICA,4,60,OPERACIONES SOBRE PRÓSTATA Y VESÍCULAS SEMINALES,Q,M,,,SI
6096,60.96,DESTRUCCIÓN TRANSURETRAL DE TEJIDO PROSTÁTICO POR TERMOTERAPIA CON MICROONDAS,4,60,OPERACIONES SOBRE PRÓSTATA Y VESÍCULAS SEMINALES,Q,M,,,SI
6097,60.97,OTRA DESTRUCCIÓN TRANSURETRAL DE TEJIDO PROSTÁTICO CON OTRA TERMOTERAPIA,4,60,OPERACIONES SOBRE PRÓSTATA Y VESÍCULAS SEMINALES,Q,M,,,SI
6099,60.99,OTRAS OPERACIONES SOBRE PRÓSTATA,4,60,OPERACIONES SOBRE PRÓSTATA Y VESÍCULAS SEMINALES,Q,M,,,SI
61,61,OPERACIONES SOBRE ESCROTO Y TÚNICA VAGINAL,2,61,OPERACIONES SOBRE ESCROTO Y TÚNICA VAGINAL,,,,,NO
610,61.0,INCISIÓN Y DRENAJE DE ESCROTO Y TÚNICA VAGINAL,3,61,OPERACIONES SOBRE ESCROTO Y TÚNICA VAGINAL,,,,,NO
610X,61.0X,INCISIÓN Y DRENAJE DE ESCROTO Y TÚNICA VAGINAL,4,61,OPERACIONES SOBRE ESCROTO Y TÚNICA VAGINAL,Q,M,,,SI
611,61.1,PROCEDIMIENTOS DIAGNÓSTICOS SOBRE ESCROTO Y TÚNICA VAGINAL,3,61,OPERACIONES SOBRE ESCROTO Y TÚNICA VAGINAL,,,,,NO
6111,61.11,BIOPSIA DE ESCROTO O TÚNICA VAGINAL,4,61,OPERACIONES SOBRE ESCROTO Y TÚNICA VAGINAL,D,M,,,SI
6119,61.19,OTROS PROCEDIMIENTOS DIAGNÓSTICOS SOBRE ESCROTO Y TÚNICA VAGINAL,4,61,OPERACIONES SOBRE ESCROTO Y TÚNICA VAGINAL,D,M,,,SI
612,61.2,EXCISIÓN DE HIDROCELE (DE TÚNICA VAGINAL),3,61,OPERACIONES SOBRE ESCROTO Y TÚNICA VAGINAL,,,,,NO
612X,61.2X,EXCISIÓN DE HIDROCELE (DE TÚNICA VAGINAL),4,61,OPERACIONES SOBRE ESCROTO Y TÚNICA VAGINAL,Q,M,,,SI
613,61.3,EXCISIÓN O DESTRUCCIÓN DE LESIÓN O TEJIDO DE ESCROTO,3,61,OPERACIONES SOBRE ESCROTO Y TÚNICA VAGINAL,,,,,NO
613X,61.3X,EXCISIÓN O DESTRUCCIÓN DE LESIÓN O TEJIDO DE ESCROTO,4,61,OPERACIONES SOBRE ESCROTO Y TÚNICA VAGINAL,Q,M,,,SI
614,61.4,REPARACIÓN DE ESCROTO Y TÚNICA VAGINAL,3,61,OPERACIONES SOBRE ESCROTO Y TÚNICA VAGINAL,,,,,NO
6141,61.41,SUTURA DE LACERACIÓN DE ESCROTO Y TÚNICA VAGINAL,4,61,OPERACIONES SOBRE ESCROTO Y TÚNICA VAGINAL,Q,M,,,SI
6142,61.42,REPARACIÓN DE FÍSTULA ESCROTAL,4,61,OPERACIONES SOBRE ESCROTO Y TÚNICA VAGINAL,Q,M,,,SI
6149,61.49,OTRA REPARACIÓN DE ESCROTO Y TÚNICA VAGINAL,4,61,OPERACIONES SOBRE ESCROTO Y TÚNICA VAGINAL,Q,M,,,SI
619,61.9,OTRAS OPERACIONES SOBRE ESCROTO Y TÚNICA VAGINAL,3,61,OPERACIONES SOBRE ESCROTO Y TÚNICA VAGINAL,,,,,NO
6191,61.91,ASPIRACIÓN PERCUTÁNEA DE TÚNICA VAGINAL,4,61,OPERACIONES SOBRE ESCROTO Y TÚNICA VAGINAL,Q,M,,,SI
6192,61.92,EXCISIÓN DE LESIÓN DE TÚNICA VAGINAL SALVO HIDROCELE,4,61,OPERACIONES SOBRE ESCROTO Y TÚNICA VAGINAL,Q,M,,,SI
6199,61.99,OTRAS OPERACIONES SOBRE ESCROTO Y TÚNICA VAGINAL,4,61,OPERACIONES SOBRE ESCROTO Y TÚNICA VAGINAL,Q,M,,,SI
62,62,OPERACIONES SOBRE TESTÍCULOS,2,62,OPERACIONES SOBRE TESTÍCULOS,,,,,NO
620,62.0,INCISIÓN DE TESTÍCULO,3,62,OPERACIONES SOBRE TESTÍCULOS,,,,,NO
620X,62.0X,INCISIÓN DE TESTÍCULO,4,62,OPERACIONES SOBRE TESTÍCULOS,Q,M,,,SI
621,62.1,PROCEDIMIENTOS DIAGNÓSTICOS SOBRE TESTÍCULOS,3,62,OPERACIONES SOBRE TESTÍCULOS,,,,,NO
6211,62.11,BIOPSIA CERRADA [PERCUTÁNEA] [POR AGUJA] DE TESTÍCULO,4,62,OPERACIONES SOBRE TESTÍCULOS,D,M,,,SI
6212,62.12,BIOPSIA ABIERTA DE TESTÍCULO,4,62,OPERACIONES SOBRE TESTÍCULOS,D,M,,,SI
6219,62.19,OTROS PROCEDIMIENTOS DIAGNÓSTICOS SOBRE TESTÍCULOS,4,62,OPERACIONES SOBRE TESTÍCULOS,D,M,,,SI
622,62.2,EXCISIÓN O DESTRUCCIÓN DE LESIÓN TESTICULAR,3,62,OPERACIONES SOBRE TESTÍCULOS,,,,,NO
622X,62.2X,EXCISIÓN O DESTRUCCIÓN DE LESIÓN TESTICULAR,4,62,OPERACIONES SOBRE TESTÍCULOS,Q,M,,,SI
623,62.3,ORQUIECTOMÍA UNILATERAL,3,62,OPERACIONES SOBRE TESTÍCULOS,,,,,NO
623X,62.3X,ORQUIECTOMÍA UNILATERAL,4,62,OPERACIONES SOBRE TESTÍCULOS,Q,M,,,SI
624,62.4,ORQUIECTOMÍA BILATERAL,3,62,OPERACIONES SOBRE TESTÍCULOS,,,,,NO
6241,62.41,EXTIRPACIÓN DE AMBOS TESTÍCULOS EN EL MISMO EPISODIO OPERATORIO,4,62,OPERACIONES SOBRE TESTÍCULOS,Q,M,,,SI
6242,62.42,EXTIRPACIÓN DE TESTÍCULO RESTANTE,4,62,OPERACIONES SOBRE TESTÍCULOS,Q,M,,,SI
625,62.5,ORQUIOPEXIA,3,62,OPERACIONES SOBRE TESTÍCULOS,,,,,NO
625X,62.5X,ORQUIOPEXIA,4,62,OPERACIONES SOBRE TESTÍCULOS,Q,M,,,SI
626,62.6,REPARACIÓN DE TESTÍCULOS,3,62,OPERACIONES SOBRE TESTÍCULOS,,,,,NO
6261,62.61,SUTURA DE LACERACIÓN DE TESTÍCULO,4,62,OPERACIONES SOBRE TESTÍCULOS,Q,M,,,SI
6269,62.69,OTRA REPARACIÓN DE TESTÍCULO,4,62,OPERACIONES SOBRE TESTÍCULOS,Q,M,,,SI
627,62.7,INSERCIÓN DE PRÓTESIS TESTICULAR,3,62,OPERACIONES SOBRE TESTÍCULOS,,,,,NO
627X,62.7X,INSERCIÓN DE PRÓTESIS TESTICULAR,4,62,OPERACIONES SOBRE TESTÍCULOS,Q,M,,,SI
629,62.9,OTRAS OPERACIONES SOBRE TESTÍCULO,3,62,OPERACIONES SOBRE TESTÍCULOS,,,,,NO
6291,62.91,ASPIRACIÓN DE TESTÍCULO,4,62,OPERACIONES SOBRE TESTÍCULOS,Q,M,,,SI
6292,62.92,INYECCIÓN DE SUSTANCIA TERAPÉUTICA EN TESTÍCULO,4,62,OPERACIONES SOBRE TESTÍCULOS,Q,M,,,SI
6299,62.99,OTRAS OPERACIONES SOBRE TESTÍCULO,4,62,OPERACIONES SOBRE TESTÍCULOS,Q,M,,,SI
63,63,"OPERACIONES SOBRE CORDÓN ESPERMÁTICO, EPIDÍDIMO Y CONDUCTO DEFERENTE",2,63,"OPERACIONES SOBRE CORDÓN ESPERMÁTICO, EPIDÍDIMO Y CONDUCTO DEFERENTE",,,,,NO
630,63.0,"PROCEDIMIENTOS DIAGNÓSTICOS SOBRE CORDÓN ESPERMÁTICO, EPIDÍDIMO Y CONDUCTO DEFERENTE",3,63,"OPERACIONES SOBRE CORDÓN ESPERMÁTICO, EPIDÍDIMO Y CONDUCTO DEFERENTE",,,,,NO
6301,63.01,"BIOPSIA DE CORDÓN ESPERMÁTICO, EPIDÍDIMO O CONDUCTO DEFERENTE",4,63,"OPERACIONES SOBRE CORDÓN ESPERMÁTICO, EPIDÍDIMO Y CONDUCTO DEFERENTE",D,M,,,SI
6309,63.09,"OTROS PROCEDIMIENTOS DIAGNÓSTICO SOBRE CORDÓN ESPERMÁTICO, EPIDÍDIMO Y CONDUCTO DEFERENTE",4,63,"OPERACIONES SOBRE CORDÓN ESPERMÁTICO, EPIDÍDIMO Y CONDUCTO DEFERENTE",D,M,,,SI
631,63.1,EXCISIÓN DE VARICOCELE E HIDROCELE DE CORDÓN ESPERMÁTICO,3,63,"OPERACIONES SOBRE CORDÓN ESPERMÁTICO, EPIDÍDIMO Y CONDUCTO DEFERENTE",,,,,NO
631X,63.1X,EXCISIÓN DE VARICOCELE E HIDROCELE DE CORDÓN ESPERMÁTICO,4,63,"OPERACIONES SOBRE CORDÓN ESPERMÁTICO, EPIDÍDIMO Y CONDUCTO DEFERENTE",Q,M,,,SI
632,63.2,EXCISIÓN DE QUISTE DE EPIDÍDIMO,3,63,"OPERACIONES SOBRE CORDÓN ESPERMÁTICO, EPIDÍDIMO Y CONDUCTO DEFERENTE",,,,,NO
632X,63.2X,EXCISIÓN DE QUISTE DE EPIDÍDIMO,4,63,"OPERACIONES SOBRE CORDÓN ESPERMÁTICO, EPIDÍDIMO Y CONDUCTO DEFERENTE",Q,M,,,SI
633,63.3,EXCISIÓN DE OTRA LESIÓN O TEJIDO DE CORDÓN ESPERMÁTICO Y EPIDÍDIMO,3,63,"OPERACIONES SOBRE CORDÓN ESPERMÁTICO, EPIDÍDIMO Y CONDUCTO DEFERENTE",,,,,NO
633X,63.3X,EXCISIÓN DE OTRA LESIÓN O TEJIDO DE CORDÓN ESPERMÁTICO Y EPIDÍDIMO,4,63,"OPERACIONES SOBRE CORDÓN ESPERMÁTICO, EPIDÍDIMO Y CONDUCTO DEFERENTE",Q,M,,,SI
634,63.4,EPIDIDIMECTOMÍA,3,63,"OPERACIONES SOBRE CORDÓN ESPERMÁTICO, EPIDÍDIMO Y CONDUCTO DEFERENTE",,,,,NO
634X,63.4X,EPIDIDIMECTOMÍA,4,63,"OPERACIONES SOBRE CORDÓN ESPERMÁTICO, EPIDÍDIMO Y CONDUCTO DEFERENTE",Q,M,,,SI
635,63.5,REPARACIÓN DE CORDÓN ESPERMÁTICO Y EPIDÍDIMO,3,63,"OPERACIONES SOBRE CORDÓN ESPERMÁTICO, EPIDÍDIMO Y CONDUCTO DEFERENTE",,,,,NO
6351,63.51,SUTURA DE LACERACIÓN DE CORDÓN ESPERMÁTICO Y EPIDÍDIMO,4,63,"OPERACIONES SOBRE CORDÓN ESPERMÁTICO, EPIDÍDIMO Y CONDUCTO DEFERENTE",Q,M,,,SI
6352,63.52,REDUCCIÓN DE TORSIÓN DE TESTÍCULO O CORDÓN ESPERMÁTICO,4,63,"OPERACIONES SOBRE CORDÓN ESPERMÁTICO, EPIDÍDIMO Y CONDUCTO DEFERENTE",Q,M,,,SI
6353,63.53,TRASPLANTE DE CORDÓN ESPERMÁTICO,4,63,"OPERACIONES SOBRE CORDÓN ESPERMÁTICO, EPIDÍDIMO Y CONDUCTO DEFERENTE",Q,M,,,SI
6359,63.59,OTRA REPARACIÓN DE CORDÓN ESPERMÁTICO Y EPIDÍDIMO,4,63,"OPERACIONES SOBRE CORDÓN ESPERMÁTICO, EPIDÍDIMO Y CONDUCTO DEFERENTE",Q,M,,,SI
636,63.6,VASOTOMÍA,3,63,"OPERACIONES SOBRE CORDÓN ESPERMÁTICO, EPIDÍDIMO Y CONDUCTO DEFERENTE",,,,,NO
636X,63.6X,VASOTOMÍA,4,63,"OPERACIONES SOBRE CORDÓN ESPERMÁTICO, EPIDÍDIMO Y CONDUCTO DEFERENTE",Q,M,,,SI
637,63.7,VASECTOMÍA Y LIGADURA DE CONDUCTO DEFERENTE,3,63,"OPERACIONES SOBRE CORDÓN ESPERMÁTICO, EPIDÍDIMO Y CONDUCTO DEFERENTE",,,,,NO
6370,63.70,"PROCEDIMIENTO DE ESTERILIZACIÓN MASCULINA, NO ESPECIFICADO DE OTRA MANERA",4,63,"OPERACIONES SOBRE CORDÓN ESPERMÁTICO, EPIDÍDIMO Y CONDUCTO DEFERENTE",Q,M,5475,43800,SI
6371,63.71,LIGADURA DE CONDUCTO DEFERENTE,4,63,"OPERACIONES SOBRE CORDÓN ESPERMÁTICO, EPIDÍDIMO Y CONDUCTO DEFERENTE",Q,M,5475,43800,SI
6372,63.72,LIGADURA DE CORDÓN ESPERMÁTICO,4,63,"OPERACIONES SOBRE CORDÓN ESPERMÁTICO, EPIDÍDIMO Y CONDUCTO DEFERENTE",Q,M,5475,43800,SI
6373,63.73,VASECTOMÍA,4,63,"OPERACIONES SOBRE CORDÓN ESPERMÁTICO, EPIDÍDIMO Y CONDUCTO DEFERENTE",Q,M,5475,43800,SI
6374,63.74,VASECTOMÍA SIN BISTURÍ,4,63,"OPERACIONES SOBRE CORDÓN ESPERMÁTICO, EPIDÍDIMO Y CONDUCTO DEFERENTE",Q,M,5475,43800,SI
638,63.8,REPARACIÓN DE CONDUCTO DEFERENTE Y EPIDÍDIMO,3,63,"OPERACIONES SOBRE CORDÓN ESPERMÁTICO, EPIDÍDIMO Y CONDUCTO DEFERENTE",,,,,NO
6381,63.81,SUTURA DE LACERACIÓN DE CONDUCTO DEFERENTE Y EPIDÍDIMO,4,63,"OPERACIONES SOBRE CORDÓN ESPERMÁTICO, EPIDÍDIMO Y CONDUCTO DEFERENTE",Q,M,,,SI
6382,63.82,RECONSTRUCCIÓN DE CONDUCTO DEFERENTE DIVIDIDO QUIRÚRGICAMENTE,4,63,"OPERACIONES SOBRE CORDÓN ESPERMÁTICO, EPIDÍDIMO Y CONDUCTO DEFERENTE",Q,M,,,SI
6383,63.83,EPIDIDIMOVASOSTOMÍA,4,63,"OPERACIONES SOBRE CORDÓN ESPERMÁTICO, EPIDÍDIMO Y CONDUCTO DEFERENTE",Q,M,,,SI
6384,63.84,RETIRADA DE LIGADURA DE CONDUCTO DEFERENTE,4,63,"OPERACIONES SOBRE CORDÓN ESPERMÁTICO, EPIDÍDIMO Y CONDUCTO DEFERENTE",Q,M,,,SI
6385,63.85,EXTRACCIÓN DE VÁLVULA DE CONDUCTO DEFERENTE,4,63,"OPERACIONES SOBRE CORDÓN ESPERMÁTICO, EPIDÍDIMO Y CONDUCTO DEFERENTE",Q,M,,,SI
6389,63.89,OTRA REPARACIÓN DE CONDUCTO DEFERENTE Y EPIDÍDIMO,4,63,"OPERACIONES SOBRE CORDÓN ESPERMÁTICO, EPIDÍDIMO Y CONDUCTO DEFERENTE",Q,M,,,SI
639,63.9,"OTRAS OPERACIONES SOBRE CORDÓN ESPERMÁTICO, EPIDÍDIMO Y CONDUCTO DEFERENTE",3,63,"OPERACIONES SOBRE CORDÓN ESPERMÁTICO, EPIDÍDIMO Y CONDUCTO DEFERENTE",,,,,NO
6391,63.91,ASPIRACIÓN DE ESPERMATOCELE,4,63,"OPERACIONES SOBRE CORDÓN ESPERMÁTICO, EPIDÍDIMO Y CONDUCTO DEFERENTE",Q,M,,,SI
6392,63.92,EPIDIDIMOTOMÍA,4,63,"OPERACIONES SOBRE CORDÓN ESPERMÁTICO, EPIDÍDIMO Y CONDUCTO DEFERENTE",Q,M,,,SI
6393,63.93,INCISIÓN DE CORDÓN ESPERMÁTICO,4,63,"OPERACIONES SOBRE CORDÓN ESPERMÁTICO, EPIDÍDIMO Y CONDUCTO DEFERENTE",Q,M,,,SI
6394,63.94,LISIS DE ADHERENCIAS DE CORDÓN ESPERMÁTICO,4,63,"OPERACIONES SOBRE CORDÓN ESPERMÁTICO, EPIDÍDIMO Y CONDUCTO DEFERENTE",Q,M,,,SI
6395,63.95,INSERCIÓN DE VÁLVULA EN VASO DEFERENTE,4,63,"OPERACIONES SOBRE CORDÓN ESPERMÁTICO, EPIDÍDIMO Y CONDUCTO DEFERENTE",Q,M,,,SI
6399,63.99,"OTRAS OPERACIONES SOBRE CORDÓN ESPERMÁTICO, EPIDÍDIMO Y CONDUCTO DEFERENTE",4,63,"OPERACIONES SOBRE CORDÓN ESPERMÁTICO, EPIDÍDIMO Y CONDUCTO DEFERENTE",Q,M,,,SI
64,64,OPERACIONES SOBRE EL PENE,2,64,OPERACIONES SOBRE EL PENE,,,,,NO
640,64.0,CIRCUNCISIÓN,3,64,OPERACIONES SOBRE EL PENE,,,,,NO
640X,64.0X,CIRCUNCISIÓN,4,64,OPERACIONES SOBRE EL PENE,Q,M,,,SI
641,64.1,PROCEDIMIENTOS DIAGNÓSTICOS EN EL PENE,3,64,OPERACIONES SOBRE EL PENE,,,,,NO
6411,64.11,BIOPSIA DE PENE,4,64,OPERACIONES SOBRE EL PENE,D,M,,,SI
6419,64.19,OTROS PROCEDIMIENTOS DIAGNÓSTICOS SOBRE PENE,4,64,OPERACIONES SOBRE EL PENE,D,M,,,SI
642,64.2,EXCISIÓN LOCAL O DESTRUCCIÓN DE LESIÓN DE PENE,3,64,OPERACIONES SOBRE EL PENE,,,,,NO
642X,64.2X,EXCISIÓN LOCAL O DESTRUCCIÓN DE LESIÓN DE PENE,4,64,OPERACIONES SOBRE EL PENE,Q,M,,,SI
643,64.3,AMPUTACIÓN DE PENE,3,64,OPERACIONES SOBRE EL PENE,,,,,NO
643X,64.3X,AMPUTACIÓN DE PENE,4,64,OPERACIONES SOBRE EL PENE,Q,M,,,SI
644,64.4,OPERACIÓN DE REPARACIÓN Y PLÁSTICA SOBRE PENE,3,64,OPERACIONES SOBRE EL PENE,,,,,NO
6441,64.41,SUTURA DE LACERACIÓN DE PENE,4,64,OPERACIONES SOBRE EL PENE,Q,M,,,SI
6442,64.42,LIBERACIÓN DE CORDA [CHORDÉE],4,64,OPERACIONES SOBRE EL PENE,Q,M,,,SI
6443,64.43,CONSTRUCCIÓN DE PENE,4,64,OPERACIONES SOBRE EL PENE,Q,M,,,SI
6444,64.44,RECONSTRUCCIÓN DE PENE,4,64,OPERACIONES SOBRE EL PENE,Q,M,,,SI
6445,64.45,REIMPLANTACIÓN DE PENE,4,64,OPERACIONES SOBRE EL PENE,Q,M,,,SI
6449,64.49,OTRA REPARACIÓN DE PENE,4,64,OPERACIONES SOBRE EL PENE,Q,M,,,SI
645,64.5,"OPERACIONES PARA TRANSFORMACIÓN DE SEXO, NO CLASIFICADAS BAJO OTROS CONCEPTOS",3,64,OPERACIONES SOBRE EL PENE,,,,,NO
645X,64.5X,"OPERACIONES PARA TRANSFORMACIÓN DE SEXO, NO CLASIFICADAS BAJO OTROS CONCEPTOS",4,64,OPERACIONES SOBRE EL PENE,Q,M,6570,43800,SI
649,64.9,OTRAS OPERACIONES SOBRE ÓRGANOS GENITALES MASCULINOS,3,64,OPERACIONES SOBRE EL PENE,,,,,NO
6491,64.91,CORTE DORSAL O LATERAL DE PREPUCIO,4,64,OPERACIONES SOBRE EL PENE,Q,M,,,SI
6492,64.92,INCISIÓN DE PENE,4,64,OPERACIONES SOBRE EL PENE,Q,M,,,SI
6493,64.93,LIBERACIÓN DE ADHERENCIAS DE PENE,4,64,OPERACIONES SOBRE EL PENE,Q,M,,,SI
6494,64.94,COLOCACIÓN DE PRÓTESIS EXTERNA DE PENE,4,64,OPERACIONES SOBRE EL PENE,Q,M,,,SI
6495,64.95,INSERCIÓN O SUSTITUCIÓN DE PRÓTESIS DE PENE NO INFLABLE,4,64,OPERACIONES SOBRE EL PENE,Q,M,,,SI
6496,64.96,EXTRACCIÓN DE PRÓTESIS INTERNA DE PENE,4,64,OPERACIONES SOBRE EL PENE,Q,M,,,SI
6497,64.97,INSERCIÓN O SUSTITUCIÓN DE PRÓTESIS DE PENE INFLABLE,4,64,OPERACIONES SOBRE EL PENE,Q,M,,,SI
6498,64.98,OTRAS OPERACIONES SOBRE EL PENE,4,64,OPERACIONES SOBRE EL PENE,Q,M,,,SI
6499,64.99,OTRAS OPERACIONES SOBRE ÓRGANOS GENITALES MASCULINOS,4,64,OPERACIONES SOBRE EL PENE,Q,M,,,SI
00,00,OPERACIONES SOBRE ÓRGANOS GENITALES FEMENINOS (65 - 71),2,00,PROCEDIMIENTOS DIAGNÓSTICOS Y TERAPÉUTICOS MISCELÁNEOS (87 - 99),,,,,NO
65,65,OPERACIONES SOBRE LOS OVARIOS,2,65,OPERACIONES SOBRE LOS OVARIOS,,,,,NO
650,65.0,OOFOROTOMÍA,3,65,OPERACIONES SOBRE LOS OVARIOS,,,,,NO
6501,65.01,OOFOROTOMÍA LAPAROSCÓPICA,4,65,OPERACIONES SOBRE LOS OVARIOS,Q,F,,,SI
6509,65.09,OTRA OOFOROTOMÍA,4,65,OPERACIONES SOBRE LOS OVARIOS,Q,F,,,SI
651,65.1,PROCEDIMIENTOS DIAGNÓSTICOS SOBRE LOS OVARIOS,3,65,OPERACIONES SOBRE LOS OVARIOS,,,,,NO
6511,65.11,BIOPSIA POR ASPIRACIÓN DE OVARIO,4,65,OPERACIONES SOBRE LOS OVARIOS,D,F,,,SI
6512,65.12,OTRA BIOPSIA DE OVARIO,4,65,OPERACIONES SOBRE LOS OVARIOS,D,F,,,SI
6513,65.13,BIOPSIA LAPAROSCÓPICA DE OVARIO,4,65,OPERACIONES SOBRE LOS OVARIOS,D,F,,,SI
6514,65.14,OTRO PROCEDIMIENTO DIAGNÓSTICO LAPAROSCÓPICO DE OVARIO,4,65,OPERACIONES SOBRE LOS OVARIOS,D,F,,,SI
6519,65.19,OTROS PROCEDIMIENTOS DIAGNÓSTICOS SOBRE LOS OVARIOS,4,65,OPERACIONES SOBRE LOS OVARIOS,D,F,,,SI
652,65.2,EXCISIÓN LOCAL O DESTRUCCIÓN DE LESIÓN O TEJIDO DE OVARIO,3,65,OPERACIONES SOBRE LOS OVARIOS,,,,,NO
6521,65.21,MARSUPIALIZACIÓN DE QUISTE OVÁRICO,4,65,OPERACIONES SOBRE LOS OVARIOS,Q,F,,,SI
6522,65.22,RESECCIÓN EN CUÑA DE OVARIO,4,65,OPERACIONES SOBRE LOS OVARIOS,Q,F,,,SI
6523,65.23,MARSUPIALIZACIÓN LAPAROSCÓPICA DE QUISTE OVÁRICO,4,65,OPERACIONES SOBRE LOS OVARIOS,Q,F,,,SI
6524,65.24,RESECCIÓN EN CUÑA LAPAROSCÓPICA DE OVARIO,4,65,OPERACIONES SOBRE LOS OVARIOS,Q,F,,,SI
6525,65.25,OTRA EXCISIÓN LOCAL O DESTRUCCIÓN LAPAROSCÓPICA DE OVARIO,4,65,OPERACIONES SOBRE LOS OVARIOS,Q,F,,,SI
6529,65.29,OTRA EXCISIÓN LOCAL O DESTRUCCIÓN DE OVARIO,4,65,OPERACIONES SOBRE LOS OVARIOS,Q,F,,,SI
653,65.3,OOFORECTOMÍA UNILATERAL,3,65,OPERACIONES SOBRE LOS OVARIOS,,,,,NO
6531,65.31,OOFORECTOMÍA UNILATERAL LAPAROSCÓPICA,4,65,OPERACIONES SOBRE LOS OVARIOS,Q,F,,,SI
6539,65.39,OTRA OOFOROTOMÍA UNILATERAL,4,65,OPERACIONES SOBRE LOS OVARIOS,Q,F,,,SI
654,65.4,SALPINGOOFORECTOMÍA UNILATERAL,3,65,OPERACIONES SOBRE LOS OVARIOS,,,,,NO
6541,65.41,SALPINGOOFORECTOMÍA UNILATERAL LAPAROSCÓPICA,4,65,OPERACIONES SOBRE LOS OVARIOS,Q,F,,,SI
6549,65.49,OTRA SALPINGOOFORECTOMÍA UNILATERAL,4,65,OPERACIONES SOBRE LOS OVARIOS,Q,F,,,SI
655,65.5,OOFORECTOMÍA BILATERAL,3,65,OPERACIONES SOBRE LOS OVARIOS,,,,,NO
6551,65.51,EXTIRPACIÓN DE AMBOS OVARIOS EN UN MISMO ACTO OPERATORIO,4,65,OPERACIONES SOBRE LOS OVARIOS,Q,F,,,SI
6552,65.52,EXTIRPACIÓN DEL OVARIO RESTANTE,4,65,OPERACIONES SOBRE LOS OVARIOS,Q,F,,,SI
6553,65.53,EXTIRPACIÓN LAPAROSCÓPICA DE AMBOS OVARIOS EN UN MISMO ACTO OPERATORIO,4,65,OPERACIONES SOBRE LOS OVARIOS,Q,F,,,SI
6554,65.54,EXTIRPACIÓN LAPAROSCÓPICA DE OVARIO RESTANTE,4,65,OPERACIONES SOBRE LOS OVARIOS,Q,F,,,SI
656,65.6,SALPINGOOFORECTOMÍA BILATERAL,3,65,OPERACIONES SOBRE LOS OVARIOS,,,,,NO
6561,65.61,EXTIRPACIÓN DE AMBOS OVARIOS Y TROMPAS EN UN MISMO ACTO OPERATORIO,4,65,OPERACIONES SOBRE LOS OVARIOS,Q,F,,,SI
6562,65.62,EXTIRPACIÓN DE OVARIO Y TROMPA RESTANTES,4,65,OPERACIONES SOBRE LOS OVARIOS,Q,F,,,SI
6563,65.63,EXTIRPACIÓN LAPAROSCÓPICA DE AMBOS OVARIOS Y TROMPAS EN UN MISMO ACTO OPERATORIO,4,65,OPERACIONES SOBRE LOS OVARIOS,Q,F,,,SI
6564,65.64,EXTIRPACIÓN LAPAROSCÓPICA DE OVARIO Y TROMPA RESTANTES,4,65,OPERACIONES SOBRE LOS OVARIOS,Q,F,,,SI
657,65.7,REPARACIÓN DE OVARIO,3,65,OPERACIONES SOBRE LOS OVARIOS,,,,,NO
6571,65.71,OTRA SUTURA SIMPLE DE OVARIO,4,65,OPERACIONES SOBRE LOS OVARIOS,Q,F,,,SI
6572,65.72,REIMPLANTACIÓN DE OVARIO,4,65,OPERACIONES SOBRE LOS OVARIOS,Q,F,,,SI
6573,65.73,OTRA SALPINGOOFOROPLASTÍA,4,65,OPERACIONES SOBRE LOS OVARIOS,Q,F,,,SI
6574,65.74,SUTURA SIMPLE LAPAROSCÓPICA DE OVARIO,4,65,OPERACIONES SOBRE LOS OVARIOS,Q,F,,,SI
6575,65.75,REIMPLANTACIÓN LAPAROSCÓPICA DE OVARIO,4,65,OPERACIONES SOBRE LOS OVARIOS,Q,F,,,SI
6576,65.76,SALPINGOOFOROPLASTIA LAPAROSCÓPICA,4,65,OPERACIONES SOBRE LOS OVARIOS,Q,F,,,SI
6579,65.79,OTRA REPARACIÓN DE OVARIO,4,65,OPERACIONES SOBRE LOS OVARIOS,Q,F,,,SI
658,65.8,LIBERACIÓN DE ADHERENCIAS DE OVARIO Y TROMPA DE FALOPIO,3,65,OPERACIONES SOBRE LOS OVARIOS,,,,,NO
6581,65.81,LIBERACIÓN LAPAROSCÓPICA DE ADHERENCIAS DE OVARIO Y TROMPA DE FALOPIO,4,65,OPERACIONES SOBRE LOS OVARIOS,Q,F,,,SI
6589,65.89,OTRA LIBERACIÓN DE ADHERENCIAS DE OVARIO Y TROMPA DE FALOPIO,4,65,OPERACIONES SOBRE LOS OVARIOS,Q,F,,,SI
659,65.9,OTRAS OPERACIONES SOBRE EL OVARIO,3,65,OPERACIONES SOBRE LOS OVARIOS,,,,,NO
6591,65.91,ASPIRACIÓN DE OVARIO,4,65,OPERACIONES SOBRE LOS OVARIOS,Q,F,,,SI
6592,65.92,TRASPLANTE DE OVARIO,4,65,OPERACIONES SOBRE LOS OVARIOS,Q,F,,,SI
6593,65.93,RUPTURA MANUAL DE QUISTE OVÁRICO,4,65,OPERACIONES SOBRE LOS OVARIOS,Q,F,,,SI
6594,65.94,DENERVACIÓN OVÁRICA,4,65,OPERACIONES SOBRE LOS OVARIOS,Q,F,,,SI
6595,65.95,LIBERACIÓN DE TORSIÓN DE OVARIO,4,65,OPERACIONES SOBRE LOS OVARIOS,Q,F,,,SI
6599,65.99,OTRAS OPERACIONES SOBRE EL OVARIO,4,65,OPERACIONES SOBRE LOS OVARIOS,Q,F,,,SI
66,66,OPERACIONES SOBRE LAS TROMPAS DE FALOPIO,2,66,OPERACIONES SOBRE LAS TROMPAS DE FALOPIO,,,,,NO
660,66.0,SALPINGOTOMÍA Y SALPINGOSTOMIA,3,66,OPERACIONES SOBRE LAS TROMPAS DE FALOPIO,,,,,NO
6601,66.01,SALPINGOTOMÍA,4,66,OPERACIONES SOBRE LAS TROMPAS DE FALOPIO,Q,F,5475,43800,SI
6602,66.02,SALPINGOSTOMÍA,4,66,OPERACIONES SOBRE LAS TROMPAS DE FALOPIO,Q,F,5475,43800,SI
661,66.1,PROCEDIMIENTOS DIAGNÓSTICOS SOBRE LAS TROMPAS DE FALOPIO,3,66,OPERACIONES SOBRE LAS TROMPAS DE FALOPIO,,,,,NO
6611,66.11,BIOPSIA DE TROMPA DE FALOPIO,4,66,OPERACIONES SOBRE LAS TROMPAS DE FALOPIO,D,F,5475,43800,SI
6619,66.19,OTROS PROCEDIMIENTOS DIAGNÓSTICOS SOBRE LAS TROMPAS DE FALOPIO,4,66,OPERACIONES SOBRE LAS TROMPAS DE FALOPIO,D,F,5475,43800,SI
662,66.2,DESTRUCCIÓN U OCLUSIÓN ENDOSCÓPICA BILATERAL DE LAS TROMPAS DE FALOPIO,3,66,OPERACIONES SOBRE LAS TROMPAS DE FALOPIO,,,,,NO
6621,66.21,LIGADURA Y APLASTAMIENTO ENDOSCÓPICO BILATERAL DE LAS TROMPAS DE FALOPIO,4,66,OPERACIONES SOBRE LAS TROMPAS DE FALOPIO,Q,F,5475,19710,SI
6622,66.22,LIGADURA Y SECCIÓN ENDOSCÓPICA BILATERAL DE LAS TROMPAS DE FALOPIO,4,66,OPERACIONES SOBRE LAS TROMPAS DE FALOPIO,Q,F,5475,19710,SI
6629,66.29,OTRA DESTRUCCIÓN U OCLUSIÓN ENDOSCÓPICA BILATERAL DE LAS TROMPAS DE FALOPIO,4,66,OPERACIONES SOBRE LAS TROMPAS DE FALOPIO,Q,F,5475,19710,SI
663,66.3,OTRA DESTRUCCIÓN U OCLUSIÓN BILATERAL DE LAS TROMPAS DE FALOPIO,3,66,OPERACIONES SOBRE LAS TROMPAS DE FALOPIO,,,,,NO
6631,66.31,OTRA LIGADURA Y APLASTAMIENTO BILATERAL DE LAS TROMPAS DE FALOPIO,4,66,OPERACIONES SOBRE LAS TROMPAS DE FALOPIO,Q,F,5475,19710,SI
6632,66.32,OTRA LIGADURA Y SECCIÓN BILATERAL DE LAS TROMPAS DE FALOPIO,4,66,OPERACIONES SOBRE LAS TROMPAS DE FALOPIO,Q,F,5475,19710,SI
6639,66.39,OTRA DESTRUCCIÓN U OCLUSIÓN BILATERAL DE LAS TROMPAS DE FALOPIO,4,66,OPERACIONES SOBRE LAS TROMPAS DE FALOPIO,Q,F,5475,19710,SI
664,66.4,SALPINGECTOMÍA UNILATERAL TOTAL,3,66,OPERACIONES SOBRE LAS TROMPAS DE FALOPIO,,,,,NO
664X,66.4X,SALPINGECTOMÍA UNILATERAL TOTAL,4,66,OPERACIONES SOBRE LAS TROMPAS DE FALOPIO,Q,F,5475,43800,SI
665,66.5,SALPINGECTOMÍA BILATERAL TOTAL,3,66,OPERACIONES SOBRE LAS TROMPAS DE FALOPIO,,,,,NO
6651,66.51,EXTIRPACIÓN DE AMBAS TROMPAS DE FALOPIO EN UN MISMO ACTO QUIRÚRGICO,4,66,OPERACIONES SOBRE LAS TROMPAS DE FALOPIO,Q,F,5475,43800,SI
6652,66.52,EXTIRPACIÓN DE TROMPA DE FALOPIO RESTANTE,4,66,OPERACIONES SOBRE LAS TROMPAS DE FALOPIO,Q,F,5475,43800,SI
666,66.6,OTRA SALPINGECTOMÍA,3,66,OPERACIONES SOBRE LAS TROMPAS DE FALOPIO,,,,,NO
6661,66.61,EXCISIÓN O DESTRUCCIÓN DE LESIÓN DE TROMPA DE FALOPIO,4,66,OPERACIONES SOBRE LAS TROMPAS DE FALOPIO,Q,F,5475,43800,SI
6662,66.62,SALPINGECTOMÍA CON EXTRACCIÓN DE EMBARAZO TUBÁRICO,4,66,OPERACIONES SOBRE LAS TROMPAS DE FALOPIO,Q,F,3650,19710,SI
6663,66.63,"SALPINGECTOMÍA PARCIAL BILATERAL, NO ESPECIFICADA DE OTRA MANERA",4,66,OPERACIONES SOBRE LAS TROMPAS DE FALOPIO,Q,F,5475,43800,SI
6669,66.69,OTRA SALPINGECTOMIA PARCIAL,4,66,OPERACIONES SOBRE LAS TROMPAS DE FALOPIO,Q,F,5475,43800,SI
667,66.7,REPARACIÓN DE TROMPA DE FALOPIO,3,66,OPERACIONES SOBRE LAS TROMPAS DE FALOPIO,,,,,NO
6671,66.71,SUTURA SIMPLE DE TROMPA DE FALOPIO,4,66,OPERACIONES SOBRE LAS TROMPAS DE FALOPIO,Q,F,3650,17885,SI
6672,66.72,SALPINGOOFOROSTOMÍA,4,66,OPERACIONES SOBRE LAS TROMPAS DE FALOPIO,Q,F,3650,17885,SI
6673,66.73,SALPINGOSALPINGOSTOMÍA,4,66,OPERACIONES SOBRE LAS TROMPAS DE FALOPIO,Q,F,3650,17885,SI
6674,66.74,SALPINGOUTEROSTOMÍA,4,66,OPERACIONES SOBRE LAS TROMPAS DE FALOPIO,Q,F,3650,17885,SI
6679,66.79,OTRA REPARACIÓN DE TROMPA DE FALOPIO,4,66,OPERACIONES SOBRE LAS TROMPAS DE FALOPIO,Q,F,3650,17885,SI
668,66.8,INSUFLACIÓN DE TROMPA DE FALOPIO,3,66,OPERACIONES SOBRE LAS TROMPAS DE FALOPIO,,,,,NO
668X,66.8X,INSUFLACIÓN DE TROMPA DE FALOPIO,4,66,OPERACIONES SOBRE LAS TROMPAS DE FALOPIO,Q,F,3650,17885,SI
669,66.9,OTRAS OPERACIONES SOBRE TROMPAS DE FALOPIO,3,66,OPERACIONES SOBRE LAS TROMPAS DE FALOPIO,,,,,NO
6691,66.91,ASPIRACIÓN DE TROMPA DE FALOPIO,4,66,OPERACIONES SOBRE LAS TROMPAS DE FALOPIO,Q,F,3650,17885,SI
6692,66.92,DESTRUCCIÓN U OCLUSIÓN UNILATERAL DE TROMPA DE FALOPIO,4,66,OPERACIONES SOBRE LAS TROMPAS DE FALOPIO,Q,F,3650,17885,SI
6693,66.93,IMPLANTACIÓN O SUSTITUCIÓN DE PRÓTESIS DE TROMPA DE FALOPIO,4,66,OPERACIONES SOBRE LAS TROMPAS DE FALOPIO,Q,F,3650,17885,SI
6694,66.94,EXTRACCIÓN DE PRÓTESIS DE TROMPA DE FALOPIO,4,66,OPERACIONES SOBRE LAS TROMPAS DE FALOPIO,Q,F,3650,17885,SI
6695,66.95,INSUFLACIÓN DE AGENTE TERAPÉUTICO EN LAS TROMPAS DE FALOPIO,4,66,OPERACIONES SOBRE LAS TROMPAS DE FALOPIO,Q,F,3650,17885,SI
6696,66.96,DILATACIÓN DE LAS TROMPAS DE FALOPIO,4,66,OPERACIONES SOBRE LAS TROMPAS DE FALOPIO,Q,F,3650,17885,SI
6697,66.97,ENTERRAMIENTO DE FIMBRIAS EN LA PARED UTERINA,4,66,OPERACIONES SOBRE LAS TROMPAS DE FALOPIO,Q,F,3650,17885,SI
6699,66.99,OTRAS OPERACIONES SOBRE TROMPAS DE FALOPIO,4,66,OPERACIONES SOBRE LAS TROMPAS DE FALOPIO,Q,F,3650,17885,SI
67,67,OPERACIONES SOBRE EL CUELLO UTERINO,2,67,OPERACIONES SOBRE EL CUELLO UTERINO,,,,,NO
670,67.0,DILATACIÓN DEL CANAL CERVICAL,3,67,OPERACIONES SOBRE EL CUELLO UTERINO,,,,,NO
670X,67.0X,DILATACIÓN DEL CANAL CERVICAL,4,67,OPERACIONES SOBRE EL CUELLO UTERINO,T,F,3650,43800,SI
671,67.1,PROCEDIMIENTOS DIAGNÓSTICOS SOBRE EL CUELLO UTERINO,3,67,OPERACIONES SOBRE EL CUELLO UTERINO,,,,,NO
6711,67.11,BIOPSIA ENDOCERVICAL,4,67,OPERACIONES SOBRE EL CUELLO UTERINO,D,F,3650,43800,SI
6712,67.12,OTRA BIOPSIA CERVICAL,4,67,OPERACIONES SOBRE EL CUELLO UTERINO,D,F,3650,43800,SI
6719,67.19,OTROS PROCEDIMIENTOS DIAGNÓSTICOS SOBRE EL CUELLO UTERINO,4,67,OPERACIONES SOBRE EL CUELLO UTERINO,D,F,3650,43800,SI
672,67.2,CONIZACIÓN,3,67,OPERACIONES SOBRE EL CUELLO UTERINO,,,,,NO
672X,67.2X,CONIZACIÓN,4,67,OPERACIONES SOBRE EL CUELLO UTERINO,Q,F,3650,43800,SI
673,67.3,OTRA EXCISIÓN O DESTRUCCIÓN DE LESIÓN O TEJIDO DEL CUELLO UTERINO,3,67,OPERACIONES SOBRE EL CUELLO UTERINO,,,,,NO
6731,67.31,MARSUPIALIZACIÓN DE QUISTE CERVICAL,4,67,OPERACIONES SOBRE EL CUELLO UTERINO,Q,F,3650,43800,SI
6732,67.32,DESTRUCCIÓN DE LESIÓN DEL CUELLO UTERINO POR CAUTERIZACIÓN,4,67,OPERACIONES SOBRE EL CUELLO UTERINO,Q,F,3650,43800,SI
6733,67.33,DESTRUCCIÓN DE LESIÓN DEL CUELLO UTERINO POR CRIOCIRUGÍA,4,67,OPERACIONES SOBRE EL CUELLO UTERINO,Q,F,3650,43800,SI
6739,67.39,OTRA EXCISIÓN O DESTRUCCIÓN DE LESIÓN O TEJIDO DEL CUELLO UTERINO,4,67,OPERACIONES SOBRE EL CUELLO UTERINO,Q,F,3650,43800,SI
674,67.4,AMPUTACIÓN DEL CUELLO UTERINO,3,67,OPERACIONES SOBRE EL CUELLO UTERINO,,,,,NO
674X,67.4X,AMPUTACIÓN DEL CUELLO UTERINO,4,67,OPERACIONES SOBRE EL CUELLO UTERINO,Q,F,3650,43800,SI
675,67.5,REPARACIÓN DE ORIFICIO CERVICAL INTERNO,3,67,OPERACIONES SOBRE EL CUELLO UTERINO,,,,,NO
6751,67.51,CERCLAJE TRANSABDOMINAL DE CÉRVIX,4,67,OPERACIONES SOBRE EL CUELLO UTERINO,Q,F,3650,17885,SI
6759,67.59,OTRA REPARACIÓN DE ORIFICIO CERVICAL INTERNO,4,67,OPERACIONES SOBRE EL CUELLO UTERINO,Q,F,3650,17885,SI
676,67.6,OTRA REPARACIÓN DEL CUELLO UTERINO,3,67,OPERACIONES SOBRE EL CUELLO UTERINO,,,,,NO
6761,67.61,SUTURA DE DESGARRO DE CUELLO UTERINO,4,67,OPERACIONES SOBRE EL CUELLO UTERINO,Q,F,3650,17885,SI
6762,67.62,REPARACIÓN DE FÍSTULA DE CUELLO UTERINO,4,67,OPERACIONES SOBRE EL CUELLO UTERINO,Q,F,3650,17885,SI
6769,67.69,OTRA REPARACIÓN DEL CUELLO UTERINO,4,67,OPERACIONES SOBRE EL CUELLO UTERINO,Q,F,3650,17885,SI
68,68,OTRA INCISIÓN Y EXCISIÓN DEL ÚTERO,2,68,OTRA INCISIÓN Y EXCISIÓN DEL ÚTERO,,,,,NO
680,68.0,HISTEROTOMÍA,3,68,OTRA INCISIÓN Y EXCISIÓN DEL ÚTERO,,,,,NO
680X,68.0X,HISTEROTOMÍA,4,68,OTRA INCISIÓN Y EXCISIÓN DEL ÚTERO,Q,F,3650,43800,SI
681,68.1,PROCEDIMIENTOS DIAGNÓSTICOS SOBRE EL ÚTERO Y SUS ESTRUCTURAS DE SOPORTE,3,68,OTRA INCISIÓN Y EXCISIÓN DEL ÚTERO,,,,,NO
6811,68.11,EXAMEN DIGITAL DEL ÚTERO,4,68,OTRA INCISIÓN Y EXCISIÓN DEL ÚTERO,D,F,3650,43800,SI
6812,68.12,HISTEROSCOPIA,4,68,OTRA INCISIÓN Y EXCISIÓN DEL ÚTERO,D,F,3650,43800,SI
6813,68.13,BIOPSIA ABIERTA DE ÚTERO,4,68,OTRA INCISIÓN Y EXCISIÓN DEL ÚTERO,D,F,3650,43800,SI
6814,68.14,BIOPSIA ABIERTA DE LIGAMENTOS UTERINOS,4,68,OTRA INCISIÓN Y EXCISIÓN DEL ÚTERO,D,F,3650,43800,SI
6815,68.15,BIOPSIA CERRADA DE LIGAMENTOS UTERINOS,4,68,OTRA INCISIÓN Y EXCISIÓN DEL ÚTERO,D,F,3650,43800,SI
6816,68.16,BIOPSIA CERRADA DE ÚTERO,4,68,OTRA INCISIÓN Y EXCISIÓN DEL ÚTERO,D,F,3650,43800,SI
6819,68.19,OTROS PROCEDIMIENTOS DIAGNÓSTICOS SOBRE ÚTERO Y ESTRUCTURAS DE SOPORTE,4,68,OTRA INCISIÓN Y EXCISIÓN DEL ÚTERO,D,F,3650,43800,SI
682,68.2,EXCISIÓN O DESTRUCCIÓN DE LESIÓN O TEJIDO DEL ÚTERO,3,68,OTRA INCISIÓN Y EXCISIÓN DEL ÚTERO,,,,,NO
6821,68.21,DIVISIÓN DE SINEQUIAS ENDOMETRIALES,4,68,OTRA INCISIÓN Y EXCISIÓN DEL ÚTERO,Q,F,3650,19710,SI
6822,68.22,INCISIÓN O EXCISIÓN DE TABIQUE CONGÉNITO DEL ÚTERO,4,68,OTRA INCISIÓN Y EXCISIÓN DEL ÚTERO,Q,F,3650,19710,SI
6823,68.23,ABLACIÓN ENDOMETRIAL,4,68,OTRA INCISIÓN Y EXCISIÓN DEL ÚTERO,Q,F,3650,19710,SI
6829,68.29,OTRA EXCISIÓN O DESTRUCCIÓN DE LESIÓN DEL ÚTERO,4,68,OTRA INCISIÓN Y EXCISIÓN DEL ÚTERO,Q,F,3650,43800,SI
683,68.3,HISTERECTOMÍA SUBTOTAL ABDOMINAL,3,68,OTRA INCISIÓN Y EXCISIÓN DEL ÚTERO,,,,,NO
6831,68.31,HISTERECTOMÍA SUPRACERVICAL LAPAROSCÓPICA [HSL],4,68,OTRA INCISIÓN Y EXCISIÓN DEL ÚTERO,Q,F,,,SI
6839,68.39,OTRA HISTERECTOMÍA SUBTOTAL ABDOMINAL Y LA NO ESPECIFICADA,4,68,OTRA INCISIÓN Y EXCISIÓN DEL ÚTERO,Q,F,,,SI
684,68.4,HISTERECTOMÍA TOTAL ABDOMINAL,3,68,OTRA INCISIÓN Y EXCISIÓN DEL ÚTERO,,,,,NO
6841,68.41,HISTERECTOMÍA TOTAL ABDOMINAL LAPAROSCÓPICA,4,68,OTRA INCISIÓN Y EXCISIÓN DEL ÚTERO,Q,F,,,SI
6849,68.49,OTRA HISTERECTOMÍA TOTAL ABDOMINAL Y LA NO ESPECIFICADA,4,68,OTRA INCISIÓN Y EXCISIÓN DEL ÚTERO,Q,F,,,SI
685,68.5,HISTERECTOMÍA VAGINAL,3,68,OTRA INCISIÓN Y EXCISIÓN DEL ÚTERO,,,,,NO
6851,68.51,HISTERECTOMÍA VAGINAL ASISTIDA POR LAPAROSCOPIA (HVAL),4,68,OTRA INCISIÓN Y EXCISIÓN DEL ÚTERO,Q,F,3650,43800,SI
6859,68.59,OTRA HISTERECTOMÍA VAGINAL Y LA NO ESPECIFICADA,4,68,OTRA INCISIÓN Y EXCISIÓN DEL ÚTERO,Q,F,,,SI
686,68.6,HISTERECTOMÍA RADICAL ABDOMINAL,3,68,OTRA INCISIÓN Y EXCISIÓN DEL ÚTERO,,,,,NO
6861,68.61,HISTERECTOMÍA RADICAL ABDOMINAL LAPAROSCÓPICA,4,68,OTRA INCISIÓN Y EXCISIÓN DEL ÚTERO,Q,F,,,SI
6869,68.69,OTRA HISTERECTOMÍA RADICAL ABDOMINAL Y LA NO ESPECIFICADA,4,68,OTRA INCISIÓN Y EXCISIÓN DEL ÚTERO,Q,F,,,SI
687,68.7,HISTERECTOMÍA RADICAL VAGINAL,3,68,OTRA INCISIÓN Y EXCISIÓN DEL ÚTERO,,,,,NO
6871,68.71,HISTERECTOMÍA RADICAL VAGINAL LAPAROSCÓPICA [HRVL],4,68,OTRA INCISIÓN Y EXCISIÓN DEL ÚTERO,Q,F,,,SI
6879,68.79,OTRA HISTERECTOMÍA RADICAL VAGINAL Y LA NO ESPECIFICADA,4,68,OTRA INCISIÓN Y EXCISIÓN DEL ÚTERO,Q,F,,,SI
688,68.8,EXENTERACIÓN PÉLVICA,3,68,OTRA INCISIÓN Y EXCISIÓN DEL ÚTERO,,,,,NO
688X,68.8X,EXENTERACIÓN PÉLVICA,4,68,OTRA INCISIÓN Y EXCISIÓN DEL ÚTERO,Q,F,3650,43800,SI
689,68.9,OTRAS HISTERECTOMÍAS Y LAS NO ESPECIFICADAS,3,68,OTRA INCISIÓN Y EXCISIÓN DEL ÚTERO,,,,,NO
689X,68.9X,OTRAS HISTERECTOMÍAS Y LAS NO ESPECIFICADAS,4,68,OTRA INCISIÓN Y EXCISIÓN DEL ÚTERO,Q,F,3650,43800,SI
69,69,OTRAS OPERACIONES SOBRE EL ÚTERO Y SUS ESTRUCTURAS DE SOPORTE,2,69,OTRAS OPERACIONES SOBRE EL ÚTERO Y SUS ESTRUCTURAS DE SOPORTE,,,,,NO
690,69.0,DILATACIÓN Y LEGRADO DEL ÚTERO,3,69,OTRAS OPERACIONES SOBRE EL ÚTERO Y SUS ESTRUCTURAS DE SOPORTE,,,,,NO
6901,69.01,DILATACIÓN Y LEGRADO PARA TERMINACIÓN DEL EMBARAZO,4,69,OTRAS OPERACIONES SOBRE EL ÚTERO Y SUS ESTRUCTURAS DE SOPORTE,Q,F,3650,19710,SI
6902,69.02,DILATACIÓN Y LEGRADO DESPUÉS DE PARTO O ABORTO,4,69,OTRAS OPERACIONES SOBRE EL ÚTERO Y SUS ESTRUCTURAS DE SOPORTE,Q,F,3650,19710,SI
6909,69.09,OTRA DILATACIÓN Y LEGRADO,4,69,OTRAS OPERACIONES SOBRE EL ÚTERO Y SUS ESTRUCTURAS DE SOPORTE,Q,F,3650,43800,SI
691,69.1,EXCISIÓN O DESTRUCCIÓN DE LESIÓN O TEJIDO DEL ÚTERO Y SUS ESTRUCTURAS DE SOPORTE,3,69,OTRAS OPERACIONES SOBRE EL ÚTERO Y SUS ESTRUCTURAS DE SOPORTE,,,,,NO
6919,69.19,OTRA EXISIÓN O DESTRUCCIÓN DEL ÚTERO Y SUS ESTRUCTURAS DE SOPORTE,4,69,OTRAS OPERACIONES SOBRE EL ÚTERO Y SUS ESTRUCTURAS DE SOPORTE,Q,F,3650,43800,SI
692,69.2,REPARACIÓN DE ESTRUCTURAS DE SOPORTE DE ÚTERO,3,69,OTRAS OPERACIONES SOBRE EL ÚTERO Y SUS ESTRUCTURAS DE SOPORTE,,,,,NO
6921,69.21,OPERACIÓN DE INTERPOSICIÓN,4,69,OTRAS OPERACIONES SOBRE EL ÚTERO Y SUS ESTRUCTURAS DE SOPORTE,Q,F,3650,43800,SI
6922,69.22,OTRA SUSPENSIÓN UTERINA,4,69,OTRAS OPERACIONES SOBRE EL ÚTERO Y SUS ESTRUCTURAS DE SOPORTE,Q,F,3650,43800,SI
6923,69.23,REPARACIÓN VAGINAL DE INVERSIÓN CRÓNICA DEL ÚTERO,4,69,OTRAS OPERACIONES SOBRE EL ÚTERO Y SUS ESTRUCTURAS DE SOPORTE,Q,F,3650,43800,SI
6929,69.29,OTRA REPARACIÓN DEL ÚTERO Y SUS ESTRUCTURAS DE SOPORTE,4,69,OTRAS OPERACIONES SOBRE EL ÚTERO Y SUS ESTRUCTURAS DE SOPORTE,Q,F,3650,43800,SI
693,69.3,DENERVACIÓN UTERINA PARACERVICAL,3,69,OTRAS OPERACIONES SOBRE EL ÚTERO Y SUS ESTRUCTURAS DE SOPORTE,,,,,NO
693X,69.3X,DENERVACIÓN UTERINA PARACERVICAL,4,69,OTRAS OPERACIONES SOBRE EL ÚTERO Y SUS ESTRUCTURAS DE SOPORTE,Q,F,3650,43800,SI
694,69.4,REPARACIÓN UTERINA,3,69,OTRAS OPERACIONES SOBRE EL ÚTERO Y SUS ESTRUCTURAS DE SOPORTE,,,,,NO
6941,69.41,SUTURA DE DESGARRO DE ÚTERO,4,69,OTRAS OPERACIONES SOBRE EL ÚTERO Y SUS ESTRUCTURAS DE SOPORTE,Q,F,3650,19710,SI
6942,69.42,CIERRE DE FÍSTULA DE ÚTERO,4,69,OTRAS OPERACIONES SOBRE EL ÚTERO Y SUS ESTRUCTURAS DE SOPORTE,Q,F,3650,43800,SI
6949,69.49,OTRA REPARACIÓN DE ÚTERO,4,69,OTRAS OPERACIONES SOBRE EL ÚTERO Y SUS ESTRUCTURAS DE SOPORTE,Q,F,3650,43800,SI
695,69.5,LEGRADO POR ASPIRACIÓN DE ÚTERO,3,69,OTRAS OPERACIONES SOBRE EL ÚTERO Y SUS ESTRUCTURAS DE SOPORTE,,,,,NO
6951,69.51,LEGRADO POR ASPIRACIÓN DEL ÚTERO PARA TERMINACIÓN DE EMBARAZO,4,69,OTRAS OPERACIONES SOBRE EL ÚTERO Y SUS ESTRUCTURAS DE SOPORTE,Q,F,3650,19710,SI
6952,69.52,LEGRADO POR ASPIRACIÓN DEL ÚTERO DESPUÉS DE PARTO O ABORTO,4,69,OTRAS OPERACIONES SOBRE EL ÚTERO Y SUS ESTRUCTURAS DE SOPORTE,Q,F,3650,19710,SI
6959,69.59,OTRO LEGRADO POR ASPIRACIÓN DEL ÚTERO,4,69,OTRAS OPERACIONES SOBRE EL ÚTERO Y SUS ESTRUCTURAS DE SOPORTE,Q,F,3650,43800,SI
696,69.6,EXTRACCIÓN O REGULACIÓN MENSTRUAL,3,69,OTRAS OPERACIONES SOBRE EL ÚTERO Y SUS ESTRUCTURAS DE SOPORTE,,,,,NO
696X,69.6X,EXTRACCIÓN O REGULACIÓN MENSTRUAL,4,69,OTRAS OPERACIONES SOBRE EL ÚTERO Y SUS ESTRUCTURAS DE SOPORTE,Q,F,3650,19710,SI
697,69.7,INSERCIÓN DE DISPOSITIVO ANTICONCEPTIVO INTRAUTERINO,3,69,OTRAS OPERACIONES SOBRE EL ÚTERO Y SUS ESTRUCTURAS DE SOPORTE,,,,,NO
697X,69.7X,INSERCIÓN DE DISPOSITIVO ANTICONCEPTIVO INTRAUTERINO,4,69,OTRAS OPERACIONES SOBRE EL ÚTERO Y SUS ESTRUCTURAS DE SOPORTE,T,F,3650,19710,SI
699,69.9,"OTRAS OPERACIONES SOBRE ÚTERO, CUELLO Y ESTRUCTURAS DE APOYO",3,69,OTRAS OPERACIONES SOBRE EL ÚTERO Y SUS ESTRUCTURAS DE SOPORTE,,,,,NO
6991,69.91,INSERCIÓN DE DISPOSITIVO TERAPÉUTICO EN ÚTERO,4,69,OTRAS OPERACIONES SOBRE EL ÚTERO Y SUS ESTRUCTURAS DE SOPORTE,T,F,3650,43800,SI
6992,69.92,INSEMINACIÓN ARTIFICIAL,4,69,OTRAS OPERACIONES SOBRE EL ÚTERO Y SUS ESTRUCTURAS DE SOPORTE,T,F,3650,17885,SI
6993,69.93,INSERCIÓN DE LAMINARIA,4,69,OTRAS OPERACIONES SOBRE EL ÚTERO Y SUS ESTRUCTURAS DE SOPORTE,T,F,3650,43800,SI
6994,69.94,REPOSICIÓN MANUAL DE ÚTERO INVERTIDO,4,69,OTRAS OPERACIONES SOBRE EL ÚTERO Y SUS ESTRUCTURAS DE SOPORTE,T,F,3650,43800,SI
6995,69.95,INCISIÓN DE CUELLO,4,69,OTRAS OPERACIONES SOBRE EL ÚTERO Y SUS ESTRUCTURAS DE SOPORTE,Q,F,3650,43800,SI
6996,69.96,EXTRACCIÓN DE MATERIAL DE CERCLAJE DEL CUELLO UTERINO,4,69,OTRAS OPERACIONES SOBRE EL ÚTERO Y SUS ESTRUCTURAS DE SOPORTE,T,F,3650,17885,SI
6997,69.97,EXTRACCIÓN DE OTRO CUERPO EXTRAÑO PENETRANTE DEL CUELLO UTERINO,4,69,OTRAS OPERACIONES SOBRE EL ÚTERO Y SUS ESTRUCTURAS DE SOPORTE,Q,F,3650,43800,SI
6998,69.98,OTRAS OPERACIONES SOBRE LAS ESTRUCTURAS DE SOPORTE DE ÚTERO,4,69,OTRAS OPERACIONES SOBRE EL ÚTERO Y SUS ESTRUCTURAS DE SOPORTE,Q,F,3650,43800,SI
6999,69.99,OTRAS OPERACIONES SOBRE CUELLO UTERINO Y ÚTERO,4,69,OTRAS OPERACIONES SOBRE EL ÚTERO Y SUS ESTRUCTURAS DE SOPORTE,Q,F,3650,43800,SI
70,70,OPERACIONES SOBRE LA VAGINA Y FONDO DE SACO,2,70,OPERACIONES SOBRE LA VAGINA Y FONDO DE SACO,,,,,NO
700,70.0,CULDOCENTESIS,3,70,OPERACIONES SOBRE LA VAGINA Y FONDO DE SACO,,,,,NO
700X,70.0X,CULDOCENTESIS,4,70,OPERACIONES SOBRE LA VAGINA Y FONDO DE SACO,Q,F,3650,43800,SI
701,70.1,INCISIÓN DE VAGINA Y DE FONDO DE SACO,3,70,OPERACIONES SOBRE LA VAGINA Y FONDO DE SACO,,,,,NO
7011,70.11,HIMENOTOMÍA,4,70,OPERACIONES SOBRE LA VAGINA Y FONDO DE SACO,Q,F,3650,43800,SI
7012,70.12,CULDOTOMÍA,4,70,OPERACIONES SOBRE LA VAGINA Y FONDO DE SACO,Q,F,3650,43800,SI
7013,70.13,LIBERACIÓN DE ADHERENCIAS VAGINALES INTRALUMINALES,4,70,OPERACIONES SOBRE LA VAGINA Y FONDO DE SACO,Q,F,3650,43800,SI
7014,70.14,OTRA VAGINOTOMÍA,4,70,OPERACIONES SOBRE LA VAGINA Y FONDO DE SACO,Q,F,3650,43800,SI
702,70.2,PROCEDIMIENTOS DIAGNÓSTICOS SOBRE VAGINA Y FONDO DE SACO,3,70,OPERACIONES SOBRE LA VAGINA Y FONDO DE SACO,,,,,NO
7021,70.21,VAGINOSCOPÍA,4,70,OPERACIONES SOBRE LA VAGINA Y FONDO DE SACO,D,F,3650,43800,SI
7022,70.22,CULDOSCOPÍA,4,70,OPERACIONES SOBRE LA VAGINA Y FONDO DE SACO,D,F,3650,43800,SI
7023,70.23,BIOPSIA DE FONDO DE SACO,4,70,OPERACIONES SOBRE LA VAGINA Y FONDO DE SACO,D,F,3650,43800,SI
7024,70.24,BIOPSIA VAGINAL,4,70,OPERACIONES SOBRE LA VAGINA Y FONDO DE SACO,D,F,3650,43800,SI
7029,70.29,OTROS PROCEDIMIENTOS DIAGNÓSTICOS SOBRE VAGINA Y FONDO DE SACO,4,70,OPERACIONES SOBRE LA VAGINA Y FONDO DE SACO,D,F,3650,43800,SI
703,70.3,ESCISIÓN LOCAL O DESTRUCCIÓN DE VAGINA Y FONDO DE SACO,3,70,OPERACIONES SOBRE LA VAGINA Y FONDO DE SACO,,,,,NO
7031,70.31,HIMENECTOMÍA,4,70,OPERACIONES SOBRE LA VAGINA Y FONDO DE SACO,Q,F,3650,43800,SI
7032,70.32,ESCISIÓN O DESTRUCCIÓN DE LESIÓN DE FONDO DE SACO,4,70,OPERACIONES SOBRE LA VAGINA Y FONDO DE SACO,Q,F,3650,43800,SI
7033,70.33,ESCISIÓN O DESTRUCCIÓN DE LESIÓN DE VAGINA,4,70,OPERACIONES SOBRE LA VAGINA Y FONDO DE SACO,Q,F,3650,43800,SI
704,70.4,OBLITERACIÓN Y EXCISIÓN TOTAL DE VAGINA,3,70,OPERACIONES SOBRE LA VAGINA Y FONDO DE SACO,,,,,NO
704X,70.4X,OBLITERACIÓN Y ESCISIÓN TOTAL DE VAGINA,4,70,OPERACIONES SOBRE LA VAGINA Y FONDO DE SACO,Q,F,3650,43800,SI
705,70.5,REPARACIÓN DE CISTOCELE Y RECTOCELE,3,70,OPERACIONES SOBRE LA VAGINA Y FONDO DE SACO,,,,,NO
7050,70.50,REPARACIÓN DE CISTOCELE Y RECTOCELE,4,70,OPERACIONES SOBRE LA VAGINA Y FONDO DE SACO,Q,F,3650,43800,SI
7051,70.51,REPARACIÓN DE CISTOCELE,4,70,OPERACIONES SOBRE LA VAGINA Y FONDO DE SACO,Q,F,3650,43800,SI
7052,70.52,REPARACIÓN DE RECTOCELE,4,70,OPERACIONES SOBRE LA VAGINA Y FONDO DE SACO,Q,F,3650,43800,SI
7053,70.53,REPARACIÓN DE CISTOCELE Y RECTOCELE CON INJERTO O PRÓTESIS,4,70,OPERACIONES SOBRE LA VAGINA Y FONDO DE SACO,Q,F,,,SI
7054,70.54,REPARACIÓN DE CISTOCELE CON INJERTO O PRÓTESIS,4,70,OPERACIONES SOBRE LA VAGINA Y FONDO DE SACO,Q,F,,,SI
7055,70.55,REPARACIÓN DE RECTOCELE CON INJERTO O PRÓTESIS,4,70,OPERACIONES SOBRE LA VAGINA Y FONDO DE SACO,Q,F,,,SI
706,70.6,CONSTRUCCIÓN Y RECONSTRUCCIÓN VAGINALES,3,70,OPERACIONES SOBRE LA VAGINA Y FONDO DE SACO,,,,,NO
7061,70.61,CONSTRUCCIÓN VAGINAL (CREACIÓN DE UNA NEOVAGINA),4,70,OPERACIONES SOBRE LA VAGINA Y FONDO DE SACO,Q,F,3650,43800,SI
7062,70.62,RECONSTRUCCIÓN VAGINAL,4,70,OPERACIONES SOBRE LA VAGINA Y FONDO DE SACO,Q,F,3650,43800,SI
7063,70.63,CONSTRUCCIÓN VAGINAL CON INJERTO O PRÓTESIS,4,70,OPERACIONES SOBRE LA VAGINA Y FONDO DE SACO,Q,F,,,SI
7064,70.64,RECONSTRUCCIÓN VAGINAL CON INJERTO O PRÓTESIS,4,70,OPERACIONES SOBRE LA VAGINA Y FONDO DE SACO,Q,F,,,SI
707,70.7,OTRA REPARACIÓN DE VAGINA,3,70,OPERACIONES SOBRE LA VAGINA Y FONDO DE SACO,,,,,NO
7071,70.71,SUTURA DE DESGARRO DE VAGINA,4,70,OPERACIONES SOBRE LA VAGINA Y FONDO DE SACO,Q,F,3650,43800,SI
7072,70.72,REPARACIÓN DE FÍSTULA COLOVAGINAL,4,70,OPERACIONES SOBRE LA VAGINA Y FONDO DE SACO,Q,F,3650,43800,SI
7073,70.73,REPARACIÓN DE FÍSTULA RECTOVAGINAL,4,70,OPERACIONES SOBRE LA VAGINA Y FONDO DE SACO,Q,F,3650,43800,SI
7074,70.74,REPARACIÓN DE OTRA FÍSTULA VAGINOENTÉRICA,4,70,OPERACIONES SOBRE LA VAGINA Y FONDO DE SACO,Q,F,3650,43800,SI
7075,70.75,REPARACIÓN DE OTRA FÍSTULA DE VAGINA,4,70,OPERACIONES SOBRE LA VAGINA Y FONDO DE SACO,Q,F,3650,43800,SI
7076,70.76,HIMENORRAFIA,4,70,OPERACIONES SOBRE LA VAGINA Y FONDO DE SACO,Q,F,3650,43800,SI
7077,70.77,SUSPENSIÓN Y FIJACIÓN DE VAGINA,4,70,OPERACIONES SOBRE LA VAGINA Y FONDO DE SACO,Q,F,3650,43800,SI
7078,70.78,SUSPENSIÓN Y FIJACIÓN VAGINAL CON INJERTO O PRÓTESIS,4,70,OPERACIONES SOBRE LA VAGINA Y FONDO DE SACO,Q,F,,,SI
7079,70.79,OTRA REPARACIÓN DE VAGINA,4,70,OPERACIONES SOBRE LA VAGINA Y FONDO DE SACO,Q,F,3650,43800,SI
708,70.8,OBLITERACIÓN DE LA CÚPULA VAGINAL,3,70,OPERACIONES SOBRE LA VAGINA Y FONDO DE SACO,,,,,NO
708X,70.8X,OBLITERACIÓN DE LA CÚPULA VAGINAL,4,70,OPERACIONES SOBRE LA VAGINA Y FONDO DE SACO,Q,F,3650,43800,SI
709,70.9,OTRAS OPERACIONES SOBRE LA VAGINA Y FONDO DE SACO,3,70,OPERACIONES SOBRE LA VAGINA Y FONDO DE SACO,,,,,NO
7091,70.91,OTRAS OPERACIONES SOBRE LA VAGINA,4,70,OPERACIONES SOBRE LA VAGINA Y FONDO DE SACO,Q,F,3650,43800,SI
7092,70.92,OTRAS OPERACIONES SOBRE FONDO DE SACO (VAGINA),4,70,OPERACIONES SOBRE LA VAGINA Y FONDO DE SACO,Q,F,3650,43800,SI
7093,70.93,OTRAS OPERACIONES SOBRE FONDO DE SACO CON INJERTO O PRÓTESIS,4,70,OPERACIONES SOBRE LA VAGINA Y FONDO DE SACO,Q,F,,,SI
7094,70.94,INSERCIÓN DE INJERTO BIOLÓGICO,4,70,OPERACIONES SOBRE LA VAGINA Y FONDO DE SACO,Q,F,,,SI
7095,70.95,INSERCIÓN DE INJERTO SINTÉTICO O PRÓTESIS DE TEJIDO ARTIFICIAL,4,70,OPERACIONES SOBRE LA VAGINA Y FONDO DE SACO,Q,F,,,SI
71,71,OPERACIONES SOBRE LA VULVA Y EL PERINEO,2,71,OPERACIONES SOBRE LA VULVA Y EL PERINEO,,,,,NO
710,71.0,INCISIÓN DE VULVA Y PERINEO,3,71,OPERACIONES SOBRE LA VULVA Y EL PERINEO,,,,,NO
7101,71.01,LIBERACIÓN DE ADHERENCIAS VULVARES,4,71,OPERACIONES SOBRE LA VULVA Y EL PERINEO,Q,F,3650,43800,SI
7109,71.09,OTRA INCISIÓN DE VULVA Y PERINEO,4,71,OPERACIONES SOBRE LA VULVA Y EL PERINEO,Q,F,3650,43800,SI
711,71.1,PROCEDIMIENTOS DIAGNÓSTICOS SOBRE LA VULVA,3,71,OPERACIONES SOBRE LA VULVA Y EL PERINEO,,,,,NO
7111,71.11,BIOPSIA DE VULVA,4,71,OPERACIONES SOBRE LA VULVA Y EL PERINEO,D,F,3650,43800,SI
7119,71.19,OTROS PROCEDIMIENTOS DIAGNÓSTICOS SOBRE LA VULVA,4,71,OPERACIONES SOBRE LA VULVA Y EL PERINEO,D,F,3650,43800,SI
712,71.2,OPERACIONES SOBRE LA GLÁNDULA DE BARTHOLIN,3,71,OPERACIONES SOBRE LA VULVA Y EL PERINEO,,,,,NO
7121,71.21,ASPIRACIÓN PERCUTÁNEA DE GLÁNDULA DE BARTHOLIN (QUISTE),4,71,OPERACIONES SOBRE LA VULVA Y EL PERINEO,Q,F,3650,43800,SI
7122,71.22,INCISIÓN DE GLÁNDULA DE BARTHOLIN (QUISTE),4,71,OPERACIONES SOBRE LA VULVA Y EL PERINEO,Q,F,3650,43800,SI
7123,71.23,MARSUPIALIZACIÓN DE GLÁNDULA DE BARTHOLIN (QUISTE),4,71,OPERACIONES SOBRE LA VULVA Y EL PERINEO,Q,F,3650,43800,SI
7124,71.24,EXCISIÓN U OTRA DESTRUCCIÓN DE GLÁNDULA DE BARTHOLIN (QUISTE),4,71,OPERACIONES SOBRE LA VULVA Y EL PERINEO,Q,F,3650,43800,SI
7129,71.29,OTRAS OPERACIONES SOBRE LAS GLÁNDULAS DE BARTHOLIN,4,71,OPERACIONES SOBRE LA VULVA Y EL PERINEO,Q,F,3650,43800,SI
713,71.3,OTRA EXCISIÓN LOCAL O DESTRUCCIÓN DE LA VULVA Y EL PERINEO,3,71,OPERACIONES SOBRE LA VULVA Y EL PERINEO,,,,,NO
713X,71.3X,OTRA EXCISIÓN LOCAL O DESTRUCCIÓN DE LA VULVA Y EL PERINEO,4,71,OPERACIONES SOBRE LA VULVA Y EL PERINEO,Q,F,3650,43800,SI
714,71.4,OPERACIONES SOBRE EL CLÍTORIS,3,71,OPERACIONES SOBRE LA VULVA Y EL PERINEO,,,,,NO
714X,71.4X,OPERACIONES SOBRE EL CLÍTORIS,4,71,OPERACIONES SOBRE LA VULVA Y EL PERINEO,Q,F,3650,43800,SI
715,71.5,VULVECTOMÍA RADICAL,3,71,OPERACIONES SOBRE LA VULVA Y EL PERINEO,,,,,NO
715X,71.5X,VULVECTOMÍA RADICAL,4,71,OPERACIONES SOBRE LA VULVA Y EL PERINEO,Q,F,3650,43800,SI
716,71.6,OTRA VULVECTOMÍA,3,71,OPERACIONES SOBRE LA VULVA Y EL PERINEO,,,,,NO
7161,71.61,VULVECTOMÍA UNILATERAL,4,71,OPERACIONES SOBRE LA VULVA Y EL PERINEO,Q,F,3650,43800,SI
7162,71.62,VULVECTOMÍA BILATERAL,4,71,OPERACIONES SOBRE LA VULVA Y EL PERINEO,Q,F,3650,43800,SI
717,71.7,REPARACIÓN DE LA VULVA O EL PERINEO,3,71,OPERACIONES SOBRE LA VULVA Y EL PERINEO,,,,,NO
7171,71.71,SUTURA DE DESGARRO DE LA VULVA O EL PERINEO ACTUAL,4,71,OPERACIONES SOBRE LA VULVA Y EL PERINEO,Q,F,3650,43800,SI
7172,71.72,REPARACIÓN DE FÍSTULA DE VULVA O PERINEO,4,71,OPERACIONES SOBRE LA VULVA Y EL PERINEO,Q,F,3650,43800,SI
7179,71.79,OTRA REPARACIÓN DE LA VULVA Y EL PERINEO,4,71,OPERACIONES SOBRE LA VULVA Y EL PERINEO,Q,F,3650,43800,SI
718,71.8,OTRAS REPARACIONES SOBRE VULVA,3,71,OPERACIONES SOBRE LA VULVA Y EL PERINEO,,,,,NO
718X,71.8X,OTRAS REPARACIONES SOBRE VULVA,4,71,OPERACIONES SOBRE LA VULVA Y EL PERINEO,Q,F,3650,43800,SI
719,71.9,OTRAS OPERACIONES SOBRE LOS ÓRGANOS GENITALES FEMENINOS,3,71,OPERACIONES SOBRE LA VULVA Y EL PERINEO,,,,,NO
719X,71.9X,OTRAS OPERACIONES SOBRE LOS ÓRGANOS GENITALES FEMENINOS,4,71,OPERACIONES SOBRE LA VULVA Y EL PERINEO,Q,F,3650,43800,SI
00,00,PROCEDIMIENTOS OBSTÉTRICOS (72 - 75),2,00,PROCEDIMIENTOS DIAGNÓSTICOS Y TERAPÉUTICOS MISCELÁNEOS (87 - 99),,,,,NO
72,72,"FÓRCEPS, VENTOSA Y PARTO DE NALGAS",2,72,"FÓRCEPS, VENTOSA Y PARTO DE NALGAS",,,,,NO
720,72.0,APLICACIÓN DE FÓRCEPS BAJO,3,72,"FÓRCEPS, VENTOSA Y PARTO DE NALGAS",,,,,NO
720X,72.0X,APLICACIÓN DE FÓRCEPS BAJO,4,72,"FÓRCEPS, VENTOSA Y PARTO DE NALGAS",Q,F,3650,19710,SI
721,72.1,APLICACIÓN DE FÓRCEPS BAJO CON EPISIOTOMÍA,3,72,"FÓRCEPS, VENTOSA Y PARTO DE NALGAS",,,,,NO
721X,72.1X,APLICACIÓN DE FÓRCEPS BAJO CON EPISIOTOMÍA,4,72,"FÓRCEPS, VENTOSA Y PARTO DE NALGAS",Q,F,3650,19710,SI
722,72.2,APLICACIÓN DE FÓRCEPS MEDIO,3,72,"FÓRCEPS, VENTOSA Y PARTO DE NALGAS",,,,,NO
7221,72.21,APLICACIÓN DE FÓRCEPS MEDIO CON EPISIOTOMÍA,4,72,"FÓRCEPS, VENTOSA Y PARTO DE NALGAS",Q,F,3650,19710,SI
7229,72.29,OTRA APLICACIÓN DE FÓRCEPS MEDIO,4,72,"FÓRCEPS, VENTOSA Y PARTO DE NALGAS",Q,F,3650,19710,SI
723,72.3,APLICACIÓN DE FÓRCEPS ALTO,3,72,"FÓRCEPS, VENTOSA Y PARTO DE NALGAS",,,,,NO
7231,72.31,APLICACIÓN DE FÓRCEPS ALTO CON EPISIOTOMÍA,4,72,"FÓRCEPS, VENTOSA Y PARTO DE NALGAS",Q,F,3650,19710,SI
7239,72.39,OTRA APLICACIÓN DE FÓRCEPS ALTO,4,72,"FÓRCEPS, VENTOSA Y PARTO DE NALGAS",Q,F,3650,19710,SI
724,72.4,ROTACIÓN MEDIANTE FÓRCEPS DE LA CABEZA DEL FETO,3,72,"FÓRCEPS, VENTOSA Y PARTO DE NALGAS",,,,,NO
724X,72.4X,ROTACIÓN MEDIANTE FÓRCEPS DE LA CABEZA DEL FETO,4,72,"FÓRCEPS, VENTOSA Y PARTO DE NALGAS",Q,F,3650,19710,SI
725,72.5,EXTRACCIÓN CON PRESENTACIÓN DE NALGAS,3,72,"FÓRCEPS, VENTOSA Y PARTO DE NALGAS",,,,,NO
7251,72.51,EXTRACCIÓN PARCIAL CON PRESENTACIÓN DE NALGAS MEDIANTE APLICACIÓN DE FÓRCEPS EN CABEZA ÚLTIMA,4,72,"FÓRCEPS, VENTOSA Y PARTO DE NALGAS",Q,F,3650,19710,SI
7252,72.52,OTRA EXTRACCIÓN PARCIAL EN PRESENTACIÓN DE NALGAS,4,72,"FÓRCEPS, VENTOSA Y PARTO DE NALGAS",Q,F,3650,19710,SI
7253,72.53,EXTRACCIÓN TOAL EN PRESENTACIÓN DE NALGAS CON APLICACIÓN DE FÓRCEPS EN CABEZA ÚLTIMA,4,72,"FÓRCEPS, VENTOSA Y PARTO DE NALGAS",Q,F,3650,19710,SI
7254,72.54,OTRA EXTRACCIÓN TOTAL CON PRESENTACIÓN DE NALGAS,4,72,"FÓRCEPS, VENTOSA Y PARTO DE NALGAS",Q,F,3650,19710,SI
726,72.6,APLICACIÓN DE FÓRCEPS A CABEZA ÚLTIMA,3,72,"FÓRCEPS, VENTOSA Y PARTO DE NALGAS",,,,,NO
726X,72.6X,APLICACIÓN DE FÓRCEPS A CABEZA ÚLTIMA,4,72,"FÓRCEPS, VENTOSA Y PARTO DE NALGAS",Q,F,3650,19710,SI
727,72.7,EXTRACCIÓN CON VENTOSA OBSTÉTRICA,3,72,"FÓRCEPS, VENTOSA Y PARTO DE NALGAS",,,,,NO
7271,72.71,EXTRACCIÓN MEDIANTE VENTOSA CON EPISIOTOMÍA,4,72,"FÓRCEPS, VENTOSA Y PARTO DE NALGAS",Q,F,3650,19710,SI
7279,72.79,OTRA EXTRACCIÓN MEDIANTE VENTOSA,4,72,"FÓRCEPS, VENTOSA Y PARTO DE NALGAS",Q,F,3650,19710,SI
728,72.8,OTRO PARTO INSTRUMENTADO ESPECIFICADO,3,72,"FÓRCEPS, VENTOSA Y PARTO DE NALGAS",,,,,NO
728X,72.8X,OTRO PARTO INSTRUMENTADO ESPECIFICADO,4,72,"FÓRCEPS, VENTOSA Y PARTO DE NALGAS",Q,F,3650,19710,SI
729,72.9,PARTO INSTRUMENTADO NO ESPECIFICADO,3,72,"FÓRCEPS, VENTOSA Y PARTO DE NALGAS",,,,,NO
729X,72.9X,PARTO INSTRUMENTADO NO ESPECIFICADO,4,72,"FÓRCEPS, VENTOSA Y PARTO DE NALGAS",Q,F,3650,19710,SI
73,73,OTROS PROCEDIMIENTOS PARA LA INDUCCIÓN O ASISTENCIA AL PARTO,2,73,OTROS PROCEDIMIENTOS PARA LA INDUCCIÓN O ASISTENCIA AL PARTO,,,,,NO
730,73.0,RUPTURA ARTIFICIAL DE LAS MEMBRANAS,3,73,OTROS PROCEDIMIENTOS PARA LA INDUCCIÓN O ASISTENCIA AL PARTO,,,,,NO
7301,73.01,INDUCCIÓN DEL PARTO POR RUPTURA ARTIFICIAL DE LAS MEMBRANAS,4,73,OTROS PROCEDIMIENTOS PARA LA INDUCCIÓN O ASISTENCIA AL PARTO,T,F,3650,19710,SI
7309,73.09,OTRA RUPTURA ARTIFICIAL DE LAS MEMBRANAS,4,73,OTROS PROCEDIMIENTOS PARA LA INDUCCIÓN O ASISTENCIA AL PARTO,T,F,3650,19710,SI
731,73.1,OTRA INDUCCIÓN QUIRÚRGICA DEL PARTO,3,73,OTROS PROCEDIMIENTOS PARA LA INDUCCIÓN O ASISTENCIA AL PARTO,,,,,NO
731X,73.1X,OTRA INDUCCIÓN QUIRÚRGICA DEL PARTO,4,73,OTROS PROCEDIMIENTOS PARA LA INDUCCIÓN O ASISTENCIA AL PARTO,Q,F,3650,19710,SI
732,73.2,VERSIÓN INTERNA Y COMBINADA Y EXTRACCIÓN,3,73,OTROS PROCEDIMIENTOS PARA LA INDUCCIÓN O ASISTENCIA AL PARTO,,,,,NO
7321,73.21,VERSIÓN INTERNA Y COMBINADA SIN EXTRACCIÓN,4,73,OTROS PROCEDIMIENTOS PARA LA INDUCCIÓN O ASISTENCIA AL PARTO,Q,F,3650,19710,SI
7322,73.22,VERSIÓN INTERNA Y COMBINADA CON EXTRACCIÓN,4,73,OTROS PROCEDIMIENTOS PARA LA INDUCCIÓN O ASISTENCIA AL PARTO,Q,F,3650,19710,SI
733,73.3,OPERACIÓN DE FÓRCEPS FALLIDA,3,73,OTROS PROCEDIMIENTOS PARA LA INDUCCIÓN O ASISTENCIA AL PARTO,,,,,NO
733X,73.3X,OPERACIÓN DE FÓRCEPS FALLIDA,4,73,OTROS PROCEDIMIENTOS PARA LA INDUCCIÓN O ASISTENCIA AL PARTO,Q,F,3650,19710,SI
734,73.4,INDUCCIÓN MÉDICA DE PARTO,3,73,OTROS PROCEDIMIENTOS PARA LA INDUCCIÓN O ASISTENCIA AL PARTO,,,,,NO
734X,73.4X,INDUCCIÓN MÉDICA DE PARTO,4,73,OTROS PROCEDIMIENTOS PARA LA INDUCCIÓN O ASISTENCIA AL PARTO,T,F,3650,19710,SI
735,73.5,PARTO ASISTIDO MANUALMENTE,3,73,OTROS PROCEDIMIENTOS PARA LA INDUCCIÓN O ASISTENCIA AL PARTO,,,,,NO
7351,73.51,ROTACIÓN MANUAL DE LA CABEZA DE FETO,4,73,OTROS PROCEDIMIENTOS PARA LA INDUCCIÓN O ASISTENCIA AL PARTO,T,F,3650,19710,SI
7359,73.59,OTRO PARTO ASISTIDO MANUALMENTE,4,73,OTROS PROCEDIMIENTOS PARA LA INDUCCIÓN O ASISTENCIA AL PARTO,T,F,3650,19710,SI
736,73.6,EPISIOTOMÍA,3,73,OTROS PROCEDIMIENTOS PARA LA INDUCCIÓN O ASISTENCIA AL PARTO,,,,,NO
736X,73.6X,EPISIOTOMÍA,4,73,OTROS PROCEDIMIENTOS PARA LA INDUCCIÓN O ASISTENCIA AL PARTO,Q,F,3650,19710,SI
738,73.8,OPERACIONES SOBRE EL FETO PARA FACILITAR EL PERÍODO EXPULSIVO,3,73,OTROS PROCEDIMIENTOS PARA LA INDUCCIÓN O ASISTENCIA AL PARTO,,,,,NO
738X,73.8X,OPERACIONES SOBRE EL FETO PARA FACILITAR EL PERÍODO EXPULSIVO,4,73,OTROS PROCEDIMIENTOS PARA LA INDUCCIÓN O ASISTENCIA AL PARTO,Q,F,3650,19710,SI
739,73.9,OTRAS OPERACIONES DE ASISTENCIA AL PERÍODO EXPULSIVO,3,73,OTROS PROCEDIMIENTOS PARA LA INDUCCIÓN O ASISTENCIA AL PARTO,,,,,NO
7391,73.91,VERSIÓN EXTERNA,4,73,OTROS PROCEDIMIENTOS PARA LA INDUCCIÓN O ASISTENCIA AL PARTO,Q,F,3650,19710,SI
7392,73.92,SUSTITUCIÓN DEL CORDÓN UMBILICAL PROLAPSADO,4,73,OTROS PROCEDIMIENTOS PARA LA INDUCCIÓN O ASISTENCIA AL PARTO,Q,F,3650,19710,SI
7393,73.93,INCISIÓN DEL CUELLO UTERINO PARA AYUDAR AL PERÍODO EXPULSIVO,4,73,OTROS PROCEDIMIENTOS PARA LA INDUCCIÓN O ASISTENCIA AL PARTO,Q,F,3650,19710,SI
7394,73.94,PUBIOTOMÍA PARA ASISTIR AL PARTO,4,73,OTROS PROCEDIMIENTOS PARA LA INDUCCIÓN O ASISTENCIA AL PARTO,Q,F,3650,19710,SI
7399,73.99,OTRA OPERACIÓN DE ASISTENCIA AL PERÍODO EXPULSIVO,4,73,OTROS PROCEDIMIENTOS PARA LA INDUCCIÓN O ASISTENCIA AL PARTO,Q,F,3650,19710,SI
74,74,CESÁREA Y EXTRACCIÓN DE FETO,2,74,CESÁREA Y EXTRACCIÓN DE FETO,,,,,NO
740,74.0,CESÁREA CLÁSICA,3,74,CESÁREA Y EXTRACCIÓN DE FETO,,,,,NO
740X,74.0X,CESÁREA CLÁSICA,4,74,CESÁREA Y EXTRACCIÓN DE FETO,Q,F,3650,19710,SI
741,74.1,CESÁREA CLÁSICA BAJA,3,74,CESÁREA Y EXTRACCIÓN DE FETO,,,,,NO
741X,74.1X,CESÁREA CLÁSICA BAJA,4,74,CESÁREA Y EXTRACCIÓN DE FETO,Q,F,3650,19710,SI
742,74.2,CESÁREA EXTRAPERITONEAL,3,74,CESÁREA Y EXTRACCIÓN DE FETO,,,,,NO
742X,74.2X,CESÁREA EXTRAPERITONEAL,4,74,CESÁREA Y EXTRACCIÓN DE FETO,Q,F,3650,19710,SI
743,74.3,EXTRACCIÓN DE EMBRIÓN INTRAPERITONEAL,3,74,CESÁREA Y EXTRACCIÓN DE FETO,,,,,NO
743X,74.3X,EXTRACCIÓN DE EMBRIÓN INTRAPERITONEAL,4,74,CESÁREA Y EXTRACCIÓN DE FETO,Q,F,3650,19710,SI
744,74.4,CESÁREA DE OTRO TIPO ESPECIFICADO,3,74,CESÁREA Y EXTRACCIÓN DE FETO,,,,,NO
744X,74.4X,CESÁREA DE OTRO TIPO ESPECIFICADO,4,74,CESÁREA Y EXTRACCIÓN DE FETO,Q,F,3650,19710,SI
749,74.9,CESÁREA DE TIPO NO ESPECIFICADO,3,74,CESÁREA Y EXTRACCIÓN DE FETO,,,,,NO
7491,74.91,HISTEROTOMÍA PARA TERMINAR EL EMBARAZO,4,74,CESÁREA Y EXTRACCIÓN DE FETO,Q,F,3650,19710,SI
7499,74.99,OTRA CESÁREA DE TIPO NO ESPECIFICADO,4,74,CESÁREA Y EXTRACCIÓN DE FETO,Q,F,3650,19710,SI
75,75,OTRAS OPERACIONES OBSTÉTRICAS,2,75,OTRAS OPERACIONES OBSTÉTRICAS,,,,,NO
750,75.0,INYECCIÓN INTRA-AMNIÓTICA PARA INDUCIR EL ABORTO,3,75,OTRAS OPERACIONES OBSTÉTRICAS,,,,,NO
750X,75.0X,INYECCIÓN INTRA-AMNIÓTICA PARA INDUCIR EL ABORTO,4,75,OTRAS OPERACIONES OBSTÉTRICAS,Q,F,3650,19710,SI
751,75.1,AMNIOCENTESIS DIAGNÓSTICA,3,75,OTRAS OPERACIONES OBSTÉTRICAS,,,,,NO
751X,75.1X,AMNIOCENTESIS DIAGNÓSTICA,4,75,OTRAS OPERACIONES OBSTÉTRICAS,D,F,3650,19710,SI
752,75.2,TRANSFUSIÓN INTRAUTERINA,3,75,OTRAS OPERACIONES OBSTÉTRICAS,,,,,NO
752X,75.2X,TRANSFUSIÓN INTRAUTERINA,4,75,OTRAS OPERACIONES OBSTÉTRICAS,Q,F,3650,19710,SI
753,75.3,OTRAS OPERACIONES INTRAUTERINAS SOBRE EL FETO Y EL AMNIOS,3,75,OTRAS OPERACIONES OBSTÉTRICAS,,,,,NO
7531,75.31,AMNIOSCOPIA,4,75,OTRAS OPERACIONES OBSTÉTRICAS,D,F,3650,19710,SI
7532,75.32,ELECTROCARDIOGRAMA FETAL (CUERO CABELLUDO),4,75,OTRAS OPERACIONES OBSTÉTRICAS,D,F,3650,19710,SI
7533,75.33,BIOPSIA Y TOMA DE SANGRE FETAL,4,75,OTRAS OPERACIONES OBSTÉTRICAS,D,F,3650,19710,SI
7534,75.34,OTRA MONITORIZACIÓN FETAL,4,75,OTRAS OPERACIONES OBSTÉTRICAS,D,F,3650,19710,SI
7535,75.35,OTROS PROCEDIMIENTOS DIAGNÓSTICOS SOBRE EL FETO Y AMNIOS,4,75,OTRAS OPERACIONES OBSTÉTRICAS,D,F,3650,19710,SI
7536,75.36,CORRECCIÓN DE DEFECTO FETAL,4,75,OTRAS OPERACIONES OBSTÉTRICAS,Q,F,3650,19710,SI
7537,75.37,AMNIOINFUSIÓN,4,75,OTRAS OPERACIONES OBSTÉTRICAS,Q,F,3650,19710,SI
7538,75.38,PULSIOXIMETRIA FETAL,4,75,OTRAS OPERACIONES OBSTÉTRICAS,D,F,3650,19710,SI
754,75.4,EXTRACCIÓN MANUAL DE PLACENTA RETENIDA,3,75,OTRAS OPERACIONES OBSTÉTRICAS,,,,,NO
754X,75.4X,EXTRACCIÓN MANUAL DE PLACENTA RETENIDA,4,75,OTRAS OPERACIONES OBSTÉTRICAS,Q,F,3650,19710,SI
755,75.5,REPARACIÓN DE DESGARRO OBSTÉTRICO ACTUAL DEL ÚTERO,3,75,OTRAS OPERACIONES OBSTÉTRICAS,,,,,NO
7550,75.50,"REPARACIÓN DE DESGARRO OBSTÉTRICO ACTUAL DEL ÚTERO, NO ESPECIFICADO DE OTRA MANERA",4,75,OTRAS OPERACIONES OBSTÉTRICAS,Q,F,3650,19710,SI
7551,75.51,REPARACIÓN DE DESGARRO OBSTÉTRICO ACTUAL DEL CUELLO UTERINO,4,75,OTRAS OPERACIONES OBSTÉTRICAS,Q,F,3650,19710,SI
7552,75.52,REPARACIÓN DE DESGARRO OBSTÉTRICO ACTUAL DEL CUERPO UTERINO,4,75,OTRAS OPERACIONES OBSTÉTRICAS,Q,F,3650,19710,SI
756,75.6,REPARACIÓN DE OTRO DESGARRO OBSTÉTRICO ACTUAL,3,75,OTRAS OPERACIONES OBSTÉTRICAS,,,,,NO
7561,75.61,REPARACIÓN DE DESGARRO OBSTÉTRICO ACTUAL DE VEJIGA Y URETRA,4,75,OTRAS OPERACIONES OBSTÉTRICAS,Q,F,3650,19710,SI
7562,75.62,REPARACIÓN DE DESGARRO OBSTÉTRICO ACTUAL DE RECTO Y ESFÍNTER ANAL,4,75,OTRAS OPERACIONES OBSTÉTRICAS,Q,F,3650,19710,SI
7569,75.69,REPARACIÓN DE OTRO DESGARRO OBSTÉTRICO ACTUAL,4,75,OTRAS OPERACIONES OBSTÉTRICAS,Q,F,3650,19710,SI
757,75.7,"EXPLORACIÓN MANUAL DE LA CAVIDAD UTERINA, DESPUÉS DEL PARTO",3,75,OTRAS OPERACIONES OBSTÉTRICAS,,,,,NO
757X,75.7X,"EXPLORACIÓN MANUAL DE LA CAVIDAD UTERINA, DESPUÉS DEL PARTO",4,75,OTRAS OPERACIONES OBSTÉTRICAS,Q,F,3650,19710,SI
758,75.8,TAPONAMIENTO OBSTÉTRICO DE ÚTERO O VAGINA,3,75,OTRAS OPERACIONES OBSTÉTRICAS,,,,,NO
758X,75.8X,TAPONAMIENTO OBSTÉTRICO DE ÚTERO O VAGINA,4,75,OTRAS OPERACIONES OBSTÉTRICAS,Q,F,3650,19710,SI
759,75.9,OTRAS OPERACIONES OBSTÉTRICAS,3,75,OTRAS OPERACIONES OBSTÉTRICAS,,,,,NO
7591,75.91,EVACUACIÓN DE HEMATOMA POR INCISIÓN OBSTÉTRICA DE PERINEO,4,75,OTRAS OPERACIONES OBSTÉTRICAS,Q,F,3650,19710,SI
7592,75.92,EVACUACIÓN DE OTRO HEMATOMA DE VULVA O VAGINA,4,75,OTRAS OPERACIONES OBSTÉTRICAS,Q,F,3650,19710,SI
7593,75.93,CORRECCIÓN QUIRÚRGICA DE ÚTERO INVERTIDO,4,75,OTRAS OPERACIONES OBSTÉTRICAS,Q,F,3650,19710,SI
7594,75.94,REPOSICIÓN MANUAL DE ÚTERO INVERTIDO,4,75,OTRAS OPERACIONES OBSTÉTRICAS,Q,F,3650,19710,SI
7599,75.99,OTRAS OPERACIONES OBSTÉTRICAS,4,75,OTRAS OPERACIONES OBSTÉTRICAS,Q,F,3650,19710,SI
75A,75.A,ADMINISTRACIÓN ORAL DE MEDICAMENTOS PARA TERMINACIÓN DE EMBARAZO,3,75,OTRAS OPERACIONES OBSTÉTRICAS,,,,,NO
75A1,75.A1,ADMINISTRACIÓN DE MISOPROSTOL PARA INTERRUPCIÓN LEGAL DEL EMBARAZO (ILE),4,75,OTRAS OPERACIONES OBSTÉTRICAS,T,F,3650,19710,SI
75A2,75.A2,ADMINISTRACIÓN DE MISOPROSTOL PARA TERMINACIÓN DEL ABORTO INCOMPLETO,4,75,OTRAS OPERACIONES OBSTÉTRICAS,T,F,3650,19710,SI
75A3,75.A3,ADMINISTRACIÓN DE OTRO MEDICAMENTO PARA INTERRUPCIÓN LEGAL DEL EMBARAZO (ILE),4,75,OTRAS OPERACIONES OBSTÉTRICAS,T,F,3650,19710,SI
75A4,75.A4,ADMINISTRACIÓN DE OTRO MEDICAMENTO PARA TERMINACIÓN DEL ABORTO INCOMPLETO,4,75,OTRAS OPERACIONES OBSTÉTRICAS,T,F,3650,19710,SI
73A,73.A,PROCEDIMIENTOS QUE REDUCEN LA MORBILIDAD Y LA MORTALIDAD MATERNO-NEONATAL AL NACIMIENTO,3,73,OTROS PROCEDIMIENTOS PARA LA INDUCCIÓN O ASISTENCIA AL PARTO,,,,,NO
73A1,73.A1,ATENCIÓN DEL PERIODO EXPULSIVO DEL PARTO EN POSICIÓN VERTICAL,4,73,OTROS PROCEDIMIENTOS PARA LA INDUCCIÓN O ASISTENCIA AL PARTO,T,F,3650,19710,SI
73A2,73.A2,ACOMPAÑAMIENTO PSICOEMOCIONAL CONTINUO DURANTE TODO EL TRABAJO DE PARTO,4,73,OTROS PROCEDIMIENTOS PARA LA INDUCCIÓN O ASISTENCIA AL PARTO,T,F,3650,19710,SI
73A3,73.A3,APEGO INMEDIATO MADRE Y NEONATO,4,73,OTROS PROCEDIMIENTOS PARA LA INDUCCIÓN O ASISTENCIA AL PARTO,T,F,3650,19710,SI
73A4,73.A4,MANEJO ACTIVO DE TERCER PERIODO DEL TRABAJO DE PARTO,4,73,OTROS PROCEDIMIENTOS PARA LA INDUCCIÓN O ASISTENCIA AL PARTO,T,F,3650,19710,SI
00,00,OPERACIONES SOBRE EL APARATO MUSCULOESQUELÉTICO (76 - 84),2,00,PROCEDIMIENTOS DIAGNÓSTICOS Y TERAPÉUTICOS MISCELÁNEOS (87 - 99),,,,,NO
76,76,OPERACIONES SOBRE HUESOS Y ARTICULACIONES FACIALES,2,76,OPERACIONES SOBRE HUESOS Y ARTICULACIONES FACIALES,,,,,NO
760,76.0,INCISIÓN DE HUESO FACIAL SIN DIVISIÓN,3,76,OPERACIONES SOBRE HUESOS Y ARTICULACIONES FACIALES,,,,,NO
7601,76.01,SECUESTRECTOMÍA DE HUESO FACIAL,4,76,OPERACIONES SOBRE HUESOS Y ARTICULACIONES FACIALES,Q,,,,SI
7609,76.09,OTRA INCISIÓN DE HUESO FACIAL,4,76,OPERACIONES SOBRE HUESOS Y ARTICULACIONES FACIALES,Q,,,,SI
761,76.1,PROCEDIMIENTOS DIAGNÓSTICOS SOBRE HUESOS Y ARTICULACIONES FACIALES,3,76,OPERACIONES SOBRE HUESOS Y ARTICULACIONES FACIALES,,,,,NO
7611,76.11,BIOPSIA DE HUESO FACIAL,4,76,OPERACIONES SOBRE HUESOS Y ARTICULACIONES FACIALES,D,,,,SI
7619,76.19,OTROS PROCEDIMIENTOS DIAGNÓSTICOS EN HUESO Y ARTICULACIONES FACIALES,4,76,OPERACIONES SOBRE HUESOS Y ARTICULACIONES FACIALES,D,,,,SI
762,76.2,EXCISIÓN LOCAL O DESTRUCCIÓN DE LESIONES DE HUESO FACIAL,3,76,OPERACIONES SOBRE HUESOS Y ARTICULACIONES FACIALES,,,,,NO
762X,76.2X,EXCISIÓN LOCAL O DESTRUCCIÓN DE LESIONES DE HUESO FACIAL,4,76,OPERACIONES SOBRE HUESOS Y ARTICULACIONES FACIALES,Q,,,,SI
763,76.3,OSTECTOMÍA PARCIAL DE HUESO FACIAL,3,76,OPERACIONES SOBRE HUESOS Y ARTICULACIONES FACIALES,,,,,NO
7631,76.31,MANDIBULECTOMÍA PARCIAL,4,76,OPERACIONES SOBRE HUESOS Y ARTICULACIONES FACIALES,Q,,,,SI
7639,76.39,"OSTECTOMÍA, EXÉRESIS O EXCISIÓN PARCIAL DE OTRO HUESO FACIAL",4,76,OPERACIONES SOBRE HUESOS Y ARTICULACIONES FACIALES,Q,,,,SI
764,76.4,EXCISIÓN Y RECONSTRUCCIÓN DE HUESOS FACIALES,3,76,OPERACIONES SOBRE HUESOS Y ARTICULACIONES FACIALES,,,,,NO
7641,76.41,MANDIBULECTOMÍA TOTAL CON RECONSTRUCCIÓN SIMULTÁNEA,4,76,OPERACIONES SOBRE HUESOS Y ARTICULACIONES FACIALES,Q,,,,SI
7642,76.42,OTRA MANDIBULECTOMÍA TOTAL,4,76,OPERACIONES SOBRE HUESOS Y ARTICULACIONES FACIALES,Q,,,,SI
7643,76.43,OTRA RECONSTRUCCIÓN DE MANDÍBULA,4,76,OPERACIONES SOBRE HUESOS Y ARTICULACIONES FACIALES,Q,,,,SI
7644,76.44,OSTECTOMÍA TOTAL DE OTRO HUESO FACIAL CON RECONSTRUCCIÓN SIMULTÁNEA,4,76,OPERACIONES SOBRE HUESOS Y ARTICULACIONES FACIALES,Q,,,,SI
7645,76.45,OTRA OSTECTOMÍA TOTAL DE OTRO HUESO FACIAL,4,76,OPERACIONES SOBRE HUESOS Y ARTICULACIONES FACIALES,Q,,,,SI
7646,76.46,OTRA RECONSTRUCCIÓN DE OTRO HUESO FACIAL,4,76,OPERACIONES SOBRE HUESOS Y ARTICULACIONES FACIALES,Q,,,,SI
765,76.5,ARTROPLASTIA TEMPOROMANDIBULAR,3,76,OPERACIONES SOBRE HUESOS Y ARTICULACIONES FACIALES,,,,,NO
765X,76.5X,ARTROPLASTIA TEMPOROMANDIBULAR,4,76,OPERACIONES SOBRE HUESOS Y ARTICULACIONES FACIALES,Q,,,,SI
766,76.6,OTRA REPARACIÓN DE HUESO FACIAL Y CIRUGÍA ORTOGNÁTICA,3,76,OPERACIONES SOBRE HUESOS Y ARTICULACIONES FACIALES,,,,,NO
7661,76.61,OSTEOPLASTIA CERRADA [OSTEOTOMÍA] DE RAMA MANDIBULAR,4,76,OPERACIONES SOBRE HUESOS Y ARTICULACIONES FACIALES,Q,,,,SI
7662,76.62,OSTEOPLASTIA ABIERTA [OSTEOTOMÍA] DE RAMA MANDIBULAR,4,76,OPERACIONES SOBRE HUESOS Y ARTICULACIONES FACIALES,Q,,,,SI
7663,76.63,OSTEOPLASTIA [OSTEOTOMÍA] DE CUERPO DE MANDÍBULA,4,76,OPERACIONES SOBRE HUESOS Y ARTICULACIONES FACIALES,Q,,,,SI
7664,76.64,OTRA CIRUGÍA ORTOGNÁTICA SOBRE MANDÍBULA,4,76,OPERACIONES SOBRE HUESOS Y ARTICULACIONES FACIALES,Q,,,,SI
7665,76.65,OSTEOPLASTIA [OSTEOTOMÍA] SEGMENTARIA DE MAXILAR,4,76,OPERACIONES SOBRE HUESOS Y ARTICULACIONES FACIALES,Q,,,,SI
7666,76.66,OSTEOPLASTIA TOTAL [OSTEOTOMÍA] DE MAXILIAR,4,76,OPERACIONES SOBRE HUESOS Y ARTICULACIONES FACIALES,Q,,,,SI
7667,76.67,GENIOPLASTIA DE REDUCCIÓN,4,76,OPERACIONES SOBRE HUESOS Y ARTICULACIONES FACIALES,Q,,,,SI
7668,76.68,GENIOPLASTIA DE AUMENTO,4,76,OPERACIONES SOBRE HUESOS Y ARTICULACIONES FACIALES,Q,,,,SI
7669,76.69,OTRA REPARACIÓN DE HUESO FACIAL,4,76,OPERACIONES SOBRE HUESOS Y ARTICULACIONES FACIALES,Q,,,,SI
767,76.7,REDUCCIÓN DE FRACTURA FACIAL,3,76,OPERACIONES SOBRE HUESOS Y ARTICULACIONES FACIALES,,,,,NO
7670,76.70,"REDUCCIÓN DE FRACTURA FACIAL, NO ESPECIFICADA DE OTRA MANERA",4,76,OPERACIONES SOBRE HUESOS Y ARTICULACIONES FACIALES,Q,,,,SI
7671,76.71,REDUCCIÓN CERRADA DE FRACTURA MALAR Y CIGOMÁTICA,4,76,OPERACIONES SOBRE HUESOS Y ARTICULACIONES FACIALES,Q,,,,SI
7672,76.72,REDUCCIÓN ABIERTA DE FRACTURA MALAR O CIGOMÁTICA,4,76,OPERACIONES SOBRE HUESOS Y ARTICULACIONES FACIALES,Q,,,,SI
7673,76.73,REDUCCIÓN CERRADA DE FRACTURA MAXILAR,4,76,OPERACIONES SOBRE HUESOS Y ARTICULACIONES FACIALES,Q,,,,SI
7674,76.74,REDUCCIÓN ABIERTA DE FRACTURA MAXILAR,4,76,OPERACIONES SOBRE HUESOS Y ARTICULACIONES FACIALES,Q,,,,SI
7675,76.75,REDUCCIÓN CERRADA DE FRACTURA MANDIBULAR,4,76,OPERACIONES SOBRE HUESOS Y ARTICULACIONES FACIALES,Q,,,,SI
7676,76.76,REDUCCIÓN ABIERTA DE FRACTURA MANDIBULAR,4,76,OPERACIONES SOBRE HUESOS Y ARTICULACIONES FACIALES,Q,,,,SI
7677,76.77,REDUCCIÓN ABIERTA DE FRACTURA ALVEOLAR,4,76,OPERACIONES SOBRE HUESOS Y ARTICULACIONES FACIALES,Q,,,,SI
7678,76.78,OTRA REDUCCIÓN CERRADA DE FRACTURA FACIAL,4,76,OPERACIONES SOBRE HUESOS Y ARTICULACIONES FACIALES,Q,,,,SI
7679,76.79,OTRA REDUCCIÓN ABIERTA DE FRACTURA FACIAL,4,76,OPERACIONES SOBRE HUESOS Y ARTICULACIONES FACIALES,Q,,,,SI
769,76.9,OTRAS OPERACIONES SOBRE HUESO Y ARTICULACIONES FACIALES,3,76,OPERACIONES SOBRE HUESOS Y ARTICULACIONES FACIALES,,,,,NO
7691,76.91,INJERTO ÓSEO A HUESO FACIAL,4,76,OPERACIONES SOBRE HUESOS Y ARTICULACIONES FACIALES,Q,,,,SI
7692,76.92,INSERCIÓN DE IMPLANTE SINTÉTICO EN HUESO FACIAL,4,76,OPERACIONES SOBRE HUESOS Y ARTICULACIONES FACIALES,Q,,,,SI
7693,76.93,REDUCCIÓN CERRADA DE LUXACIÓN TEMPOROMANDIBULAR,4,76,OPERACIONES SOBRE HUESOS Y ARTICULACIONES FACIALES,Q,,,,SI
7694,76.94,REDUCCIÓN ABIERTA DE DISLOCACIÓN TEMPOROMANDIBULAR,4,76,OPERACIONES SOBRE HUESOS Y ARTICULACIONES FACIALES,Q,,,,SI
7695,76.95,OTRA MANIPULACIÓN DE ARTICULACIÓN TEMPOROMANDIBULAR,4,76,OPERACIONES SOBRE HUESOS Y ARTICULACIONES FACIALES,Q,,,,SI
7696,76.96,INYECCIÓN DE SUSTANCIA TERAPÉUTICA EN ARTICULACIÓN TEMPOROMANDIBULAR,4,76,OPERACIONES SOBRE HUESOS Y ARTICULACIONES FACIALES,Q,,,,SI
7697,76.97,EXTRACCIÓN DE DISPOSITIVO DE FIJACIÓN INTERNA DE HUESO FACIAL,4,76,OPERACIONES SOBRE HUESOS Y ARTICULACIONES FACIALES,Q,,,,SI
7699,76.99,OTRAS OPERACIONES SOBRE HUESOS Y ARTICULACIONES FACIALES,4,76,OPERACIONES SOBRE HUESOS Y ARTICULACIONES FACIALES,Q,,,,SI
77,77,"INCISIÓN, EXCISIÓN Y DIVISIÓN DE OTROS HUESOS",2,77,"INCISIÓN, EXCISIÓN Y DIVISIÓN DE OTROS HUESOS",,,,,NO
770,77.0,SECUESTRECTOMÍA,3,77,"INCISIÓN, EXCISIÓN Y DIVISIÓN DE OTROS HUESOS",,,,,NO
7700,77.00,"SECUESTRECTOMÍA, SITIO NO ESPECIFICADO",4,77,"INCISIÓN, EXCISIÓN Y DIVISIÓN DE OTROS HUESOS",Q,,,,SI
7701,77.01,"SECUESTRECTOMÍA ESCÁPULA, CLAVÍCULA Y TÓRAX [COSTILLAS Y ESTERNÓN]",4,77,"INCISIÓN, EXCISIÓN Y DIVISIÓN DE OTROS HUESOS",Q,,,,SI
7702,77.02,SECUESTRECTOMÍA HÚMERO,4,77,"INCISIÓN, EXCISIÓN Y DIVISIÓN DE OTROS HUESOS",Q,,,,SI
7703,77.03,SECUESTRECTOMÍA RADIO Y CÚBITO,4,77,"INCISIÓN, EXCISIÓN Y DIVISIÓN DE OTROS HUESOS",Q,,,,SI
7704,77.04,SECUESTRECTOMÍA CARPIANOS Y METACARPIANOS,4,77,"INCISIÓN, EXCISIÓN Y DIVISIÓN DE OTROS HUESOS",Q,,,,SI
7705,77.05,SECUESTRECTOMÍA FÉMUR,4,77,"INCISIÓN, EXCISIÓN Y DIVISIÓN DE OTROS HUESOS",Q,,,,SI
7706,77.06,SECUESTRECTOMÍA RÓTULA,4,77,"INCISIÓN, EXCISIÓN Y DIVISIÓN DE OTROS HUESOS",Q,,,,SI
7707,77.07,SECUESTRECTOMÍA TIBIA Y PERONÉ,4,77,"INCISIÓN, EXCISIÓN Y DIVISIÓN DE OTROS HUESOS",Q,,,,SI
7708,77.08,SECUESTRECTOMÍA TARSIANOS Y METATARSIANOS,4,77,"INCISIÓN, EXCISIÓN Y DIVISIÓN DE OTROS HUESOS",Q,,,,SI
7709,77.09,"SECUESTRECTOMÍA, OTRO SITIO ESPECIFICADO",4,77,"INCISIÓN, EXCISIÓN Y DIVISIÓN DE OTROS HUESOS",Q,,,,SI
771,77.1,OTRA INCISIÓN DE HUESO SIN DIVISIÓN,3,77,"INCISIÓN, EXCISIÓN Y DIVISIÓN DE OTROS HUESOS",,,,,NO
7710,77.10,"OTRA INCISIÓN DE HUESO SIN DIVISIÓN, SITIO NO ESPECIFICADO",4,77,"INCISIÓN, EXCISIÓN Y DIVISIÓN DE OTROS HUESOS",Q,,,,SI
7711,77.11,"OTRA INCISIÓN DE HUESO SIN DIVISIÓN.ESCÁPULA, CLAVÍCULA Y TÓRAX [COSTILLAS Y ESTERNÓN]",4,77,"INCISIÓN, EXCISIÓN Y DIVISIÓN DE OTROS HUESOS",Q,,,,SI
7712,77.12,OTRA INCISIÓN DE HUESO SIN DIVISIÓN. HÚMERO,4,77,"INCISIÓN, EXCISIÓN Y DIVISIÓN DE OTROS HUESOS",Q,,,,SI
7713,77.13,OTRA INCISIÓN DE HUESO SIN DIVISIÓN. RADIO Y CÚBITO,4,77,"INCISIÓN, EXCISIÓN Y DIVISIÓN DE OTROS HUESOS",Q,,,,SI
7714,77.14,OTRA INCISIÓN DE HUESO SIN DIVISIÓN. CARPIANOS Y METACARPIANOS,4,77,"INCISIÓN, EXCISIÓN Y DIVISIÓN DE OTROS HUESOS",Q,,,,SI
7715,77.15,OTRA INCISIÓN DE HUESO SIN DIVISIÓN. FÉMUR,4,77,"INCISIÓN, EXCISIÓN Y DIVISIÓN DE OTROS HUESOS",Q,,,,SI
7716,77.16,OTRA INCISIÓN DE HUESO SIN DIVISIÓN. RÓTULA,4,77,"INCISIÓN, EXCISIÓN Y DIVISIÓN DE OTROS HUESOS",Q,,,,SI
7717,77.17,OTRA INCISIÓN DE HUESO SIN DIVISIÓN. TIBIA Y PERONÉ,4,77,"INCISIÓN, EXCISIÓN Y DIVISIÓN DE OTROS HUESOS",Q,,,,SI
7718,77.18,OTRA INCISIÓN DE HUESO SIN DIVISIÓN. TARSIANOS Y METATARSIANOS,4,77,"INCISIÓN, EXCISIÓN Y DIVISIÓN DE OTROS HUESOS",Q,,,,SI
7719,77.19,"OTRA INCISIÓN DE HUESO SIN DIVISIÓN, OTRO SITIO ESPECIFICADO",4,77,"INCISIÓN, EXCISIÓN Y DIVISIÓN DE OTROS HUESOS",Q,,,,SI
772,77.2,OSTEOTOMÍA EN CUÑA,3,77,"INCISIÓN, EXCISIÓN Y DIVISIÓN DE OTROS HUESOS",,,,,NO
7720,77.20,OSTEOTOMÍA EN CUÑA SITIO NO ESPECIFICADO,4,77,"INCISIÓN, EXCISIÓN Y DIVISIÓN DE OTROS HUESOS",Q,,,,SI
7721,77.21,"OSTEOTOMÍA EN CUÑA ESCÁPULA, CLAVÍCULA Y TÓRAX [COSTILLAS Y ESTERNÓN]",4,77,"INCISIÓN, EXCISIÓN Y DIVISIÓN DE OTROS HUESOS",Q,,,,SI
7722,77.22,"OSTEOTOMÍA EN CUÑA, HÚMERO",4,77,"INCISIÓN, EXCISIÓN Y DIVISIÓN DE OTROS HUESOS",Q,,,,SI
7723,77.23,"OSTEOTOMÍA EN CUÑA, RADIO Y CÚBITO",4,77,"INCISIÓN, EXCISIÓN Y DIVISIÓN DE OTROS HUESOS",Q,,,,SI
7724,77.24,"OSTEOTOMÍA EN CUÑA, CARPIANOS Y METACARPIANOS",4,77,"INCISIÓN, EXCISIÓN Y DIVISIÓN DE OTROS HUESOS",Q,,,,SI
7725,77.25,"OSTEOTOMÍA EN CUÑA, FÉMUR",4,77,"INCISIÓN, EXCISIÓN Y DIVISIÓN DE OTROS HUESOS",Q,,,,SI
7726,77.26,"OSTEOTOMÍA EN CUÑA, RÓTULA",4,77,"INCISIÓN, EXCISIÓN Y DIVISIÓN DE OTROS HUESOS",Q,,,,SI
7727,77.27,"OSTEOTOMÍA EN CUÑA, TIBIA Y PERONÉ",4,77,"INCISIÓN, EXCISIÓN Y DIVISIÓN DE OTROS HUESOS",Q,,,,SI
7728,77.28,"OSTEOTOMÍA EN CUÑA, TARSIANOS Y METATARSIANOS",4,77,"INCISIÓN, EXCISIÓN Y DIVISIÓN DE OTROS HUESOS",Q,,,,SI
7729,77.29,"OSTEOTOMÍA EN CUÑA, OTRO SITIO ESPECIFICADO",4,77,"INCISIÓN, EXCISIÓN Y DIVISIÓN DE OTROS HUESOS",Q,,,,SI
773,77.3,OTRA DIVISIÓN DE HUESO,3,77,"INCISIÓN, EXCISIÓN Y DIVISIÓN DE OTROS HUESOS",,,,,NO
7730,77.30,"OTRA DIVISIÓN DE HUESO, SITIO NO ESPECIFICADO",4,77,"INCISIÓN, EXCISIÓN Y DIVISIÓN DE OTROS HUESOS",Q,,,,SI
7731,77.31,"OTRA DIVISIÓN DE HUESO ESCÁPULA, CLAVÍCULA Y TÓRAX [COSTILLAS Y ESTERNÓN]",4,77,"INCISIÓN, EXCISIÓN Y DIVISIÓN DE OTROS HUESOS",Q,,,,SI
7732,77.32,"OTRA DIVISIÓN DE HUESO, HÚMERO",4,77,"INCISIÓN, EXCISIÓN Y DIVISIÓN DE OTROS HUESOS",Q,,,,SI
7733,77.33,"OTRA DIVISIÓN DE HUESO, RADIO Y CÚBITO",4,77,"INCISIÓN, EXCISIÓN Y DIVISIÓN DE OTROS HUESOS",Q,,,,SI
7734,77.34,"OTRA DIVISIÓN DE HUESO, CARPIANOS Y METARCAPIANOS",4,77,"INCISIÓN, EXCISIÓN Y DIVISIÓN DE OTROS HUESOS",Q,,,,SI
7735,77.35,"OTRA DIVISIÓN DE HUESO, FÉMUR",4,77,"INCISIÓN, EXCISIÓN Y DIVISIÓN DE OTROS HUESOS",Q,,,,SI
7736,77.36,"OTRA DIVISIÓN DE HUESO, RÓTULA",4,77,"INCISIÓN, EXCISIÓN Y DIVISIÓN DE OTROS HUESOS",Q,,,,SI
7737,77.37,"OTRA DIVISIÓN DE HUESO, TIBIA Y PERONÉ",4,77,"INCISIÓN, EXCISIÓN Y DIVISIÓN DE OTROS HUESOS",Q,,,,SI
7738,77.38,"OTRA DIVISIÓN DE HUESO, TARSIANOS Y METATARSIANOS",4,77,"INCISIÓN, EXCISIÓN Y DIVISIÓN DE OTROS HUESOS",Q,,,,SI
7739,77.39,"OTRA DIVISIÓN DE HUESO, OTRO SITIO ESPECIFICADO",4,77,"INCISIÓN, EXCISIÓN Y DIVISIÓN DE OTROS HUESOS",Q,,,,SI
774,77.4,BIOPSIA DE HUESO,3,77,"INCISIÓN, EXCISIÓN Y DIVISIÓN DE OTROS HUESOS",,,,,NO
7740,77.40,"BIOPSIA DE HUESO, SITIO NO ESPECIFICADO",4,77,"INCISIÓN, EXCISIÓN Y DIVISIÓN DE OTROS HUESOS",D,,,,SI
7741,77.41,"BIOPSIA DE HUESO, ESCÁPULA, CLAVÍCULA Y TÓRAX [COSTILLAS Y ESTERNÓN]",4,77,"INCISIÓN, EXCISIÓN Y DIVISIÓN DE OTROS HUESOS",D,,,,SI
7742,77.42,"BIOPSIA DE HUESO, HÚMERO",4,77,"INCISIÓN, EXCISIÓN Y DIVISIÓN DE OTROS HUESOS",D,,,,SI
7743,77.43,"BIOPSIA DE HUESO, RADIO Y CÚBITO",4,77,"INCISIÓN, EXCISIÓN Y DIVISIÓN DE OTROS HUESOS",D,,,,SI
7744,77.44,"BIOPSIA DE HUESO, CARPIANOS Y METACARPIANOS",4,77,"INCISIÓN, EXCISIÓN Y DIVISIÓN DE OTROS HUESOS",D,,,,SI
7745,77.45,"BIOPSIA DE HUES, FÉMUR",4,77,"INCISIÓN, EXCISIÓN Y DIVISIÓN DE OTROS HUESOS",D,,,,SI
7746,77.46,"BIOPSIA DE HUESO, RÓTULA",4,77,"INCISIÓN, EXCISIÓN Y DIVISIÓN DE OTROS HUESOS",D,,,,SI
7747,77.47,"BIOPSIA DE HUESO, TIBIA Y PERONÉ",4,77,"INCISIÓN, EXCISIÓN Y DIVISIÓN DE OTROS HUESOS",D,,,,SI
7748,77.48,"BIOPSIA DE HUESO, TARSIANOS Y METATARSIANOS",4,77,"INCISIÓN, EXCISIÓN Y DIVISIÓN DE OTROS HUESOS",D,,,,SI
7749,77.49,"BIOPSIA DE HUESO, OTRO SITIO ESPECIFICADO",4,77,"INCISIÓN, EXCISIÓN Y DIVISIÓN DE OTROS HUESOS",D,,,,SI
775,77.5,EXCISIÓN Y REPARACIÓN DE HALLUX VALGUS (JUANETE) Y DE OTRAS DEFORMACIONES DE LOS DEDOS DEL PIE,3,77,"INCISIÓN, EXCISIÓN Y DIVISIÓN DE OTROS HUESOS",,,,,NO
7751,77.51,BUNIONECTOMÍA CON CORRECCIÓN DE TEJIDO BLANDO Y OSTEOTOMÍA DEL PRIMER METATARSIANO,4,77,"INCISIÓN, EXCISIÓN Y DIVISIÓN DE OTROS HUESOS",Q,,,,SI
7752,77.52,BUNIONECTOMÍA CON CORRECCIÓN DE TEJIDO BLANDO Y ARTRODESIS,4,77,"INCISIÓN, EXCISIÓN Y DIVISIÓN DE OTROS HUESOS",Q,,,,SI
7753,77.53,OTRA BUNIONECTOMÍA CON CORRECCIÓN DE TEJIDO BLANDO,4,77,"INCISIÓN, EXCISIÓN Y DIVISIÓN DE OTROS HUESOS",Q,,,,SI
7754,77.54,EXCISIÓN O CORRECCIÓN DE HALLUX VALGUS,4,77,"INCISIÓN, EXCISIÓN Y DIVISIÓN DE OTROS HUESOS",Q,,,,SI
7756,77.56,REPARACIÓN DE DEDO DE PIE EN MARTILLO,4,77,"INCISIÓN, EXCISIÓN Y DIVISIÓN DE OTROS HUESOS",Q,,,,SI
7757,77.57,REPARACIÓN DE DEDO DE PIE EN GARRA,4,77,"INCISIÓN, EXCISIÓN Y DIVISIÓN DE OTROS HUESOS",Q,,,,SI
7758,77.58,"OTRA EXCISIÓN, FUSIÓN Y REPARACIÓN DE DEDOS DEL PIE",4,77,"INCISIÓN, EXCISIÓN Y DIVISIÓN DE OTROS HUESOS",Q,,,,SI
7759,77.59,OTRA BUNIONECTOMÍA,4,77,"INCISIÓN, EXCISIÓN Y DIVISIÓN DE OTROS HUESOS",Q,,,,SI
776,77.6,EXCISIÓN LOCAL DE LESIÓN O TEJIDO DE HUESO,3,77,"INCISIÓN, EXCISIÓN Y DIVISIÓN DE OTROS HUESOS",,,,,NO
7760,77.60,EXCISIÓN LOCAL DE LESIÓN O TEJIDO DE HUESO SITIO NO ESPECIFICADO,4,77,"INCISIÓN, EXCISIÓN Y DIVISIÓN DE OTROS HUESOS",Q,,,,SI
7761,77.61,"EXCISIÓN LOCAL DE LESIÓN O TEJIDO DE HUESO ESCÁPULA, CLAVÍCULA Y TÓRAX [COSTILLAS Y ESTERNÓN]",4,77,"INCISIÓN, EXCISIÓN Y DIVISIÓN DE OTROS HUESOS",Q,,,,SI
7762,77.62,EXCISIÓN LOCAL DE LESIÓN O TEJIDO DE HUESO HÚMERO,4,77,"INCISIÓN, EXCISIÓN Y DIVISIÓN DE OTROS HUESOS",Q,,,,SI
7763,77.63,EXCISIÓN LOCAL DE LESIÓN O TEJIDO DE HUESO RADIO Y CÚBITO,4,77,"INCISIÓN, EXCISIÓN Y DIVISIÓN DE OTROS HUESOS",Q,,,,SI
7764,77.64,EXCISIÓN LOCAL DE LESIÓN O TEJIDO DE HUESO CARPIANOS Y METACARPIANOS,4,77,"INCISIÓN, EXCISIÓN Y DIVISIÓN DE OTROS HUESOS",Q,,,,SI
7765,77.65,EXCISIÓN LOCAL DE LESIÓN O TEJIDO DE HUESO FÉMUR,4,77,"INCISIÓN, EXCISIÓN Y DIVISIÓN DE OTROS HUESOS",Q,,,,SI
7766,77.66,EXCISIÓN LOCAL DE LESIÓN O TEJIDO DE HUESO RÓTULA,4,77,"INCISIÓN, EXCISIÓN Y DIVISIÓN DE OTROS HUESOS",Q,,,,SI
7767,77.67,EXCISIÓN LOCAL DE LESIÓN O TEJIDO DE HUESO TIBIA Y PERONÉ,4,77,"INCISIÓN, EXCISIÓN Y DIVISIÓN DE OTROS HUESOS",Q,,,,SI
7768,77.68,EXCISIÓN LOCAL DE LESIÓN O TEJIDO DE HUESO TARSIANOS Y METATARSIANOS,4,77,"INCISIÓN, EXCISIÓN Y DIVISIÓN DE OTROS HUESOS",Q,,,,SI
7769,77.69,"EXCISIÓN LOCAL DE LESIÓN O TEJIDO DE HUESO, OTRO SITIO ESPECIFICADO",4,77,"INCISIÓN, EXCISIÓN Y DIVISIÓN DE OTROS HUESOS",Q,,,,SI
777,77.7,EXCISIÓN DE HUESO PARA INJERTO,3,77,"INCISIÓN, EXCISIÓN Y DIVISIÓN DE OTROS HUESOS",,,,,NO
7770,77.70,"EXCISIÓN DE HUESO PARA INJERTO, SITIO NO ESPECIFICADO",4,77,"INCISIÓN, EXCISIÓN Y DIVISIÓN DE OTROS HUESOS",Q,,,,SI
7771,77.71,"EXCISIÓN DE HUESO PARA INJERTO, ESCÁPULA, CLAVÍCULA Y TÓRAX [COSTILLAS Y ESTERNÓN]",4,77,"INCISIÓN, EXCISIÓN Y DIVISIÓN DE OTROS HUESOS",Q,,,,SI
7772,77.72,"EXCISIÓN DE HUESO PARA INJERTO, HÚMERO",4,77,"INCISIÓN, EXCISIÓN Y DIVISIÓN DE OTROS HUESOS",Q,,,,SI
7773,77.73,"EXCISIÓN DE HUESO PARA INJERTO, RADIO Y CÚBITO",4,77,"INCISIÓN, EXCISIÓN Y DIVISIÓN DE OTROS HUESOS",Q,,,,SI
7774,77.74,"EXCISIÓN DE HUESO PARA INJERTO, CARPIANOS Y METACARPIANOS",4,77,"INCISIÓN, EXCISIÓN Y DIVISIÓN DE OTROS HUESOS",Q,,,,SI
7775,77.75,"EXCISIÓN DE HUESO PARA INJERTO, FÉMUR",4,77,"INCISIÓN, EXCISIÓN Y DIVISIÓN DE OTROS HUESOS",Q,,,,SI
7776,77.76,"EXCISIÓN DE HUESO PARA INJERTO, RÓTULA",4,77,"INCISIÓN, EXCISIÓN Y DIVISIÓN DE OTROS HUESOS",Q,,,,SI
7777,77.77,"EXCISIÓN DE HUESO PARA INJERTO, TIBIA Y PERONÉ",4,77,"INCISIÓN, EXCISIÓN Y DIVISIÓN DE OTROS HUESOS",Q,,,,SI
7778,77.78,"EXCISIÓN DE HUESO PARA INJERTO, TARSIANOS Y METATARSIANOS",4,77,"INCISIÓN, EXCISIÓN Y DIVISIÓN DE OTROS HUESOS",Q,,,,SI
7779,77.79,"EXCISIÓN DE HUESO PARA INJERTO, OTRO SITIO ESPECIFICADO",4,77,"INCISIÓN, EXCISIÓN Y DIVISIÓN DE OTROS HUESOS",Q,,,,SI
778,77.8,OTRA OSTECTOMÍA PARCIAL,3,77,"INCISIÓN, EXCISIÓN Y DIVISIÓN DE OTROS HUESOS",,,,,NO
7780,77.80,"OTRA OSTECTOMÍA, EXÉRESIS O EXCISIÓN ÓSEA PARCIAL, SITIO NO ESPECIFICADO",4,77,"INCISIÓN, EXCISIÓN Y DIVISIÓN DE OTROS HUESOS",Q,,,,SI
7781,77.81,"OTRA OSTECTOMÍA, EXÉRESIS O EXCISIÓN ÓSEA PARCIAL ESCÁPULA, CLAVÍCULA Y TÓRAX [COSTILLAS Y ESTERNÓN]",4,77,"INCISIÓN, EXCISIÓN Y DIVISIÓN DE OTROS HUESOS",Q,,,,SI
7782,77.82,"OTRA OSTECTOMÍA, EXÉRESIS O EXCISIÓN ÓSEA PARCIAL, HÚMERO",4,77,"INCISIÓN, EXCISIÓN Y DIVISIÓN DE OTROS HUESOS",Q,,,,SI
7783,77.83,"OTRA OSTECTOMÍA, EXÉRESIS O EXCISIÓN ÓSEA PARCIAL, RADIO Y CÚBITO",4,77,"INCISIÓN, EXCISIÓN Y DIVISIÓN DE OTROS HUESOS",Q,,,,SI
7784,77.84,"OTRA OSTECTOMÍA, EXÉRESIS O EXCISIÓN ÓSEA PARCIAL, CARPIANOS Y METACARPIANOS",4,77,"INCISIÓN, EXCISIÓN Y DIVISIÓN DE OTROS HUESOS",Q,,,,SI
7785,77.85,"OTRA OSTECTOMÍA, EXÉRESIS O EXCISIÓN ÓSEA PARCIAL, FÉMUR",4,77,"INCISIÓN, EXCISIÓN Y DIVISIÓN DE OTROS HUESOS",Q,,,,SI
7786,77.86,"OTRA OSTECTOMÍA, EXÉRESIS O EXCISIÓN ÓSEA PARCIAL, RÓTULA",4,77,"INCISIÓN, EXCISIÓN Y DIVISIÓN DE OTROS HUESOS",Q,,,,SI
7787,77.87,"OTRA OSTECTOMÍA, EXÉRESIS O EXCISIÓN ÓSEA PARCIAL, TIBIA Y PERONÉ",4,77,"INCISIÓN, EXCISIÓN Y DIVISIÓN DE OTROS HUESOS",Q,,,,SI
7788,77.88,"OTRA OSTECTOMÍA, EXÉRESIS O EXCISIÓN ÓSEA PARCIAL, TARSIANOS Y METATARSIANOS",4,77,"INCISIÓN, EXCISIÓN Y DIVISIÓN DE OTROS HUESOS",Q,,,,SI
7789,77.89,"OTRA OSTECTOMÍA, EXÉRESIS O EXCISIÓN ÓSEA PARCIAL, OTRO SITIO ESPECIFICADO",4,77,"INCISIÓN, EXCISIÓN Y DIVISIÓN DE OTROS HUESOS",Q,,,,SI
779,77.9,EXÉRESIS O EXCISIÓN ÓSEA TOTAL,3,77,"INCISIÓN, EXCISIÓN Y DIVISIÓN DE OTROS HUESOS",,,,,NO
7790,77.90,"EXÉRESIS O EXCISIÓN ÓSEA TOTAL, SITIO NO ESPECIFICADO",4,77,"INCISIÓN, EXCISIÓN Y DIVISIÓN DE OTROS HUESOS",Q,,,,SI
7791,77.91,"EXÉRESIS O EXCISIÓN ÓSEA TOTAL, ESCÁPULA, CLAVÍCULA Y TÓRAX [COSTILLAS Y ESTERNÓN]",4,77,"INCISIÓN, EXCISIÓN Y DIVISIÓN DE OTROS HUESOS",Q,,,,SI
7792,77.92,"EXÉRESIS O EXCISIÓN ÓSEA TOTAL, HÚMERO",4,77,"INCISIÓN, EXCISIÓN Y DIVISIÓN DE OTROS HUESOS",Q,,,,SI
7793,77.93,"EXÉRESIS O EXCISIÓN ÓSEA TOTAL, RADIO Y CÚBITO",4,77,"INCISIÓN, EXCISIÓN Y DIVISIÓN DE OTROS HUESOS",Q,,,,SI
7794,77.94,"EXÉRESIS O EXCISIÓN ÓSEA TOTAL, CARPIANOS Y METACARPIANOS",4,77,"INCISIÓN, EXCISIÓN Y DIVISIÓN DE OTROS HUESOS",Q,,,,SI
7795,77.95,"EXÉRESIS O EXCISIÓN ÓSEA TOTAL, FÉMUR",4,77,"INCISIÓN, EXCISIÓN Y DIVISIÓN DE OTROS HUESOS",Q,,,,SI
7796,77.96,"EXÉRESIS O EXCISIÓN ÓSEA TOTAL, RÓTULA",4,77,"INCISIÓN, EXCISIÓN Y DIVISIÓN DE OTROS HUESOS",Q,,,,SI
7797,77.97,"EXÉRESIS O EXCISIÓN ÓSEA TOTAL, TIBIA Y PERONÉ",4,77,"INCISIÓN, EXCISIÓN Y DIVISIÓN DE OTROS HUESOS",Q,,,,SI
7798,77.98,"EXÉRESIS O EXCISIÓN ÓSEA TOTAL, TARSIANOS Y METATARSIANOS",4,77,"INCISIÓN, EXCISIÓN Y DIVISIÓN DE OTROS HUESOS",Q,,,,SI
7799,77.99,"EXÉRESIS O EXCISIÓN ÓSEA TOTAL, OTRO SITIO ESPECIFICADO",4,77,"INCISIÓN, EXCISIÓN Y DIVISIÓN DE OTROS HUESOS",Q,,,,SI
78,78,"OTRAS OPERACIONES DE HUESOS, SALVO HUESOS FACIALES",2,78,"OTRAS OPERACIONES DE HUESOS, SALVO HUESOS FACIALES",,,,,NO
780,78.0,INJERTO DE HUESO,3,78,"OTRAS OPERACIONES DE HUESOS, SALVO HUESOS FACIALES",,,,,NO
7800,78.00,"INJERTO DE HUESO, SITIO NO ESPECIFICADO",4,78,"OTRAS OPERACIONES DE HUESOS, SALVO HUESOS FACIALES",Q,,,,SI
7801,78.01,"INJERTO DE HUESO, SSCÁPULA, CLAVÍCULA Y TÓRAX [COSTILLAS Y ESTERNÓN]",4,78,"OTRAS OPERACIONES DE HUESOS, SALVO HUESOS FACIALES",Q,,,,SI
7802,78.02,"INJERTO DE HUESO, HÚMERO",4,78,"OTRAS OPERACIONES DE HUESOS, SALVO HUESOS FACIALES",Q,,,,SI
7803,78.03,INJERTO DE HUESO RADIO Y CÚBITO,4,78,"OTRAS OPERACIONES DE HUESOS, SALVO HUESOS FACIALES",Q,,,,SI
7804,78.04,"INJERTO DE HUESO, CARPIANOS Y METACARPIANOS",4,78,"OTRAS OPERACIONES DE HUESOS, SALVO HUESOS FACIALES",Q,,,,SI
7805,78.05,"INJERTO DE HUESO, FÉMUR",4,78,"OTRAS OPERACIONES DE HUESOS, SALVO HUESOS FACIALES",Q,,,,SI
7806,78.06,"INJERTO DE HUESO, RÓTULA",4,78,"OTRAS OPERACIONES DE HUESOS, SALVO HUESOS FACIALES",Q,,,,SI
7807,78.07,"INJERTO DE HUESO, TIBIA Y PERONÉ",4,78,"OTRAS OPERACIONES DE HUESOS, SALVO HUESOS FACIALES",Q,,,,SI
7808,78.08,"INJERTO DE HUESO, TARSIANOS Y METATARSIANOS",4,78,"OTRAS OPERACIONES DE HUESOS, SALVO HUESOS FACIALES",Q,,,,SI
7809,78.09,"INJERTO DE HUESO, OTRO SITIO ESPECIFICADO",4,78,"OTRAS OPERACIONES DE HUESOS, SALVO HUESOS FACIALES",Q,,,,SI
781,78.1,APLICACIÓN DE DISPOSITIVO FIJADOR EXTERNO,3,78,"OTRAS OPERACIONES DE HUESOS, SALVO HUESOS FACIALES",,,,,NO
7810,78.10,APLICACIÓN DE DISPOSITIVO FIJADOR EXTERNO SITIO NO ESPECIFICADO,4,78,"OTRAS OPERACIONES DE HUESOS, SALVO HUESOS FACIALES",Q,,,,SI
7811,78.11,"APLICACIÓN DE DISPOSITIVO FIJADOR EXTERNO ESCÁPULA, CLAVÍCULA Y TÓRAX [COSTILLAS Y ESTERNÓN]",4,78,"OTRAS OPERACIONES DE HUESOS, SALVO HUESOS FACIALES",Q,,,,SI
7812,78.12,APLICACIÓN DE DISPOSITIVO FIJADOR EXTERNO HÚMERO,4,78,"OTRAS OPERACIONES DE HUESOS, SALVO HUESOS FACIALES",Q,,,,SI
7813,78.13,APLICACIÓN DE DISPOSITIVO FIJADOR EXTERNO RADIO Y CÚBITO,4,78,"OTRAS OPERACIONES DE HUESOS, SALVO HUESOS FACIALES",Q,,,,SI
7814,78.14,APLICACIÓN DE DISPOSITIVO FIJADOR EXTERNO CARPIANOS Y METACARPIANOS,4,78,"OTRAS OPERACIONES DE HUESOS, SALVO HUESOS FACIALES",Q,,,,SI
7815,78.15,APLICACIÓN DE DISPOSITIVO FIJADOR EXTERNO FÉMUR,4,78,"OTRAS OPERACIONES DE HUESOS, SALVO HUESOS FACIALES",Q,,,,SI
7816,78.16,APLICACIÓN DE DISPOSITIVO FIJADOR EXTERNO RÓTULA,4,78,"OTRAS OPERACIONES DE HUESOS, SALVO HUESOS FACIALES",Q,,,,SI
7817,78.17,APLICACIÓN DE DISPOSITIVO FIJADOR EXTERNO TIBIA Y PERONÉ,4,78,"OTRAS OPERACIONES DE HUESOS, SALVO HUESOS FACIALES",Q,,,,SI
7818,78.18,APLICACIÓN DE DISPOSITIVO FIJADOR EXTERNO TARSIANOS Y METATARSIANOS,4,78,"OTRAS OPERACIONES DE HUESOS, SALVO HUESOS FACIALES",Q,,,,SI
7819,78.19,"APLICACIÓN DE DISPOSITIVO FIJADOR EXTERNO, OTRO SITIO ESPECIFICADO",4,78,"OTRAS OPERACIONES DE HUESOS, SALVO HUESOS FACIALES",Q,,,,SI
782,78.2,PROCEDIMIENTOS DE ACORTAMIENTO DE EXTREMIDADES,3,78,"OTRAS OPERACIONES DE HUESOS, SALVO HUESOS FACIALES",,,,,NO
7820,78.20,PROCEDIMIENTOS DE ACORTAMIENTO DE EXTREMIDADES SITIO NO ESPECIFICADO,4,78,"OTRAS OPERACIONES DE HUESOS, SALVO HUESOS FACIALES",Q,,,,SI
7822,78.22,PROCEDIMIENTOS DE ACORTAMIENTO DE EXTREMIDADES HÚMERO,4,78,"OTRAS OPERACIONES DE HUESOS, SALVO HUESOS FACIALES",Q,,,,SI
7823,78.23,PROCEDIMIENTOS DE ACORTAMIENTO DE EXTREMIDADES RADIO Y CÚBITO,4,78,"OTRAS OPERACIONES DE HUESOS, SALVO HUESOS FACIALES",Q,,,,SI
7824,78.24,PROCEDIMIENTOS DE ACORTAMIENTO DE EXTREMIDADES CARPIANOS Y METACARPIANOS,4,78,"OTRAS OPERACIONES DE HUESOS, SALVO HUESOS FACIALES",Q,,,,SI
7825,78.25,PROCEDIMIENTOS DE ACORTAMIENTO DE EXTREMIDADES FÉMUR,4,78,"OTRAS OPERACIONES DE HUESOS, SALVO HUESOS FACIALES",Q,,,,SI
7827,78.27,PROCEDIMIENTOS DE ACORTAMIENTO DE EXTREMIDADES TIBIA Y PERONÉ,4,78,"OTRAS OPERACIONES DE HUESOS, SALVO HUESOS FACIALES",Q,,,,SI
7828,78.28,PROCEDIMIENTOS DE ACORTAMIENTO DE EXTREMIDADES TARSIANOS Y METATARSIANOS,4,78,"OTRAS OPERACIONES DE HUESOS, SALVO HUESOS FACIALES",Q,,,,SI
7829,78.29,"PROCEDIMIENTOS DE ACORTAMIENTO DE EXTREMIDADES, OTROS SITIOS ESPECIFICADOS",4,78,"OTRAS OPERACIONES DE HUESOS, SALVO HUESOS FACIALES",Q,,,,SI
783,78.3,PROCEDIMIENTO DE ALARGAMIENTO DE EXTREMIDADES,3,78,"OTRAS OPERACIONES DE HUESOS, SALVO HUESOS FACIALES",,,,,NO
7830,78.30,"PROCEDIMIENTO DE ALARGAMIENTO DE EXTREMIDADES, SITIO NO ESPECIFICADO",4,78,"OTRAS OPERACIONES DE HUESOS, SALVO HUESOS FACIALES",Q,,,,SI
7832,78.32,"PROCEDIMIENTO DE ALARGAMIENTO DE EXTREMIDADES, HÚMERO",4,78,"OTRAS OPERACIONES DE HUESOS, SALVO HUESOS FACIALES",Q,,,,SI
7833,78.33,PROCEDIMIENTO DE ALARGAMIENTO DE EXTREMIDADES RADIO Y CÚBITO,4,78,"OTRAS OPERACIONES DE HUESOS, SALVO HUESOS FACIALES",Q,,,,SI
7834,78.34,PROCEDIMIENTOS DE ALARGAMIENTO DE EXTREMIDADES CARPIANOS Y METACARPIANOS,4,78,"OTRAS OPERACIONES DE HUESOS, SALVO HUESOS FACIALES",Q,,,,SI
7835,78.35,"PROCEDIMIENTO DE ALARGAMIENTO DE EXTREMIDADES, FÉMUR",4,78,"OTRAS OPERACIONES DE HUESOS, SALVO HUESOS FACIALES",Q,,,,SI
7837,78.37,"PROCEDIMIENTO DE ALARGAMIENTO DE EXTREMIDADES, TIBIA Y PERONÉ",4,78,"OTRAS OPERACIONES DE HUESOS, SALVO HUESOS FACIALES",Q,,,,SI
7838,78.38,PROCEDIMIENTO DE ALARGAMIENTO DE EXTREMIDADES TARSIANOS Y METATARSIANOS,4,78,"OTRAS OPERACIONES DE HUESOS, SALVO HUESOS FACIALES",Q,,,,SI
7839,78.39,"PROCEDIMIENTO DE ALARGAMIENTO DE EXTREMIDADES, OTROS SITIOS ESPECIFICADOS",4,78,"OTRAS OPERACIONES DE HUESOS, SALVO HUESOS FACIALES",Q,,,,SI
784,78.4,OTRA REPARACIÓN U OPERACIONES PLÁSTICAS EN EL HUESO,3,78,"OTRAS OPERACIONES DE HUESOS, SALVO HUESOS FACIALES",,,,,NO
7840,78.40,"OTRA REPARACIÓN U OPERACIONES PLÁSTICAS EN EL HUESO, SITIO NO ESPECIFICADO",4,78,"OTRAS OPERACIONES DE HUESOS, SALVO HUESOS FACIALES",Q,,,,SI
7841,78.41,"OTRA REPARACIÓN U OPERACIONES PLÁSTICAS EN EL HUESO, ESCÁPULA, CLAVÍCULA Y TÓRAX [COSTILLAS Y ESTERNÓN]",4,78,"OTRAS OPERACIONES DE HUESOS, SALVO HUESOS FACIALES",Q,,,,SI
7842,78.42,"OTRA REPARACIÓN U OPERACIONES PLÁSTICAS EN EL HUESO, HÚMERO",4,78,"OTRAS OPERACIONES DE HUESOS, SALVO HUESOS FACIALES",Q,,,,SI
7843,78.43,"OTRA REPARACIÓN U OPERACIONES PLÁSTICAS EN EL HUESO, RADIO Y CÚBITO",4,78,"OTRAS OPERACIONES DE HUESOS, SALVO HUESOS FACIALES",Q,,,,SI
7844,78.44,OTRA REPARACIÓN U OPERACIONES PLÁSTICAS EN EL HUESO. CARPIANOS Y METACARPIANOS,4,78,"OTRAS OPERACIONES DE HUESOS, SALVO HUESOS FACIALES",Q,,,,SI
7845,78.45,"OTRA REPARACIÓN U OPERACIONES PLÁSTICAS EN EL HUESO, FÉMUR",4,78,"OTRAS OPERACIONES DE HUESOS, SALVO HUESOS FACIALES",Q,,,,SI
7846,78.46,"OTRA REPARACIÓN U OPERACIONES PLÁSTICAS EN EL HUESO, RÓTULA",4,78,"OTRAS OPERACIONES DE HUESOS, SALVO HUESOS FACIALES",Q,,,,SI
7847,78.47,"OTRA REPARACIÓN U OPERACIONES PLÁSTICAS EN EL HUESO, TIBIA Y PERONÉ",4,78,"OTRAS OPERACIONES DE HUESOS, SALVO HUESOS FACIALES",Q,,,,SI
7848,78.48,"OTRA REPARACIÓN U OPERACIONES PLÁSTICAS EN EL HUESO, TARSIANOS Y METATARSIANOS",4,78,"OTRAS OPERACIONES DE HUESOS, SALVO HUESOS FACIALES",Q,,,,SI
7849,78.49,"OTRA REPARACIÓN U OPERACIONES PLÁSTICAS EN EL HUESO, OTROS SITIOS ESPECIFICADOS",4,78,"OTRAS OPERACIONES DE HUESOS, SALVO HUESOS FACIALES",Q,,,,SI
785,78.5,FIJACIÓN INTERNA DE HUESO SIN REDUCCIÓN DE FRACTURA,3,78,"OTRAS OPERACIONES DE HUESOS, SALVO HUESOS FACIALES",,,,,NO
7850,78.50,"FIJACIÓN INTERNA DE HUESO SIN REDUCCIÓN DE FRACTURA, SITIO NO ESPECIFICADO",4,78,"OTRAS OPERACIONES DE HUESOS, SALVO HUESOS FACIALES",Q,,,,SI
7851,78.51,"FIJACIÓN INTERNA DE HUESO SIN REDUCCIÓN DE FRACTURA, ESCÁPULA, CLAVÍCULA Y TÓRAX [COSTILLAS Y ESTERNÓN]",4,78,"OTRAS OPERACIONES DE HUESOS, SALVO HUESOS FACIALES",Q,,,,SI
7852,78.52,"FIJACIÓN INTERNA DE HUESO SIN REDUCCIÓN DE FRACTURA, HÚMERO",4,78,"OTRAS OPERACIONES DE HUESOS, SALVO HUESOS FACIALES",Q,,,,SI
7853,78.53,"FIJACIÓN INTERNA DE HUESO SIN REDUCCIÓN DE FRACTURA, RADIO Y CÚBITO",4,78,"OTRAS OPERACIONES DE HUESOS, SALVO HUESOS FACIALES",Q,,,,SI
7854,78.54,"FIJACIÓN INTERNA DE HUESO SIN REDUCCIÓN DE FRACTURA, CARPIANOS Y METACARPIANOS",4,78,"OTRAS OPERACIONES DE HUESOS, SALVO HUESOS FACIALES",Q,,,,SI
7855,78.55,"FIJACIÓN INTERNA DE HUESO SIN REDUCCIÓN DE FRACTURA, FÉMUR",4,78,"OTRAS OPERACIONES DE HUESOS, SALVO HUESOS FACIALES",Q,,,,SI
7856,78.56,"FIJACIÓN INTERNA DE HUESO SIN REDUCCIÓN DE FRACTURA, RÓTULA",4,78,"OTRAS OPERACIONES DE HUESOS, SALVO HUESOS FACIALES",Q,,,,SI
7857,78.57,"FIJACIÓN INTERNA DE HUESO SIN REDUCCIÓN DE FRACTURA, TIBIA Y PERONÉ",4,78,"OTRAS OPERACIONES DE HUESOS, SALVO HUESOS FACIALES",Q,,,,SI
7858,78.58,"FIJACIÓN INTERNA DE HUESO SIN REDUCCIÓN DE FRACTURA, TARSIANOS Y METATARSIANOS",4,78,"OTRAS OPERACIONES DE HUESOS, SALVO HUESOS FACIALES",Q,,,,SI
7859,78.59,"FIJACIÓN INTERNA DE HUESO SIN REDUCCIÓN DE FRACTURA, OTROS SITIOS ESPECIFICADOS",4,78,"OTRAS OPERACIONES DE HUESOS, SALVO HUESOS FACIALES",Q,,,,SI
786,78.6,EXTRACCIÓN DE DISPOSITIVOS IMPLANTADOS EN EL HUESO,3,78,"OTRAS OPERACIONES DE HUESOS, SALVO HUESOS FACIALES",,,,,NO
7860,78.60,"EXTRACCIÓN DE DISPOSITIVOS IMPLANTADOS EN EL HUESO, SITIO NO ESPECIFICADO",4,78,"OTRAS OPERACIONES DE HUESOS, SALVO HUESOS FACIALES",Q,,,,SI
7861,78.61,"EXTRACCIÓN DE DISPOSITIVOS IMPLANTADOS EN EL HUESO, ESCÁPULA, CLAVÍCULA Y TÓRAX [COSTILLAS Y ESTERNÓN]",4,78,"OTRAS OPERACIONES DE HUESOS, SALVO HUESOS FACIALES",Q,,,,SI
7862,78.62,"EXTRACCIÓN DE DISPOSITIVOS IMPLANTADOS EN EL HUESO, HÚMERO",4,78,"OTRAS OPERACIONES DE HUESOS, SALVO HUESOS FACIALES",Q,,,,SI
7863,78.63,"EXTRACCIÓN DE DISPOSITIVOS IMPLANTADOS EN EL HUESO, RADIO Y CÚBITO",4,78,"OTRAS OPERACIONES DE HUESOS, SALVO HUESOS FACIALES",Q,,,,SI
7864,78.64,"EXTRACCIÓN DE DISPOSITIVOS IMPLANTADOS EN EL HUESO, CARPIANOS Y METACARPIANOS",4,78,"OTRAS OPERACIONES DE HUESOS, SALVO HUESOS FACIALES",Q,,,,SI
7865,78.65,"EXTRACCIÓN DE DISPOSITIVOS IMPLANTADOS EN EL HUESO, FÉMUR",4,78,"OTRAS OPERACIONES DE HUESOS, SALVO HUESOS FACIALES",Q,,,,SI
7866,78.66,"EXTRACCIÓN DE DISPOSITIVOS IMPLANTADOS EN EL HUESO, RÓTULA",4,78,"OTRAS OPERACIONES DE HUESOS, SALVO HUESOS FACIALES",Q,,,,SI
7867,78.67,"EXTRACCIÓN DE DISPOSITIVOS IMPLANTADOS EN EL HUESO, TIBIA Y PERONÉ",4,78,"OTRAS OPERACIONES DE HUESOS, SALVO HUESOS FACIALES",Q,,,,SI
7868,78.68,"EXTRACCIÓN DE DISPOSITIVOS IMPLANTADOS EN EL HUESO, TARSIANOS Y METATARSIANOS",4,78,"OTRAS OPERACIONES DE HUESOS, SALVO HUESOS FACIALES",Q,,,,SI
7869,78.69,"EXTRACCIÓN DE DISPOSITIVOS IMPLANTADOS EN EL HUESO, OTROS SITIOS ESPECIFICADOS",4,78,"OTRAS OPERACIONES DE HUESOS, SALVO HUESOS FACIALES",Q,,,,SI
787,78.7,OSTEOCLASIA,3,78,"OTRAS OPERACIONES DE HUESOS, SALVO HUESOS FACIALES",,,,,NO
7870,78.70,"OSTEOCLASIA, SITIO NO ESPECIFICADO",4,78,"OTRAS OPERACIONES DE HUESOS, SALVO HUESOS FACIALES",Q,,,,SI
7871,78.71,"OSTEOCLASIA. ESCÁPULA, CLAVÍCULA Y TÓRAX [COSTILLAS Y ESTERNÓN]",4,78,"OTRAS OPERACIONES DE HUESOS, SALVO HUESOS FACIALES",Q,,,,SI
7872,78.72,"OSTEOCLASIA, HÚMERO",4,78,"OTRAS OPERACIONES DE HUESOS, SALVO HUESOS FACIALES",Q,,,,SI
7873,78.73,OSTEOCLASIA. RADIO Y CÚBITO,4,78,"OTRAS OPERACIONES DE HUESOS, SALVO HUESOS FACIALES",Q,,,,SI
7874,78.74,OSTEOCLASIA. CARPIANOS Y METACARPIANOS,4,78,"OTRAS OPERACIONES DE HUESOS, SALVO HUESOS FACIALES",Q,,,,SI
7875,78.75,OSTEOCLASIA. FÉMUR,4,78,"OTRAS OPERACIONES DE HUESOS, SALVO HUESOS FACIALES",Q,,,,SI
7876,78.76,OSTEOCLASIA. RÓTULA,4,78,"OTRAS OPERACIONES DE HUESOS, SALVO HUESOS FACIALES",Q,,,,SI
7877,78.77,OSTEOCLASIA. TIBIA Y PERONÉ,4,78,"OTRAS OPERACIONES DE HUESOS, SALVO HUESOS FACIALES",Q,,,,SI
7878,78.78,OSTEOCLASIA. TARSIANOS Y METATARSIANOS,4,78,"OTRAS OPERACIONES DE HUESOS, SALVO HUESOS FACIALES",Q,,,,SI
7879,78.79,"OSTEOCLASIA, OTROS SITIOS ESPECIFICADOS",4,78,"OTRAS OPERACIONES DE HUESOS, SALVO HUESOS FACIALES",Q,,,,SI
788,78.8,"PROCEDIMIENTOS DIAGNÓSTICOS SOBRE HUESO, NO CLASIFICADOS EN OTRA PARTE",3,78,"OTRAS OPERACIONES DE HUESOS, SALVO HUESOS FACIALES",,,,,NO
7880,78.80,"PROCEDIMIENTOS DIAGNÓSTICOS SOBRE HUESO, NO CLASIFICADOS EN OTRA PARTE. SITIO NO ESPECIFICADO",4,78,"OTRAS OPERACIONES DE HUESOS, SALVO HUESOS FACIALES",D,,,,SI
7881,78.81,"PROCEDIMIENTOS DIAGNÓSTICOS SOBRE HUESO, NO CLASIFICADOS EN OTRA PARTE ESCÁPULA, CLAVÍCULA Y TÓRAX [COSTILLAS Y ESTERNÓN]",4,78,"OTRAS OPERACIONES DE HUESOS, SALVO HUESOS FACIALES",D,,,,SI
7882,78.82,"PROCEDIMIENTOS DIAGNÓSTICOS SOBRE HUESO, NO CLASIFICADOS EN OTRA PARTE, HÚMERO",4,78,"OTRAS OPERACIONES DE HUESOS, SALVO HUESOS FACIALES",D,,,,SI
7883,78.83,"PROCEDIMIENTOS DIAGNÓSTICOS SOBRE HUESO, NO CLASIFICADOS EN OTRA PARTE, RADIO Y CÚBITO",4,78,"OTRAS OPERACIONES DE HUESOS, SALVO HUESOS FACIALES",D,,,,SI
7884,78.84,"PROCEDIMIENTOS DIAGNÓSTICOS SOBRE HUESO, NO CLASIFICADOS EN OTRA PARTE, CARPIANOS Y METACARPIANOS",4,78,"OTRAS OPERACIONES DE HUESOS, SALVO HUESOS FACIALES",D,,,,SI
7885,78.85,"PROCEDIMIENTOS DIAGNÓSTICOS SOBRE HUESO, NO CLASIFICADOS EN OTRA PARTE. FÉMUR",4,78,"OTRAS OPERACIONES DE HUESOS, SALVO HUESOS FACIALES",D,,,,SI
7886,78.86,"PROCEDIMIENTOS DIAGNÓSTICOS SOBRE HUESO, NO CLASIFICADOS EN OTRA PARTE. RÓTULA",4,78,"OTRAS OPERACIONES DE HUESOS, SALVO HUESOS FACIALES",D,,,,SI
7887,78.87,"PROCEDIMIENTOS DIAGNÓSTICOS SOBRE HUESO, NO CLASIFICADOS EN OTRA PARTE, TIBIA Y PERONÉ",4,78,"OTRAS OPERACIONES DE HUESOS, SALVO HUESOS FACIALES",D,,,,SI
7888,78.88,"PROCEDIMIENTOS DIAGNÓSTICOS SOBRE HUESO, NO CLASIFICADOS EN OTRA PARTE, TARSIANOS Y METATARSIANOS",4,78,"OTRAS OPERACIONES DE HUESOS, SALVO HUESOS FACIALES",D,,,,SI
7889,78.89,"PROCEDIMIENTOS DIAGNÓSTICOS SOBRE HUESO, NO CLASIFICADOS EN OTRA PARTE, OTROS SITIOS ESPECIFICADOS",4,78,"OTRAS OPERACIONES DE HUESOS, SALVO HUESOS FACIALES",D,,,,SI
789,78.9,INSERCIÓN DE ESTIMULADOR DEL CRECIMIENTO ÓSEO,3,78,"OTRAS OPERACIONES DE HUESOS, SALVO HUESOS FACIALES",,,,,NO
7890,78.90,INSERCIÓN DE ESTIMULADOR DEL CRECIMIENTO ÓSEO. SITIO NO ESPECIFICADO,4,78,"OTRAS OPERACIONES DE HUESOS, SALVO HUESOS FACIALES",Q,,,,SI
7891,78.91,"INSERCIÓN DE ESTIMULADOR DEL CRECIMIENTO ÓSEO. ESCÁPULA, CLAVÍCULA Y TÓRAX [COSTILLAS Y ESTERNÓN]",4,78,"OTRAS OPERACIONES DE HUESOS, SALVO HUESOS FACIALES",Q,,,,SI
7892,78.92,INSERCIÓN DE ESTIMULADOR DEL CRECIMIENTO ÓSEO. HÚMERO,4,78,"OTRAS OPERACIONES DE HUESOS, SALVO HUESOS FACIALES",Q,,,,SI
7893,78.93,INSERCIÓN DE ESTIMULADOR DEL CRECIMIENTO ÓSEO. RADIO Y CÚBITO,4,78,"OTRAS OPERACIONES DE HUESOS, SALVO HUESOS FACIALES",Q,,,,SI
7894,78.94,INSERCIÓN DE ESTIMULADOR DEL CRECIMIENTO ÓSEO. CARPIANOS Y METACARPIANOS,4,78,"OTRAS OPERACIONES DE HUESOS, SALVO HUESOS FACIALES",Q,,,,SI
7895,78.95,INSERCIÓN DE ESTIMULADOR DEL CRECIMIENTO ÓSEO. FÉMUR,4,78,"OTRAS OPERACIONES DE HUESOS, SALVO HUESOS FACIALES",Q,,,,SI
7896,78.96,INSERCIÓN DE ESTIMULADOR DEL CRECIMIENTO ÓSEO. RÓTULA,4,78,"OTRAS OPERACIONES DE HUESOS, SALVO HUESOS FACIALES",Q,,,,SI
7897,78.97,INSERCIÓN DE ESTIMULADOR DEL CRECIMIENTO ÓSEO. TIBIA Y PERONÉ,4,78,"OTRAS OPERACIONES DE HUESOS, SALVO HUESOS FACIALES",Q,,,,SI
7898,78.98,INSERCIÓN DE ESTIMULADOR DEL CRECIMIENTO ÓSEO. TARSIANOS Y METATARSIANOS,4,78,"OTRAS OPERACIONES DE HUESOS, SALVO HUESOS FACIALES",Q,,,,SI
7899,78.99,"INSERCIÓN DE ESTIMULADOR DEL CRECIMIENTO ÓSEO, OTROS SITIOS ESPECIFICADOS",4,78,"OTRAS OPERACIONES DE HUESOS, SALVO HUESOS FACIALES",Q,,,,SI
79,79,REDUCCIÓN DE FRACTURA Y LUXACIÓN,2,79,REDUCCIÓN DE FRACTURA Y LUXACIÓN,,,,,NO
790,79.0,REDUCCIÓN CERRADA DE FRACTURA SIN FIJACIÓN INTERNA,3,79,REDUCCIÓN DE FRACTURA Y LUXACIÓN,,,,,NO
7900,79.00,REDUCCIÓN CERRADA DE FRACTURA SIN FIJACIÓN INTERNA. SITIO NO ESPECIFICADO,4,79,REDUCCIÓN DE FRACTURA Y LUXACIÓN,Q,,,,SI
7901,79.01,REDUCCIÓN CERRADA DE FRACTURA SIN FIJACIÓN INTERNA HÚMERO,4,79,REDUCCIÓN DE FRACTURA Y LUXACIÓN,Q,,,,SI
7902,79.02,REDUCCIÓN CERRADA DE FRACTURA SIN FIJACIÓN INTERNA RADIO Y CÚBITO,4,79,REDUCCIÓN DE FRACTURA Y LUXACIÓN,Q,,,,SI
7903,79.03,REDUCCIÓN CERRADA DE FRACTURA SIN FIJACIÓN INTERNA CARPIANOS Y METACARPIANOS,4,79,REDUCCIÓN DE FRACTURA Y LUXACIÓN,Q,,,,SI
7904,79.04,REDUCCIÓN CERRADA DE FRACTURA SIN FIJACIÓN INTERNA FALANGES Y MANO,4,79,REDUCCIÓN DE FRACTURA Y LUXACIÓN,Q,,,,SI
7905,79.05,REDUCCIÓN CERRADA DE FRACTURA SIN FIJACIÓN INTERNA FÉMUR,4,79,REDUCCIÓN DE FRACTURA Y LUXACIÓN,Q,,,,SI
7906,79.06,REDUCCIÓN CERRADA DE FRACTURA SIN FIJACIÓN INTERNA TIBIA Y PERONÉ,4,79,REDUCCIÓN DE FRACTURA Y LUXACIÓN,Q,,,,SI
7907,79.07,REDUCCIÓN CERRADA DE FRACTURA SIN FIJACIÓN INTERNA TARSIANOS Y METATARSIANOS,4,79,REDUCCIÓN DE FRACTURA Y LUXACIÓN,Q,,,,SI
7908,79.08,REDUCCIÓN CERRADA DE FRACTURA SIN FIJACIÓN INTERNA FALANGES Y PIE,4,79,REDUCCIÓN DE FRACTURA Y LUXACIÓN,Q,,,,SI
7909,79.09,REDUCCIÓN CERRADA DE FRACTURA SIN FIJACIÓN INTERNA OTROS HUESOS ESPECÍFICOS,4,79,REDUCCIÓN DE FRACTURA Y LUXACIÓN,Q,,,,SI
791,79.1,REDUCCIÓN CERRADA DE FRACTURA CON FIJACIÓN INTERNA,3,79,REDUCCIÓN DE FRACTURA Y LUXACIÓN,,,,,NO
7910,79.10,REDUCCIÓN CERRADA DE FRACTURA CON FIJACIÓN INTERNA. SITIO NO ESPECIFICADO,4,79,REDUCCIÓN DE FRACTURA Y LUXACIÓN,Q,,,,SI
7911,79.11,REDUCCIÓN CERRADA DE FRACTURA CON FIJACIÓN INTERNA.HÚMERO,4,79,REDUCCIÓN DE FRACTURA Y LUXACIÓN,Q,,,,SI
7912,79.12,REDUCCIÓN CERRADA DE FRACTURA CON FIJACIÓN INTERNA.RADIO Y CÚBITO,4,79,REDUCCIÓN DE FRACTURA Y LUXACIÓN,Q,,,,SI
7913,79.13,REDUCCIÓN CERRADA DE FRACTURA CON FIJACIÓN INTERNA. CARPIANOS Y METACARPIANOS,4,79,REDUCCIÓN DE FRACTURA Y LUXACIÓN,Q,,,,SI
7914,79.14,REDUCCIÓN CERRADA DE FRACTURA CON FIJACIÓN INTERNA. FALANGES Y MANO,4,79,REDUCCIÓN DE FRACTURA Y LUXACIÓN,Q,,,,SI
7915,79.15,REDUCCIÓN CERRADA DE FRACTURA CON FIJACIÓN INTERNA. FÉMUR,4,79,REDUCCIÓN DE FRACTURA Y LUXACIÓN,Q,,,,SI
7916,79.16,REDUCCIÓN CERRADA DE FRACTURA CON FIJACIÓN INTERNA. TIBIA Y PERONÉ,4,79,REDUCCIÓN DE FRACTURA Y LUXACIÓN,Q,,,,SI
7917,79.17,REDUCCIÓN CERRADA DE FRACTURA CON FIJACIÓN INTERNA. TARSIANOS Y METATARSIANOS,4,79,REDUCCIÓN DE FRACTURA Y LUXACIÓN,Q,,,,SI
7918,79.18,REDUCCIÓN CERRADA DE FRACTURA CON FIJACIÓN INTERNA. FALANGES Y PIE,4,79,REDUCCIÓN DE FRACTURA Y LUXACIÓN,Q,,,,SI
7919,79.19,REDUCCIÓN CERRADA DE FRACTURA CON FIJACIÓN INTERNA. OTROS HUESOS ESPECÍFICOS,4,79,REDUCCIÓN DE FRACTURA Y LUXACIÓN,Q,,,,SI
792,79.2,REDUCCIÓN ABIERTA DE FRACTURA SIN FIJACIÓN INTERNA,3,79,REDUCCIÓN DE FRACTURA Y LUXACIÓN,,,,,NO
7920,79.20,REDUCCIÓN ABIERTA DE FRACTURA SIN FIJACIÓN INTERNA. SITIO NO ESPECIFICADO,4,79,REDUCCIÓN DE FRACTURA Y LUXACIÓN,Q,,,,SI
7921,79.21,REDUCCIÓN ABIERTA DE FRACTURA SIN FIJACIÓN INTERNA.HÚMERO,4,79,REDUCCIÓN DE FRACTURA Y LUXACIÓN,Q,,,,SI
7922,79.22,REDUCCIÓN ABIERTA DE FRACTURA SIN FIJACIÓN INTERNA. RADIO Y CÚBITO,4,79,REDUCCIÓN DE FRACTURA Y LUXACIÓN,Q,,,,SI
7923,79.23,REDUCCIÓN ABIERTA DE FRACTURA SIN FIJACIÓN INTERNA. CARPIANOS Y METACARPIANOS,4,79,REDUCCIÓN DE FRACTURA Y LUXACIÓN,Q,,,,SI
7924,79.24,REDUCCIÓN ABIERTA DE FRACTURA SIN FIJACIÓN INTERNA. FALANGES Y MANO,4,79,REDUCCIÓN DE FRACTURA Y LUXACIÓN,Q,,,,SI
7925,79.25,REDUCCIÓN ABIERTA DE FRACTURA SIN FIJACIÓN INTERNA. FÉMUR,4,79,REDUCCIÓN DE FRACTURA Y LUXACIÓN,Q,,,,SI
7926,79.26,REDUCCIÓN ABIERTA DE FRACTURA SIN FIJACIÓN INTERNA.TIBIA Y PERONÉ,4,79,REDUCCIÓN DE FRACTURA Y LUXACIÓN,Q,,,,SI
7927,79.27,REDUCCIÓN ABIERTA DE FRACTURA SIN FIJACIÓN INTERNA. TARSIANOS Y METATARSIANOS,4,79,REDUCCIÓN DE FRACTURA Y LUXACIÓN,Q,,,,SI
7928,79.28,REDUCCIÓN ABIERTA DE FRACTURA. SIN FIJACIÓN INTERNA. FALANGES Y PIE,4,79,REDUCCIÓN DE FRACTURA Y LUXACIÓN,Q,,,,SI
7929,79.29,REDUCCIÓN ABIERTA DE FRACTURA SIN FIJACIÓN INTERNA. OTROS HUESOS ESPECÍFICOS,4,79,REDUCCIÓN DE FRACTURA Y LUXACIÓN,Q,,,,SI
793,79.3,REDUCCIÓN ABIERTA DE FRACTURA CON FIJACIÓN INTERNA,3,79,REDUCCIÓN DE FRACTURA Y LUXACIÓN,,,,,NO
7930,79.30,REDUCCIÓN ABIERTA DE FRACTURA CON FIJACIÓN INTERNA. SITIO NO ESPECIFICADO,4,79,REDUCCIÓN DE FRACTURA Y LUXACIÓN,Q,,,,SI
7931,79.31,REDUCCIÓN ABIERTA DE FRACTURA CON FIJACIÓN INTERNA .HÚMERO,4,79,REDUCCIÓN DE FRACTURA Y LUXACIÓN,Q,,,,SI
7932,79.32,REDUCCIÓN ABIERTA DE FRACTURA CON FIJACIÓN INTERNA. RADIO Y CÚBITO,4,79,REDUCCIÓN DE FRACTURA Y LUXACIÓN,Q,,,,SI
7933,79.33,REDUCCIÓN ABIERTA DE FRACTURA CON FIJACIÓN INTERNA. CARPIANOS Y METACARPIANOS,4,79,REDUCCIÓN DE FRACTURA Y LUXACIÓN,Q,,,,SI
7934,79.34,REDUCCIÓN ABIERTA DE FRACTURA CON FIJACIÓN INTERNA. FALANGES Y MANO,4,79,REDUCCIÓN DE FRACTURA Y LUXACIÓN,Q,,,,SI
7935,79.35,REDUCCIÓN ABIERTA DE FRACTURA CON FIJACIÓN INTERNA. FÉMUR,4,79,REDUCCIÓN DE FRACTURA Y LUXACIÓN,Q,,,,SI
7936,79.36,REDUCCIÓN ABIERTA DE FRACTURA CON FIJACIÓN INTERNA. TIBIA Y PERONÉ,4,79,REDUCCIÓN DE FRACTURA Y LUXACIÓN,Q,,,,SI
7937,79.37,REDUCCIÓN ABIERTA DE FRACTURA CON FIJACIÓN INTERNA. TARSIANOS Y METATARSIANOS,4,79,REDUCCIÓN DE FRACTURA Y LUXACIÓN,Q,,,,SI
7938,79.38,REDUCCIÓN ABIERTA DE FRACTURA CON FIJACIÓN INTERNA. FALANGES Y PIE,4,79,REDUCCIÓN DE FRACTURA Y LUXACIÓN,Q,,,,SI
7939,79.39,REDUCCIÓN ABIERTA DE FRACTURA CON FIJACIÓN INTERNA. OTROS HUESOS ESPECÍFICOS,4,79,REDUCCIÓN DE FRACTURA Y LUXACIÓN,Q,,,,SI
794,79.4,REDUCCIÓN CERRADA DE EPÍFISIS SEPARADA,3,79,REDUCCIÓN DE FRACTURA Y LUXACIÓN,,,,,NO
7940,79.40,REDUCCIÓN CERRADA DE EPÍFISIS SEPARADA. SITIO NO ESPECIFICADO,4,79,REDUCCIÓN DE FRACTURA Y LUXACIÓN,Q,,,,SI
7941,79.41,REDUCCIÓN CERRADA DE EPÍFISIS SEPARADA. HÚMERO,4,79,REDUCCIÓN DE FRACTURA Y LUXACIÓN,Q,,,,SI
7942,79.42,REDUCCIÓN CERRADA DE EPÍFISIS SEPARADA. RADIO Y CÚBITO,4,79,REDUCCIÓN DE FRACTURA Y LUXACIÓN,Q,,,,SI
7945,79.45,REDUCCIÓN CERRADA DE EPÍFISIS SEPARADA. FÉMUR,4,79,REDUCCIÓN DE FRACTURA Y LUXACIÓN,Q,,,,SI
7946,79.46,REDUCCIÓN CERRADA DE EPÍFISIS SEPARADA. TIBIA Y PERONÉ,4,79,REDUCCIÓN DE FRACTURA Y LUXACIÓN,Q,,,,SI
7949,79.49,REDUCCIÓN CERRADA DE EPÍFISIS SEPARADA. OTROS HUESOS ESPECÍFICOS,4,79,REDUCCIÓN DE FRACTURA Y LUXACIÓN,Q,,,,SI
795,79.5,REDUCCIÓN ABIERTA DE EPÍFISIS SEPARADA,3,79,REDUCCIÓN DE FRACTURA Y LUXACIÓN,,,,,NO
7950,79.50,REDUCCIÓN ABIERTA DE EPÍFISIS SEPARADA. SITIO NO ESPECIFICADO,4,79,REDUCCIÓN DE FRACTURA Y LUXACIÓN,Q,,,,SI
7951,79.51,REDUCCIÓN ABIERTA DE EPÍFISIS SEPARADA. HÚMERO,4,79,REDUCCIÓN DE FRACTURA Y LUXACIÓN,Q,,,,SI
7952,79.52,REDUCCIÓN ABIERTA DE EPÍFISIS SEPARADA. RADIO Y CÚBITO,4,79,REDUCCIÓN DE FRACTURA Y LUXACIÓN,Q,,,,SI
7955,79.55,REDUCCIÓN ABIERTA DE EPÍFISIS SEPARADA. FÉMUR,4,79,REDUCCIÓN DE FRACTURA Y LUXACIÓN,Q,,,,SI
7956,79.56,REDUCCIÓN ABIERTA DE EPÍFISIS SEPARADA. TIBIA Y PERONÉ,4,79,REDUCCIÓN DE FRACTURA Y LUXACIÓN,Q,,,,SI
7959,79.59,REDUCCIÓN ABIERTA DE EPÍFISIS SEPARADA. OTROS HUESOS ESPECÍFICOS,4,79,REDUCCIÓN DE FRACTURA Y LUXACIÓN,Q,,,,SI
796,79.6,DESBRIDAMIENTO DE SITIO DE FRACTURA ABIERTA,3,79,REDUCCIÓN DE FRACTURA Y LUXACIÓN,,,,,NO
7960,79.60,DESBRIDAMIENTO DE SITIO DE FRACTURA ABIERTA. SITIO NO ESPECIFICADO,4,79,REDUCCIÓN DE FRACTURA Y LUXACIÓN,Q,,,,SI
7961,79.61,DESBRIDAMIENTO DE SITIO DE FRACTURA ABIERTA. HÚMERO,4,79,REDUCCIÓN DE FRACTURA Y LUXACIÓN,Q,,,,SI
7962,79.62,DESBRIDAMIENTO DE SITIO DE FRACTURA ABIERTA. RADIO Y CÚBITO,4,79,REDUCCIÓN DE FRACTURA Y LUXACIÓN,Q,,,,SI
7963,79.63,DESBRIDAMIENTO DE SITIO DE FRACTURA ABIERTA. CARPIANOS Y METACARPIANOS,4,79,REDUCCIÓN DE FRACTURA Y LUXACIÓN,Q,,,,SI
7964,79.64,DESBRIDAMIENTO DE SITIO DE FRACTURA ABIERTA. FALANGES Y MANO,4,79,REDUCCIÓN DE FRACTURA Y LUXACIÓN,Q,,,,SI
7965,79.65,DESBRIDAMIENTO DE SITIO DE FRACTURA ABIERTA. FÉMUR,4,79,REDUCCIÓN DE FRACTURA Y LUXACIÓN,Q,,,,SI
7966,79.66,DESBRIDAMIENTO DE SITIO DE FRACTURA ABIERTA. TIBIA Y PERONÉ,4,79,REDUCCIÓN DE FRACTURA Y LUXACIÓN,Q,,,,SI
7967,79.67,DESBRIDAMIENTO DE SITIO DE FRACTURA ABIERTA. TARSIANOS Y METATARSIANOS,4,79,REDUCCIÓN DE FRACTURA Y LUXACIÓN,Q,,,,SI
7968,79.68,DESBRIDAMIENTO DE SITIO DE FRACTURA ABIERTA. FALANGES Y PIE,4,79,REDUCCIÓN DE FRACTURA Y LUXACIÓN,Q,,,,SI
7969,79.69,DESBRIDAMIENTO DE SITIO DE FRACTURA ABIERTA. OTROS HUESOS ESPECÍFICOS,4,79,REDUCCIÓN DE FRACTURA Y LUXACIÓN,Q,,,,SI
797,79.7,REDUCCIÓN CERRADA DE LUXACIÓN,3,79,REDUCCIÓN DE FRACTURA Y LUXACIÓN,,,,,NO
7970,79.70,REDUCCIÓN CERRADA DE LUXACIÓN DE SITIO NO ESPECIFICADO,4,79,REDUCCIÓN DE FRACTURA Y LUXACIÓN,Q,,,,SI
7971,79.71,REDUCCIÓN CERRADA DE LUXACIÓN DE HOMBRO,4,79,REDUCCIÓN DE FRACTURA Y LUXACIÓN,Q,,,,SI
7972,79.72,REDUCCIÓN CERRADA DE LUXACIÓN DE CODO,4,79,REDUCCIÓN DE FRACTURA Y LUXACIÓN,Q,,,,SI
7973,79.73,REDUCCIÓN CERRADA DE LUXACIÓN DE MUÑECA,4,79,REDUCCIÓN DE FRACTURA Y LUXACIÓN,Q,,,,SI
7974,79.74,REDUCCIÓN CERRADA DE LUXACIÓN DE MANO Y DEDO DE MANO,4,79,REDUCCIÓN DE FRACTURA Y LUXACIÓN,Q,,,,SI
7975,79.75,REDUCCIÓN CERRADA DE LUXACIÓN DE CADERA,4,79,REDUCCIÓN DE FRACTURA Y LUXACIÓN,Q,,,,SI
7976,79.76,REDUCCIÓN CERRADA DE LUXACIÓN DE RODILLA,4,79,REDUCCIÓN DE FRACTURA Y LUXACIÓN,Q,,,,SI
7977,79.77,REDUCCIÓN CERRADA DE LUXACIÓN DE TOBILLO,4,79,REDUCCIÓN DE FRACTURA Y LUXACIÓN,Q,,,,SI
7978,79.78,REDUCCIÓN CERRADA DE LUXACIÓN DE PIE Y DEDO DE PIE,4,79,REDUCCIÓN DE FRACTURA Y LUXACIÓN,Q,,,,SI
7979,79.79,REDUCCIÓN CERRADA DE LUXACIÓN DE OTROS SITIOS ESPECIFICADOS,4,79,REDUCCIÓN DE FRACTURA Y LUXACIÓN,Q,,,,SI
798,79.8,REDUCCIÓN ABIERTA DE LUXACIÓN,3,79,REDUCCIÓN DE FRACTURA Y LUXACIÓN,,,,,NO
7980,79.80,REDUCCIÓN ABIERTA DE LUXACIÓN DE SITIO NO ESPECIFICADO,4,79,REDUCCIÓN DE FRACTURA Y LUXACIÓN,Q,,,,SI
7981,79.81,REDUCCIÓN ABIERTA DE LUXACIÓN DE HOMBRO,4,79,REDUCCIÓN DE FRACTURA Y LUXACIÓN,Q,,,,SI
7982,79.82,REDUCCIÓN ABIERTA DE LUXACIÓN DE CODO,4,79,REDUCCIÓN DE FRACTURA Y LUXACIÓN,Q,,,,SI
7983,79.83,REDUCCIÓN ABIERTA DE LUXACIÓN DE MUÑECA,4,79,REDUCCIÓN DE FRACTURA Y LUXACIÓN,Q,,,,SI
7984,79.84,REDUCCIÓN ABIERTA DE LUXACIÓN DE MANO Y DEDO DE MANO,4,79,REDUCCIÓN DE FRACTURA Y LUXACIÓN,Q,,,,SI
7985,79.85,REDUCCIÓN ABIERTA DE LUXACIÓN DE CADERA,4,79,REDUCCIÓN DE FRACTURA Y LUXACIÓN,Q,,,,SI
7986,79.86,REDUCCIÓN ABIERTA DE LUXACIÓN DE RODILLA,4,79,REDUCCIÓN DE FRACTURA Y LUXACIÓN,Q,,,,SI
7987,79.87,REDUCCIÓN ABIERTA DE LUXACIÓN DE TOBILLO,4,79,REDUCCIÓN DE FRACTURA Y LUXACIÓN,Q,,,,SI
7988,79.88,REDUCCIÓN ABIERTA DE LUXACIÓN DE PIE Y DEDO DE PIE,4,79,REDUCCIÓN DE FRACTURA Y LUXACIÓN,Q,,,,SI
7989,79.89,REDUCCIÓN ABIERTA DE LUXACIÓN DE OTROS SITIOS ESPECIFICADOS,4,79,REDUCCIÓN DE FRACTURA Y LUXACIÓN,Q,,,,SI
799,79.9,OPERACIÓN NO ESPECIFICADA SOBRE LESIÓN DE HUESO,3,79,REDUCCIÓN DE FRACTURA Y LUXACIÓN,,,,,NO
7990,79.90,OPERACIÓN NO ESPECIFICADA SOBRE LESIÓN DE HUESO. SITIO NO ESPECIFICADO,4,79,REDUCCIÓN DE FRACTURA Y LUXACIÓN,Q,,,,SI
7991,79.91,OPERACIÓN NO ESPECIFICADA SOBRE LESIÓN DE HUESO. HÚMERO,4,79,REDUCCIÓN DE FRACTURA Y LUXACIÓN,Q,,,,SI
7992,79.92,OPERACIÓN NO ESPECIFICADA SOBRE LESIÓN DE HUESO. RADIO Y CÚBITO,4,79,REDUCCIÓN DE FRACTURA Y LUXACIÓN,Q,,,,SI
7993,79.93,OPERACIÓN NO ESPECIFICADA SOBRE LESIÓN DE HUESO. CARPIANOS Y METACARPIANOS,4,79,REDUCCIÓN DE FRACTURA Y LUXACIÓN,Q,,,,SI
7994,79.94,OPERACIÓN NO ESPECIFICADA SOBRE LESIÓN DE HUESO. FALANGES Y MANO,4,79,REDUCCIÓN DE FRACTURA Y LUXACIÓN,Q,,,,SI
7995,79.95,OPERACIÓN NO ESPECIFICADA SOBRE LESIÓN DE HUESO. FÉMUR,4,79,REDUCCIÓN DE FRACTURA Y LUXACIÓN,Q,,,,SI
7996,79.96,OPERACIÓN NO ESPECIFICADA SOBRE LESIÓN DE HUESO. TIBIA Y PERONÉ,4,79,REDUCCIÓN DE FRACTURA Y LUXACIÓN,Q,,,,SI
7997,79.97,OPERACIÓN NO ESPECIFICADA SOBRE LESIÓN DE HUESO.TARSIANOS Y METATARSIANOS,4,79,REDUCCIÓN DE FRACTURA Y LUXACIÓN,Q,,,,SI
7998,79.98,OPERACIÓN NO ESPECIFICADA SOBRE LESIÓN DE HUESO. FALANGES Y PIE,4,79,REDUCCIÓN DE FRACTURA Y LUXACIÓN,Q,,,,SI
7999,79.99,OPERACIÓN NO ESPECIFICADA SOBRE LESIÓN DE HUESO. OTROS HUESOS ESPECÍFICOS,4,79,REDUCCIÓN DE FRACTURA Y LUXACIÓN,Q,,,,SI
80,80,INCISIÓN Y EXCISIÓN DE ESTRUCTURAS DE LA ARTICULACIÓN,2,80,INCISIÓN Y EXCISIÓN DE ESTRUCTURAS DE LA ARTICULACIÓN,,,,,NO
800,80.0,ARTROTOMÍA PARA EXTRACCIÓN DE PRÓTESIS,3,80,INCISIÓN Y EXCISIÓN DE ESTRUCTURAS DE LA ARTICULACIÓN,,,,,NO
8000,80.00,ARTROTOMÍA PARA EXTRACCIÓN DE PRÓTESIS. SITIO NO ESPECIFICADO,4,80,INCISIÓN Y EXCISIÓN DE ESTRUCTURAS DE LA ARTICULACIÓN,Q,,,,SI
8001,80.01,ARTROTOMÍA PARA EXTRACCIÓN DE PRÓTESIS. HOMBRO,4,80,INCISIÓN Y EXCISIÓN DE ESTRUCTURAS DE LA ARTICULACIÓN,Q,,,,SI
8002,80.02,ARTROTOMÍA PARA EXTRACCIÓN DE PRÓTESIS. CODO,4,80,INCISIÓN Y EXCISIÓN DE ESTRUCTURAS DE LA ARTICULACIÓN,Q,,,,SI
8003,80.03,ARTROTOMÍA PARA EXTRACCIÓN DE PRÓTESIS. MUÑECA,4,80,INCISIÓN Y EXCISIÓN DE ESTRUCTURAS DE LA ARTICULACIÓN,Q,,,,SI
8004,80.04,ARTROTOMÍA PARA EXTRACCIÓN DE PRÓTESIS. MANO Y DEDOS DE LA MANO,4,80,INCISIÓN Y EXCISIÓN DE ESTRUCTURAS DE LA ARTICULACIÓN,Q,,,,SI
8005,80.05,ARTROTOMÍA PARA EXTRACCIÓN DE PRÓTESIS. CADERA,4,80,INCISIÓN Y EXCISIÓN DE ESTRUCTURAS DE LA ARTICULACIÓN,Q,,,,SI
8006,80.06,ARTROTOMÍA PARA EXTRACCIÓN DE PRÓTESIS. RODILLA,4,80,INCISIÓN Y EXCISIÓN DE ESTRUCTURAS DE LA ARTICULACIÓN,Q,,,,SI
8007,80.07,ARTROTOMÍA PARA EXTRACCIÓN DE PRÓTESIS. TOBILLO,4,80,INCISIÓN Y EXCISIÓN DE ESTRUCTURAS DE LA ARTICULACIÓN,Q,,,,SI
8008,80.08,ARTROTOMÍA PARA EXTRACCIÓN DE PRÓTESIS. PIE Y DEDOS DEL PIE,4,80,INCISIÓN Y EXCISIÓN DE ESTRUCTURAS DE LA ARTICULACIÓN,Q,,,,SI
8009,80.09,ARTROTOMÍA PARA EXTRACCIÓN DE PRÓTESIS. OTROS SITIOS ESPECIFICADOS,4,80,INCISIÓN Y EXCISIÓN DE ESTRUCTURAS DE LA ARTICULACIÓN,Q,,,,SI
801,80.1,OTRA ARTROTOMÍA,3,80,INCISIÓN Y EXCISIÓN DE ESTRUCTURAS DE LA ARTICULACIÓN,,,,,NO
8010,80.10,OTRA ARTROTOMÍA. SITIO NO ESPECIFICADO,4,80,INCISIÓN Y EXCISIÓN DE ESTRUCTURAS DE LA ARTICULACIÓN,Q,,,,SI
8011,80.11,OTRA ARTROTOMÍA. HOMBRO,4,80,INCISIÓN Y EXCISIÓN DE ESTRUCTURAS DE LA ARTICULACIÓN,Q,,,,SI
8012,80.12,OTRA ARTROTOMÍA. CODO,4,80,INCISIÓN Y EXCISIÓN DE ESTRUCTURAS DE LA ARTICULACIÓN,Q,,,,SI
8013,80.13,OTRA ARTROTOMÍA. MUÑECA,4,80,INCISIÓN Y EXCISIÓN DE ESTRUCTURAS DE LA ARTICULACIÓN,Q,,,,SI
8014,80.14,OTRA ARTROTOMÍA. MANO Y DEDOS DE LA MANO,4,80,INCISIÓN Y EXCISIÓN DE ESTRUCTURAS DE LA ARTICULACIÓN,Q,,,,SI
8015,80.15,OTRA ARTROTOMÍA. CADERA,4,80,INCISIÓN Y EXCISIÓN DE ESTRUCTURAS DE LA ARTICULACIÓN,Q,,,,SI
8016,80.16,OTRA ARTROTOMÍA. RODILLA,4,80,INCISIÓN Y EXCISIÓN DE ESTRUCTURAS DE LA ARTICULACIÓN,Q,,,,SI
8017,80.17,OTRA ARTROTOMÍA. TOBILLO,4,80,INCISIÓN Y EXCISIÓN DE ESTRUCTURAS DE LA ARTICULACIÓN,Q,,,,SI
8018,80.18,OTRA ARTROTOMÍA. PIE Y DEDOS DEL PIE,4,80,INCISIÓN Y EXCISIÓN DE ESTRUCTURAS DE LA ARTICULACIÓN,Q,,,,SI
8019,80.19,OTRA ARTROTOMÍA. OTROS SITIOS ESPECIFICADOS,4,80,INCISIÓN Y EXCISIÓN DE ESTRUCTURAS DE LA ARTICULACIÓN,Q,,,,SI
802,80.2,ARTROSCOPIA,3,80,INCISIÓN Y EXCISIÓN DE ESTRUCTURAS DE LA ARTICULACIÓN,,,,,NO
8020,80.20,ARTROSCOPIA. SITIO NO ESPECIFICADO,4,80,INCISIÓN Y EXCISIÓN DE ESTRUCTURAS DE LA ARTICULACIÓN,Q,,,,SI
8021,80.21,ARTROSCOPIA. HOMBRO,4,80,INCISIÓN Y EXCISIÓN DE ESTRUCTURAS DE LA ARTICULACIÓN,Q,,,,SI
8022,80.22,ARTROSCOPIA. CODO,4,80,INCISIÓN Y EXCISIÓN DE ESTRUCTURAS DE LA ARTICULACIÓN,Q,,,,SI
8023,80.23,ARTROSCOPIA. MUÑECA,4,80,INCISIÓN Y EXCISIÓN DE ESTRUCTURAS DE LA ARTICULACIÓN,Q,,,,SI
8024,80.24,ARTROSCOPIA. MANO Y DEDOS DE LA MANO,4,80,INCISIÓN Y EXCISIÓN DE ESTRUCTURAS DE LA ARTICULACIÓN,Q,,,,SI
8025,80.25,ARTROSCOPIA. CADERA,4,80,INCISIÓN Y EXCISIÓN DE ESTRUCTURAS DE LA ARTICULACIÓN,Q,,,,SI
8026,80.26,ARTROSCOPIA. RODILLA,4,80,INCISIÓN Y EXCISIÓN DE ESTRUCTURAS DE LA ARTICULACIÓN,Q,,,,SI
8027,80.27,ARTROSCOPIA. TOBILLO,4,80,INCISIÓN Y EXCISIÓN DE ESTRUCTURAS DE LA ARTICULACIÓN,Q,,,,SI
8028,80.28,ARTROSCOPIA. PIE Y DEDOS DEL PIE,4,80,INCISIÓN Y EXCISIÓN DE ESTRUCTURAS DE LA ARTICULACIÓN,Q,,,,SI
8029,80.29,ARTROSCOPIA. OTROS SITIOS ESPECIFICADOS,4,80,INCISIÓN Y EXCISIÓN DE ESTRUCTURAS DE LA ARTICULACIÓN,Q,,,,SI
803,80.3,BIOPSIA DE ESTRUCTURA DE LA ARTICULACIÓN,3,80,INCISIÓN Y EXCISIÓN DE ESTRUCTURAS DE LA ARTICULACIÓN,,,,,NO
8030,80.30,BIOPSIA DE ESTRUCTURA DE LA ARTICULACIÓN. SITIO NO ESPEICIFICADO,4,80,INCISIÓN Y EXCISIÓN DE ESTRUCTURAS DE LA ARTICULACIÓN,D,,,,SI
8031,80.31,BIOPSIA DE ESTRUCTURA DE LA ARTICULACIÓN. HOMBRO,4,80,INCISIÓN Y EXCISIÓN DE ESTRUCTURAS DE LA ARTICULACIÓN,D,,,,SI
8032,80.32,BIOPSIA DE ESTRUCTURA DE LA ARTICULACIÓN. CODO,4,80,INCISIÓN Y EXCISIÓN DE ESTRUCTURAS DE LA ARTICULACIÓN,D,,,,SI
8033,80.33,BIOPSIA DE ESTRUCTURA DE LA ARTICULACIÓN. MUÑECA,4,80,INCISIÓN Y EXCISIÓN DE ESTRUCTURAS DE LA ARTICULACIÓN,D,,,,SI
8034,80.34,BIOPSIA DE ESTRUCTURA DE LA ARTICULACIÓN. MANO Y DEDOS DE LA MANO,4,80,INCISIÓN Y EXCISIÓN DE ESTRUCTURAS DE LA ARTICULACIÓN,D,,,,SI
8035,80.35,BIOPSIA DE ESTRUCTURA DE LA ARTICULACIÓN. CADERA,4,80,INCISIÓN Y EXCISIÓN DE ESTRUCTURAS DE LA ARTICULACIÓN,D,,,,SI
8036,80.36,BIOPSIA DE ESTRUCTURA DE LA ARTICULACIÓN. RODILLA,4,80,INCISIÓN Y EXCISIÓN DE ESTRUCTURAS DE LA ARTICULACIÓN,D,,,,SI
8037,80.37,BIOPSIA DE ESTRUCTURA DE LA ARTICULACIÓN. TOBILLO,4,80,INCISIÓN Y EXCISIÓN DE ESTRUCTURAS DE LA ARTICULACIÓN,D,,,,SI
8038,80.38,BIOPSIA DE ESTRUCTURA DE LA ARTICULACIÓN. PIE Y DEDOS DE LA MANO,4,80,INCISIÓN Y EXCISIÓN DE ESTRUCTURAS DE LA ARTICULACIÓN,D,,,,SI
8039,80.39,BIOPSIA DE ESTRUCTURA DE LA ARTICULACIÓN. OTROS SITIOS ESPECIFICADOS,4,80,INCISIÓN Y EXCISIÓN DE ESTRUCTURAS DE LA ARTICULACIÓN,D,,,,SI
804,80.4,"DIVISIÓN DE CÁPSULA ARTICULAR, LIGAMENTO O CARTÍLAGO",3,80,INCISIÓN Y EXCISIÓN DE ESTRUCTURAS DE LA ARTICULACIÓN,,,,,NO
8040,80.40,"DIVISIÓN DE CÁPSULA ARTICULAR, LIGAMENTO O CARTÍLAGO. SITIO NO ESPECIFICADO",4,80,INCISIÓN Y EXCISIÓN DE ESTRUCTURAS DE LA ARTICULACIÓN,Q,,,,SI
8041,80.41,"DIVISIÓN DE CÁPSULA ARTICULAR, LIGAMENTO O CARTÍLAGO. HOMBRO",4,80,INCISIÓN Y EXCISIÓN DE ESTRUCTURAS DE LA ARTICULACIÓN,Q,,,,SI
8042,80.42,"DIVISIÓN DE CÁPSULA ARTICULAR, LIGAMENTO O CARTÍLAGO. CODO",4,80,INCISIÓN Y EXCISIÓN DE ESTRUCTURAS DE LA ARTICULACIÓN,Q,,,,SI
8043,80.43,"DIVISIÓN DE CÁPSULA ARTICULAR, LIGAMENTO O CARTÍLAGO. MUÑECA",4,80,INCISIÓN Y EXCISIÓN DE ESTRUCTURAS DE LA ARTICULACIÓN,Q,,,,SI
8044,80.44,"DIVISIÓN DE CÁPSULA ARTICULAR, LIGAMENTO O CARTÍLAGO. MANO Y DEDOS DE LA MANO",4,80,INCISIÓN Y EXCISIÓN DE ESTRUCTURAS DE LA ARTICULACIÓN,Q,,,,SI
8045,80.45,"DIVISIÓN DE CÁPSULA ARTICULAR, LIGAMENTO O CARTÍLAGO. CADERA",4,80,INCISIÓN Y EXCISIÓN DE ESTRUCTURAS DE LA ARTICULACIÓN,Q,,,,SI
8046,80.46,"DIVISIÓN DE CÁPSULA ARTICULAR, LIGAMENTO O CARTÍLAGO. RODILLA",4,80,INCISIÓN Y EXCISIÓN DE ESTRUCTURAS DE LA ARTICULACIÓN,Q,,,,SI
8047,80.47,"DIVISIÓN DE CÁPSULA ARTICULAR, LIGAMENTO O CARTÍLAGO. TOBILLO",4,80,INCISIÓN Y EXCISIÓN DE ESTRUCTURAS DE LA ARTICULACIÓN,Q,,,,SI
8048,80.48,"DIVISIÓN DE CÁPSULA ARTICULAR, LIGAMENTO O CARTÍLAGO. PIE Y DEDOS DEL PIE",4,80,INCISIÓN Y EXCISIÓN DE ESTRUCTURAS DE LA ARTICULACIÓN,Q,,,,SI
8049,80.49,"DIVISIÓN DE CÁPSULA ARTICULAR, LIGAMENTO O CARTÍLAGO. OTROS SITIOS ESPECIFICADOS",4,80,INCISIÓN Y EXCISIÓN DE ESTRUCTURAS DE LA ARTICULACIÓN,Q,,,,SI
805,80.5,"EXCISIÓN, DESTRUCCIÓN Y OTRA REPARACIÓN DE DISCO INTERVERTEBRAL",3,80,INCISIÓN Y EXCISIÓN DE ESTRUCTURAS DE LA ARTICULACIÓN,,,,,NO
8050,80.50,"EXCISIÓN O DESTRUCCIÓN DE DISCO INTERVERTEBRAL, NO ESPECIFICADA",4,80,INCISIÓN Y EXCISIÓN DE ESTRUCTURAS DE LA ARTICULACIÓN,Q,,,,SI
8051,80.51,EXCISIÓN DE DISCO INTERVERTEBRAL,4,80,INCISIÓN Y EXCISIÓN DE ESTRUCTURAS DE LA ARTICULACIÓN,Q,,,,SI
8052,80.52,QUIMIONUCLEOLISIS INTERVERTEBRAL,4,80,INCISIÓN Y EXCISIÓN DE ESTRUCTURAS DE LA ARTICULACIÓN,Q,,,,SI
8053,80.53,REPARACIÓN DEL ANILLO FIBROSO CON INJERTO O PRÓTESIS (DISCO INTERVERTEBRAL),4,80,INCISIÓN Y EXCISIÓN DE ESTRUCTURAS DE LA ARTICULACIÓN,Q,,,,SI
8054,80.54,OTRA REPARACIÓN Y LA NO ESPECIFICADA DEL ANILLO FIBROSO (DISCO INTERVERTEBRAL),4,80,INCISIÓN Y EXCISIÓN DE ESTRUCTURAS DE LA ARTICULACIÓN,Q,,,,SI
8059,80.59,OTRA DESTRUCCIÓN DE DISCO INTERVERTEBRAL,4,80,INCISIÓN Y EXCISIÓN DE ESTRUCTURAS DE LA ARTICULACIÓN,Q,,,,SI
806,80.6,EXCISIÓN DE CARTÍLAGO SEMILUNAR DE LA RODILLA,3,80,INCISIÓN Y EXCISIÓN DE ESTRUCTURAS DE LA ARTICULACIÓN,,,,,NO
806X,80.6X,EXCISIÓN DE CARTÍLAGO SEMILUNAR DE RODILLA,4,80,INCISIÓN Y EXCISIÓN DE ESTRUCTURAS DE LA ARTICULACIÓN,Q,,,,SI
807,80.7,SINOVECTOMÍA,3,80,INCISIÓN Y EXCISIÓN DE ESTRUCTURAS DE LA ARTICULACIÓN,,,,,NO
8070,80.70,SINOVECTOMÍA. SITIO NO ESPECIFICADO,4,80,INCISIÓN Y EXCISIÓN DE ESTRUCTURAS DE LA ARTICULACIÓN,Q,,,,SI
8071,80.71,SINOVECTOMÍA. HOMBRO,4,80,INCISIÓN Y EXCISIÓN DE ESTRUCTURAS DE LA ARTICULACIÓN,Q,,,,SI
8072,80.72,SINOVECTOMÍA. CODO,4,80,INCISIÓN Y EXCISIÓN DE ESTRUCTURAS DE LA ARTICULACIÓN,Q,,,,SI
8073,80.73,SINOVECTOMÍA. MUÑECA,4,80,INCISIÓN Y EXCISIÓN DE ESTRUCTURAS DE LA ARTICULACIÓN,Q,,,,SI
8074,80.74,SINOVECTOMÍA. MANO Y DEDOS DE LA MANO,4,80,INCISIÓN Y EXCISIÓN DE ESTRUCTURAS DE LA ARTICULACIÓN,Q,,,,SI
8075,80.75,SINOVECTOMÍA. CADERA,4,80,INCISIÓN Y EXCISIÓN DE ESTRUCTURAS DE LA ARTICULACIÓN,Q,,,,SI
8076,80.76,SINOVECTOMÍA. RODILLA,4,80,INCISIÓN Y EXCISIÓN DE ESTRUCTURAS DE LA ARTICULACIÓN,Q,,,,SI
8077,80.77,SINOVECTOMÍA. TOBILLO,4,80,INCISIÓN Y EXCISIÓN DE ESTRUCTURAS DE LA ARTICULACIÓN,Q,,,,SI
8078,80.78,SINOVECTOMÍA. PIE Y DEDOS DEL PIE,4,80,INCISIÓN Y EXCISIÓN DE ESTRUCTURAS DE LA ARTICULACIÓN,Q,,,,SI
8079,80.79,"SINOVECTOMÍA, OTROS SITIOS ESPECIFICADOS",4,80,INCISIÓN Y EXCISIÓN DE ESTRUCTURAS DE LA ARTICULACIÓN,Q,,,,SI
808,80.8,OTRA EXCISIÓN LOCAL O DESTRUCCIÓN DE LESIÓN DE ARTICULACIÓN,3,80,INCISIÓN Y EXCISIÓN DE ESTRUCTURAS DE LA ARTICULACIÓN,,,,,NO
8080,80.80,OTRA EXCISIÓN LOCAL O DESTRUCCIÓN DE LESIÓN DE ARTICULACIÓN. SITIO NO ESPECIFICADO,4,80,INCISIÓN Y EXCISIÓN DE ESTRUCTURAS DE LA ARTICULACIÓN,Q,,,,SI
8081,80.81,OTRA EXCISIÓN LOCAL O DESTRUCCIÓN DE LESIÓN DE ARTICULACIÓN. HOMBRO,4,80,INCISIÓN Y EXCISIÓN DE ESTRUCTURAS DE LA ARTICULACIÓN,Q,,,,SI
8082,80.82,OTRA EXCISIÓN LOCAL O DESTRUCCIÓN DE LESIÓN DE ARTICULACIÓN. CODO,4,80,INCISIÓN Y EXCISIÓN DE ESTRUCTURAS DE LA ARTICULACIÓN,Q,,,,SI
8083,80.83,OTRA EXCISIÓN LOCAL O DESTRUCCIÓN DE LESIÓN DE ARTICULACIÓN. MUÑECA,4,80,INCISIÓN Y EXCISIÓN DE ESTRUCTURAS DE LA ARTICULACIÓN,Q,,,,SI
8084,80.84,OTRA EXCISIÓN LOCAL O DESTRUCCIÓN DE LESIÓN DE ARTICULACIÓN. MANO Y DEDOS DE LA MANO,4,80,INCISIÓN Y EXCISIÓN DE ESTRUCTURAS DE LA ARTICULACIÓN,Q,,,,SI
8085,80.85,OTRA EXCISIÓN LOCAL O DESTRUCCIÓN DE LESIÓN DE ARTICULACIÓN. CADERA,4,80,INCISIÓN Y EXCISIÓN DE ESTRUCTURAS DE LA ARTICULACIÓN,Q,,,,SI
8086,80.86,OTRA EXCISIÓN LOCAL O DESTRUCCIÓN DE LESIÓN DE ARTICULACIÓN. RODILLA,4,80,INCISIÓN Y EXCISIÓN DE ESTRUCTURAS DE LA ARTICULACIÓN,Q,,,,SI
8087,80.87,OTRA EXCISIÓN LOCAL O DESTRUCCIÓN DE LESIÓN DE ARTICULACIÓN. TOBILLO,4,80,INCISIÓN Y EXCISIÓN DE ESTRUCTURAS DE LA ARTICULACIÓN,Q,,,,SI
8088,80.88,OTRA EXCISIÓN LOCAL O DESTRUCCIÓN DE LESIÓN DE ARTICULACIÓN. PIE Y DEDOS DEL PIE,4,80,INCISIÓN Y EXCISIÓN DE ESTRUCTURAS DE LA ARTICULACIÓN,Q,,,,SI
8089,80.89,"OTRA EXCISIÓN LOCAL O DESTRUCCIÓN DE LESIÓN DE ARTICULACIÓN, OTROS SITIOS ESPECIFICADOS",4,80,INCISIÓN Y EXCISIÓN DE ESTRUCTURAS DE LA ARTICULACIÓN,Q,,,,SI
809,80.9,OTRA EXCISIÓN O DESTRUCCIÓN DE LESIÓN DE LA ARTICULACIÓN,3,80,INCISIÓN Y EXCISIÓN DE ESTRUCTURAS DE LA ARTICULACIÓN,,,,,NO
8090,80.90,OTRA EXCISIÓN O DESTRUCCIÓN DE LESIÓN DE LA ARTICULACIÓN. SITIO NO ESPECIFICADO,4,80,INCISIÓN Y EXCISIÓN DE ESTRUCTURAS DE LA ARTICULACIÓN,Q,,,,SI
8091,80.91,OTRA EXCISIÓN O DESTRUCCIÓN DE LESIÓN DE LA ARTICULACIÓN. HOMBRO,4,80,INCISIÓN Y EXCISIÓN DE ESTRUCTURAS DE LA ARTICULACIÓN,Q,,,,SI
8092,80.92,OTRA EXCISIÓN O DESTRUCCIÓN DE LESIÓN DE LA ARTICULACIÓN. CODO,4,80,INCISIÓN Y EXCISIÓN DE ESTRUCTURAS DE LA ARTICULACIÓN,Q,,,,SI
8093,80.93,OTRA EXCISIÓN O DESTRUCCIÓN DE LESIÓN DE LA ARTICULACIÓN. MUÑECA,4,80,INCISIÓN Y EXCISIÓN DE ESTRUCTURAS DE LA ARTICULACIÓN,Q,,,,SI
8094,80.94,OTRA EXCISIÓN O DESTRUCCIÓN DE LESIÓN DE LA ARTICULACIÓN. MANO Y DEDOS DE LA MANO,4,80,INCISIÓN Y EXCISIÓN DE ESTRUCTURAS DE LA ARTICULACIÓN,Q,,,,SI
8095,80.95,OTRA EXCISIÓN O DESTRUCCIÓN DE LESIÓN DE LA ARTICULACIÓN. CADERA,4,80,INCISIÓN Y EXCISIÓN DE ESTRUCTURAS DE LA ARTICULACIÓN,Q,,,,SI
8096,80.96,OTRA EXCISIÓN O DESTRUCCIÓN DE LESIÓN DE LA ARTICULACIÓN. RODILLA,4,80,INCISIÓN Y EXCISIÓN DE ESTRUCTURAS DE LA ARTICULACIÓN,Q,,,,SI
8097,80.97,OTRA EXCISIÓN O DESTRUCCIÓN DE LESIÓN DE LA ARTICULACIÓN. TOBILLO,4,80,INCISIÓN Y EXCISIÓN DE ESTRUCTURAS DE LA ARTICULACIÓN,Q,,,,SI
8098,80.98,OTRA EXCISIÓN O DESTRUCCIÓN DE LESIÓN DE LA ARTICULACIÓN. PIE Y DEDOS DEL PIE,4,80,INCISIÓN Y EXCISIÓN DE ESTRUCTURAS DE LA ARTICULACIÓN,Q,,,,SI
8099,80.99,OTRA EXCISIÓN O DESTRUCCIÓN DE LESIÓN DE LA ARTICULACIÓN. OTROS SITIOS ESPECIFICADOS,4,80,INCISIÓN Y EXCISIÓN DE ESTRUCTURAS DE LA ARTICULACIÓN,Q,,,,SI
81,81,OPERACIONES DE REPARACIÓN Y PLÁSTICAS SOBRE ESTRUCTURAS DE LA ARTICULACIÓN,2,81,OPERACIONES DE REPARACIÓN Y PLÁSTICAS SOBRE ESTRUCTURAS DE LA ARTICULACIÓN,,,,,NO
810,81.0,FUSIÓN VERTEBRAL,3,81,OPERACIONES DE REPARACIÓN Y PLÁSTICAS SOBRE ESTRUCTURAS DE LA ARTICULACIÓN,,,,,NO
8100,81.00,"FUSIÓN VERTEBRAL, NO ESPECIFICADA DE OTRA MANERA",4,81,OPERACIONES DE REPARACIÓN Y PLÁSTICAS SOBRE ESTRUCTURAS DE LA ARTICULACIÓN,Q,,,,SI
8101,81.01,FUSIÓN VERTEBRAL ATLAS-AXIS,4,81,OPERACIONES DE REPARACIÓN Y PLÁSTICAS SOBRE ESTRUCTURAS DE LA ARTICULACIÓN,Q,,,,SI
8102,81.02,"OTRA FUSIÓN CERVICAL, TÉCNICA ANTERIOR",4,81,OPERACIONES DE REPARACIÓN Y PLÁSTICAS SOBRE ESTRUCTURAS DE LA ARTICULACIÓN,Q,,,,SI
8103,81.03,"OTRA FUSIÓN CERVICAL, TÉCNICA POSTERIOR",4,81,OPERACIONES DE REPARACIÓN Y PLÁSTICAS SOBRE ESTRUCTURAS DE LA ARTICULACIÓN,Q,,,,SI
8104,81.04,"FUSIÓN DORSAL Y DORSOLUMBAR, TÉCNICA ANTERIOR",4,81,OPERACIONES DE REPARACIÓN Y PLÁSTICAS SOBRE ESTRUCTURAS DE LA ARTICULACIÓN,Q,,,,SI
8105,81.05,"FUSIÓN DORSAL Y DORSOLUMBAR, TÉCNICA POSTERIOR",4,81,OPERACIONES DE REPARACIÓN Y PLÁSTICAS SOBRE ESTRUCTURAS DE LA ARTICULACIÓN,Q,,,,SI
8106,81.06,"FUSIÓN LUMBAR Y LUMBOSACRA, TÉCNICA ANTERIOR",4,81,OPERACIONES DE REPARACIÓN Y PLÁSTICAS SOBRE ESTRUCTURAS DE LA ARTICULACIÓN,Q,,,,SI
8107,81.07,"FUSIÓN LUMBAR Y LUMBOSACRA, TÉCNICA DE PROCEDIMIENTO LATERAL TRANSVERSO",4,81,OPERACIONES DE REPARACIÓN Y PLÁSTICAS SOBRE ESTRUCTURAS DE LA ARTICULACIÓN,Q,,,,SI
8108,81.08,"FUSIÓN LUMBAR Y LUMBOSACRA, TÉCNICA POSTERIOR",4,81,OPERACIONES DE REPARACIÓN Y PLÁSTICAS SOBRE ESTRUCTURAS DE LA ARTICULACIÓN,Q,,,,SI
811,81.1,ARTRODESIS Y ARTROEREISIS DE PIE Y TOBILLO,3,81,OPERACIONES DE REPARACIÓN Y PLÁSTICAS SOBRE ESTRUCTURAS DE LA ARTICULACIÓN,,,,,NO
8111,81.11,FUSIÓN DE TOBILLO,4,81,OPERACIONES DE REPARACIÓN Y PLÁSTICAS SOBRE ESTRUCTURAS DE LA ARTICULACIÓN,Q,,,,SI
8112,81.12,TRIPLE ARTRODESIS,4,81,OPERACIONES DE REPARACIÓN Y PLÁSTICAS SOBRE ESTRUCTURAS DE LA ARTICULACIÓN,Q,,,,SI
8113,81.13,FUSIÓN SUBASTRAGALINA,4,81,OPERACIONES DE REPARACIÓN Y PLÁSTICAS SOBRE ESTRUCTURAS DE LA ARTICULACIÓN,Q,,,,SI
8114,81.14,FUSIÓN MEDIO TARSIANA,4,81,OPERACIONES DE REPARACIÓN Y PLÁSTICAS SOBRE ESTRUCTURAS DE LA ARTICULACIÓN,Q,,,,SI
8115,81.15,FUSIÓN TARSOMETATARSIANA,4,81,OPERACIONES DE REPARACIÓN Y PLÁSTICAS SOBRE ESTRUCTURAS DE LA ARTICULACIÓN,Q,,,,SI
8116,81.16,FUSIÓN METATARSO-FALÁNGICA,4,81,OPERACIONES DE REPARACIÓN Y PLÁSTICAS SOBRE ESTRUCTURAS DE LA ARTICULACIÓN,Q,,,,SI
8117,81.17,OTRA FUSIÓN DE PIE,4,81,OPERACIONES DE REPARACIÓN Y PLÁSTICAS SOBRE ESTRUCTURAS DE LA ARTICULACIÓN,Q,,,,SI
8118,81.18,ARTROEREISIS DE ARTICULACIÓN SUBASTRAGALINA,4,81,OPERACIONES DE REPARACIÓN Y PLÁSTICAS SOBRE ESTRUCTURAS DE LA ARTICULACIÓN,Q,,,,SI
812,81.2,ARTRODESIS DE OTRA ARTICULACIÓN,3,81,OPERACIONES DE REPARACIÓN Y PLÁSTICAS SOBRE ESTRUCTURAS DE LA ARTICULACIÓN,,,,,NO
8120,81.20,ARTRODESIS DE ARTICULACIÓN NO ESPECIFICADA,4,81,OPERACIONES DE REPARACIÓN Y PLÁSTICAS SOBRE ESTRUCTURAS DE LA ARTICULACIÓN,Q,,,,SI
8121,81.21,ARTRODESIS DE CADERA,4,81,OPERACIONES DE REPARACIÓN Y PLÁSTICAS SOBRE ESTRUCTURAS DE LA ARTICULACIÓN,Q,,,,SI
8122,81.22,ARTRODESIS DE RODILLA,4,81,OPERACIONES DE REPARACIÓN Y PLÁSTICAS SOBRE ESTRUCTURAS DE LA ARTICULACIÓN,Q,,,,SI
8123,81.23,ARTRODESIS DE HOMBRO,4,81,OPERACIONES DE REPARACIÓN Y PLÁSTICAS SOBRE ESTRUCTURAS DE LA ARTICULACIÓN,Q,,,,SI
8124,81.24,ARTRODESIS DE CODO,4,81,OPERACIONES DE REPARACIÓN Y PLÁSTICAS SOBRE ESTRUCTURAS DE LA ARTICULACIÓN,Q,,,,SI
8125,81.25,FUSIÓN CARPORRADIAL,4,81,OPERACIONES DE REPARACIÓN Y PLÁSTICAS SOBRE ESTRUCTURAS DE LA ARTICULACIÓN,Q,,,,SI
8126,81.26,FUSIÓN CARPOMETACARPIANA,4,81,OPERACIONES DE REPARACIÓN Y PLÁSTICAS SOBRE ESTRUCTURAS DE LA ARTICULACIÓN,Q,,,,SI
8127,81.27,FUSIÓN METACARPOFALÁNGICA,4,81,OPERACIONES DE REPARACIÓN Y PLÁSTICAS SOBRE ESTRUCTURAS DE LA ARTICULACIÓN,Q,,,,SI
8128,81.28,FUSIÓN INTERFALÁNGICA,4,81,OPERACIONES DE REPARACIÓN Y PLÁSTICAS SOBRE ESTRUCTURAS DE LA ARTICULACIÓN,Q,,,,SI
8129,81.29,ARTRODESIS DE OTRAS ARTICULACIONES ESPECIFICADAS,4,81,OPERACIONES DE REPARACIÓN Y PLÁSTICAS SOBRE ESTRUCTURAS DE LA ARTICULACIÓN,Q,,,,SI
813,81.3,REFUSIÓN VERTEBRAL,3,81,OPERACIONES DE REPARACIÓN Y PLÁSTICAS SOBRE ESTRUCTURAS DE LA ARTICULACIÓN,,,,,NO
8130,81.30,"REFUSIÓN VERTEBRAL, NO ESPECIFICADA DE OTRA MANERA",4,81,OPERACIONES DE REPARACIÓN Y PLÁSTICAS SOBRE ESTRUCTURAS DE LA ARTICULACIÓN,Q,,,,SI
8131,81.31,REFUSIÓN ESPINAL ATLAS-AXIS,4,81,OPERACIONES DE REPARACIÓN Y PLÁSTICAS SOBRE ESTRUCTURAS DE LA ARTICULACIÓN,Q,,,,SI
8132,81.32,"REFUSIÓN DE OTRAS VÉRTEBRAS CERVICALES, TÉCNICA ANTERIOR",4,81,OPERACIONES DE REPARACIÓN Y PLÁSTICAS SOBRE ESTRUCTURAS DE LA ARTICULACIÓN,Q,,,,SI
8133,81.33,"REFUSIÓN DE OTRAS VÉRTEBRAS CERVICALES, TÉCNICA POSTERIOR",4,81,OPERACIONES DE REPARACIÓN Y PLÁSTICAS SOBRE ESTRUCTURAS DE LA ARTICULACIÓN,Q,,,,SI
8134,81.34,"REFUSIÓN ESPINAL DORSAL Y DORSOLUMBAR, TÉCNICA ANTERIOR",4,81,OPERACIONES DE REPARACIÓN Y PLÁSTICAS SOBRE ESTRUCTURAS DE LA ARTICULACIÓN,Q,,,,SI
8135,81.35,"REFUSIÓN ESPINAL DORSAL Y DORSOLUMBAR, TÉCNICA POSTERIOR",4,81,OPERACIONES DE REPARACIÓN Y PLÁSTICAS SOBRE ESTRUCTURAS DE LA ARTICULACIÓN,Q,,,,SI
8136,81.36,"REFUSIÓN ESPINO LUMBAR Y LUMBOSACRA, TÉCNICA ANTERIOR",4,81,OPERACIONES DE REPARACIÓN Y PLÁSTICAS SOBRE ESTRUCTURAS DE LA ARTICULACIÓN,Q,,,,SI
8137,81.37,"REFUSIÓN ESPINO LUMBAR Y LUMBOSACRA, TÉCNICA DE PROCEDIMIENTO LATERAL TRANSVERSO",4,81,OPERACIONES DE REPARACIÓN Y PLÁSTICAS SOBRE ESTRUCTURAS DE LA ARTICULACIÓN,Q,,,,SI
8138,81.38,"REFUSIÓN ESPINAL LUMBAR Y LUMBOSACRA, TÉCNICA POSTERIOR",4,81,OPERACIONES DE REPARACIÓN Y PLÁSTICAS SOBRE ESTRUCTURAS DE LA ARTICULACIÓN,Q,,,,SI
8139,81.39,"REFUSIÓN VERTEBRAL, NO CLASIFICADA BAJO OTRO CONCEPTO",4,81,OPERACIONES DE REPARACIÓN Y PLÁSTICAS SOBRE ESTRUCTURAS DE LA ARTICULACIÓN,Q,,,,SI
814,81.4,OTRA REPARACIÓN DE ARTICULACIÓN DE EXTREMIDADES INFERIORES,3,81,OPERACIONES DE REPARACIÓN Y PLÁSTICAS SOBRE ESTRUCTURAS DE LA ARTICULACIÓN,,,,,NO
8140,81.40,"REPARACIÓN DE CADERA, NO ESPECIFICADA BAJO OTRO CONCEPTO",4,81,OPERACIONES DE REPARACIÓN Y PLÁSTICAS SOBRE ESTRUCTURAS DE LA ARTICULACIÓN,Q,,,,SI
8142,81.42,"REPARACIÓN ""CINCO EN UNO"" DE RODILLA",4,81,OPERACIONES DE REPARACIÓN Y PLÁSTICAS SOBRE ESTRUCTURAS DE LA ARTICULACIÓN,Q,,,,SI
8143,81.43,REPARACIÓN DE UNA TRIADA DE RODILLA,4,81,OPERACIONES DE REPARACIÓN Y PLÁSTICAS SOBRE ESTRUCTURAS DE LA ARTICULACIÓN,Q,,,,SI
8144,81.44,ESTABILIZACIÓN DE RÓTULA,4,81,OPERACIONES DE REPARACIÓN Y PLÁSTICAS SOBRE ESTRUCTURAS DE LA ARTICULACIÓN,Q,,,,SI
8145,81.45,OTRA REPARACIÓN DE LOS LIGAMENTOS CRUZADOS,4,81,OPERACIONES DE REPARACIÓN Y PLÁSTICAS SOBRE ESTRUCTURAS DE LA ARTICULACIÓN,Q,,,,SI
8146,81.46,OTRA REPARACIÓN DE LIGAMENTOS COLATERALES,4,81,OPERACIONES DE REPARACIÓN Y PLÁSTICAS SOBRE ESTRUCTURAS DE LA ARTICULACIÓN,Q,,,,SI
8147,81.47,OTRA REPARACIÓN DE RODILLA,4,81,OPERACIONES DE REPARACIÓN Y PLÁSTICAS SOBRE ESTRUCTURAS DE LA ARTICULACIÓN,Q,,,,SI
8149,81.49,OTRA REPARACIÓN DE TOBILLO,4,81,OPERACIONES DE REPARACIÓN Y PLÁSTICAS SOBRE ESTRUCTURAS DE LA ARTICULACIÓN,Q,,,,SI
815,81.5,SUSTITUCIÓN DE LAS ARTICULACIONES DE LAS EXTREMIDADES INFERIORES,3,81,OPERACIONES DE REPARACIÓN Y PLÁSTICAS SOBRE ESTRUCTURAS DE LA ARTICULACIÓN,,,,,NO
8151,81.51,SUSTITUCIÓN O REEMPLAZO TOTAL DE CADERA,4,81,OPERACIONES DE REPARACIÓN Y PLÁSTICAS SOBRE ESTRUCTURAS DE LA ARTICULACIÓN,Q,,,,SI
8152,81.52,SUSTITUCIÓN PARCIAL DE CADERA,4,81,OPERACIONES DE REPARACIÓN Y PLÁSTICAS SOBRE ESTRUCTURAS DE LA ARTICULACIÓN,Q,,,,SI
8153,81.53,"REVISIÓN DE SUSTITUCIÓN DE CADERA, NO ESPECIFICADA DE OTRA MANERA",4,81,OPERACIONES DE REPARACIÓN Y PLÁSTICAS SOBRE ESTRUCTURAS DE LA ARTICULACIÓN,Q,,,,SI
8154,81.54,SUSTITUCIÓN TOTAL DE RODILLA,4,81,OPERACIONES DE REPARACIÓN Y PLÁSTICAS SOBRE ESTRUCTURAS DE LA ARTICULACIÓN,Q,,,,SI
8155,81.55,"REVISIÓN DE SUSTITUCIÓN DE RODILLA, NO ESPECIFICADA DE OTRA PARTE",4,81,OPERACIONES DE REPARACIÓN Y PLÁSTICAS SOBRE ESTRUCTURAS DE LA ARTICULACIÓN,Q,,,,SI
8156,81.56,SUSTITUCIÓN TOTAL DE TOBILLO,4,81,OPERACIONES DE REPARACIÓN Y PLÁSTICAS SOBRE ESTRUCTURAS DE LA ARTICULACIÓN,Q,,,,SI
8157,81.57,SUSTITUCIÓN DE ARTICULACIÓN DE PIE Y DEDOS,4,81,OPERACIONES DE REPARACIÓN Y PLÁSTICAS SOBRE ESTRUCTURAS DE LA ARTICULACIÓN,Q,,,,SI
8159,81.59,"REVISIÓN DE SUSTITUCIÓN DE ARTICULACIÓN DE EXTREMIDAD INFERIOR, NO CLASIFICADA EN OTRA PARTE",4,81,OPERACIONES DE REPARACIÓN Y PLÁSTICAS SOBRE ESTRUCTURAS DE LA ARTICULACIÓN,Q,,,,SI
816,81.6,OTROS PROCEDIMIENTOS VERTEBRALES,3,81,OPERACIONES DE REPARACIÓN Y PLÁSTICAS SOBRE ESTRUCTURAS DE LA ARTICULACIÓN,,,,,NO
8162,81.62,FUSIÓN O REFUSIÓN DE 2-3 VÉRTEBRAS,4,81,OPERACIONES DE REPARACIÓN Y PLÁSTICAS SOBRE ESTRUCTURAS DE LA ARTICULACIÓN,Q,,,,SI
8163,81.63,FUSIÓN O REFUSIÓN DE 4-8 VÉRTEBRAS,4,81,OPERACIONES DE REPARACIÓN Y PLÁSTICAS SOBRE ESTRUCTURAS DE LA ARTICULACIÓN,Q,,,,SI
8164,81.64,FUSIÓN O REFUSIÓN DE 9 Ó MÁS VÉRTEBRAS,4,81,OPERACIONES DE REPARACIÓN Y PLÁSTICAS SOBRE ESTRUCTURAS DE LA ARTICULACIÓN,Q,,,,SI
8165,81.65,VERTEBROPLASTIA PERCUTÁNEA,4,81,OPERACIONES DE REPARACIÓN Y PLÁSTICAS SOBRE ESTRUCTURAS DE LA ARTICULACIÓN,Q,,,,SI
8166,81.66,AUMENTO PERCUTÁNEO VERTEBRAL,4,81,OPERACIONES DE REPARACIÓN Y PLÁSTICAS SOBRE ESTRUCTURAS DE LA ARTICULACIÓN,Q,,,,SI
817,81.7,"ARTROPLASTIA Y REPARACIÓN DE MANO, DEDO DE MANO Y MUÑECA",3,81,OPERACIONES DE REPARACIÓN Y PLÁSTICAS SOBRE ESTRUCTURAS DE LA ARTICULACIÓN,,,,,NO
8171,81.71,ARTROPLASTIA DE ARTICULACIONES METACARPOFALÁNGICA E INTERFALÁNGICA CON IMPLANTE,4,81,OPERACIONES DE REPARACIÓN Y PLÁSTICAS SOBRE ESTRUCTURAS DE LA ARTICULACIÓN,Q,,,,SI
8172,81.72,ARTROPLASTIA DE ARTICULACIONES METACARPOFALÁNGICA E INTERFALÁNGICA SIN IMPLANTE,4,81,OPERACIONES DE REPARACIÓN Y PLÁSTICAS SOBRE ESTRUCTURAS DE LA ARTICULACIÓN,Q,,,,SI
8173,81.73,SUSTITUCIÓN TOTAL DE MUÑECA,4,81,OPERACIONES DE REPARACIÓN Y PLÁSTICAS SOBRE ESTRUCTURAS DE LA ARTICULACIÓN,Q,,,,SI
8174,81.74,ARTROPLASTIA DE ARTICULACIONES CARPOCARPIANA O CARPOMETACARPIANA CON IMPLANTE,4,81,OPERACIONES DE REPARACIÓN Y PLÁSTICAS SOBRE ESTRUCTURAS DE LA ARTICULACIÓN,Q,,,,SI
8175,81.75,ARTROPLASTIA DE ARTICULACIONES CARPOCARPIANA O CARPOMETACARPIANA SIN IMPLANTE,4,81,OPERACIONES DE REPARACIÓN Y PLÁSTICAS SOBRE ESTRUCTURAS DE LA ARTICULACIÓN,Q,,,,SI
8179,81.79,"OTRA REPARACIÓN DE MANO, DEDO DE MANO Y MUÑECA",4,81,OPERACIONES DE REPARACIÓN Y PLÁSTICAS SOBRE ESTRUCTURAS DE LA ARTICULACIÓN,Q,,,,SI
818,81.8,ARTROPLASTIA Y REPARACIÓN DE HOMBRO Y CODO,3,81,OPERACIONES DE REPARACIÓN Y PLÁSTICAS SOBRE ESTRUCTURAS DE LA ARTICULACIÓN,,,,,NO
8180,81.80,SUSTITUCIÓN TOTAL DE HOMBRO,4,81,OPERACIONES DE REPARACIÓN Y PLÁSTICAS SOBRE ESTRUCTURAS DE LA ARTICULACIÓN,Q,,,,SI
8181,81.81,SUSTITUCIÓN PARCIAL DE HOMBRO,4,81,OPERACIONES DE REPARACIÓN Y PLÁSTICAS SOBRE ESTRUCTURAS DE LA ARTICULACIÓN,Q,,,,SI
8182,81.82,REPARACIÓN DE LUXACIÓN RECIDIVANTE DE HOMBRO,4,81,OPERACIONES DE REPARACIÓN Y PLÁSTICAS SOBRE ESTRUCTURAS DE LA ARTICULACIÓN,Q,,,,SI
8183,81.83,OTRA REPARACIÓN DE HOMBRO,4,81,OPERACIONES DE REPARACIÓN Y PLÁSTICAS SOBRE ESTRUCTURAS DE LA ARTICULACIÓN,Q,,,,SI
8184,81.84,SUSTITUCIÓN TOTAL DE CODO,4,81,OPERACIONES DE REPARACIÓN Y PLÁSTICAS SOBRE ESTRUCTURAS DE LA ARTICULACIÓN,Q,,,,SI
8185,81.85,OTRA REPARACIÓN DE CODO,4,81,OPERACIONES DE REPARACIÓN Y PLÁSTICAS SOBRE ESTRUCTURAS DE LA ARTICULACIÓN,Q,,,,SI
819,81.9,OTRAS REPARACIONES SOBRE ESTRUCTURAS DE ARTICULACIÓN,3,81,OPERACIONES DE REPARACIÓN Y PLÁSTICAS SOBRE ESTRUCTURAS DE LA ARTICULACIÓN,,,,,NO
8191,81.91,ARTROCENTESIS,4,81,OPERACIONES DE REPARACIÓN Y PLÁSTICAS SOBRE ESTRUCTURAS DE LA ARTICULACIÓN,Q,,,,SI
8192,81.92,INYECCIÓN DE SUSTANCIA TERAPÉUTICA EN ARTICULACIÓN O LIGAMENTO,4,81,OPERACIONES DE REPARACIÓN Y PLÁSTICAS SOBRE ESTRUCTURAS DE LA ARTICULACIÓN,Q,,,,SI
8193,81.93,SUTURA DE CÁPSULA O LIGAMENTO DE EXTREMIDAD SUPERIOR,4,81,OPERACIONES DE REPARACIÓN Y PLÁSTICAS SOBRE ESTRUCTURAS DE LA ARTICULACIÓN,Q,,,,SI
8194,81.94,SUTURA DE CÁPSULA O LIGAMENTO DE TOBILLO Y PIE,4,81,OPERACIONES DE REPARACIÓN Y PLÁSTICAS SOBRE ESTRUCTURAS DE LA ARTICULACIÓN,Q,,,,SI
8195,81.95,SUTURA DE CÁPSULA O LIGAMIENTO DE OTRA EXTREMIDAD INFERIOR,4,81,OPERACIONES DE REPARACIÓN Y PLÁSTICAS SOBRE ESTRUCTURAS DE LA ARTICULACIÓN,Q,,,,SI
8196,81.96,OTRA REPARACIÓN DE ARTICULACIÓN,4,81,OPERACIONES DE REPARACIÓN Y PLÁSTICAS SOBRE ESTRUCTURAS DE LA ARTICULACIÓN,Q,,,,SI
8197,81.97,REVISIÓN DE SUSTITUCIÓN DE ARTICULACIÓN DE EXTREMIDAD SUPERIOR,4,81,OPERACIONES DE REPARACIÓN Y PLÁSTICAS SOBRE ESTRUCTURAS DE LA ARTICULACIÓN,Q,,,,SI
8198,81.98,OTROS PROCEDIMIENTOS DIAGNÓSTICOS SOBRE ESTRUCTURA DE ARTICULACIÓN,4,81,OPERACIONES DE REPARACIÓN Y PLÁSTICAS SOBRE ESTRUCTURAS DE LA ARTICULACIÓN,Q,,,,SI
8199,81.99,OTRA REPARACIÓN SOBRE ESTRUCTURAS DE ARTICULACIÓN,4,81,OPERACIONES DE REPARACIÓN Y PLÁSTICAS SOBRE ESTRUCTURAS DE LA ARTICULACIÓN,Q,,,,SI
82,82,"OPERACIONES SOBRE MÚSCULO, TENDÓN Y FASCIA DE MANO",2,82,"OPERACIONES SOBRE MÚSCULO, TENDÓN Y FASCIA DE MANO",,,,,NO
820,82.0,"INCISIÓN DE MÚSCULO, TENDÓN, FASCIA Y BOLSA SINOVIAL DE MANO",3,82,"OPERACIONES SOBRE MÚSCULO, TENDÓN Y FASCIA DE MANO",,,,,NO
8201,82.01,EXPLORACIÓN DE VAINA DE TENDÓN DE MANO,4,82,"OPERACIONES SOBRE MÚSCULO, TENDÓN Y FASCIA DE MANO",Q,,,,SI
8202,82.02,MIOTOMÍA DE MANO,4,82,"OPERACIONES SOBRE MÚSCULO, TENDÓN Y FASCIA DE MANO",Q,,,,SI
8203,82.03,BURSOTOMÍA DE MANO,4,82,"OPERACIONES SOBRE MÚSCULO, TENDÓN Y FASCIA DE MANO",Q,,,,SI
8204,82.04,INCISIÓN Y DRENAJE DE ESPACIO PALMAR Y TENAR,4,82,"OPERACIONES SOBRE MÚSCULO, TENDÓN Y FASCIA DE MANO",Q,,,,SI
8209,82.09,OTRA INCISIÓN DE TEJIDO BLANDO DE MANO,4,82,"OPERACIONES SOBRE MÚSCULO, TENDÓN Y FASCIA DE MANO",Q,,,,SI
821,82.1,"DIVISIÓN DE MÚSCULO, TENDÓN Y FASCIA DE MANO",3,82,"OPERACIONES SOBRE MÚSCULO, TENDÓN Y FASCIA DE MANO",,,,,NO
8211,82.11,TENOTOMÍA DE MANO,4,82,"OPERACIONES SOBRE MÚSCULO, TENDÓN Y FASCIA DE MANO",Q,,,,SI
8212,82.12,FASCIOTOMÍA DE MANO,4,82,"OPERACIONES SOBRE MÚSCULO, TENDÓN Y FASCIA DE MANO",Q,,,,SI
8219,82.19,OTRA DIVISIÓN DE TEJIDO BLANDO DE MANO,4,82,"OPERACIONES SOBRE MÚSCULO, TENDÓN Y FASCIA DE MANO",Q,,,,SI
822,82.2,"EXCISIÓN DE LESIÓN DE MÚSCULO, TENDÓN Y FASCIA DE MANO",3,82,"OPERACIONES SOBRE MÚSCULO, TENDÓN Y FASCIA DE MANO",,,,,NO
8221,82.21,EXCISIÓN DE LESIÓN DE VAINA DE TENDÓN DE MANO,4,82,"OPERACIONES SOBRE MÚSCULO, TENDÓN Y FASCIA DE MANO",Q,,,,SI
8222,82.22,EXCISIÓN DE LESIÓN DE MÚSCULO DE MANO,4,82,"OPERACIONES SOBRE MÚSCULO, TENDÓN Y FASCIA DE MANO",Q,,,,SI
8229,82.29,EXCISIÓN DE OTRA LESIÓN DE TEJIDO DE MANO,4,82,"OPERACIONES SOBRE MÚSCULO, TENDÓN Y FASCIA DE MANO",Q,,,,SI
823,82.3,OTRA EXCISIÓN DE TEJIDO BLANDO DE MANO,3,82,"OPERACIONES SOBRE MÚSCULO, TENDÓN Y FASCIA DE MANO",,,,,NO
8231,82.31,BURSECTOMÍA DE MANO,4,82,"OPERACIONES SOBRE MÚSCULO, TENDÓN Y FASCIA DE MANO",Q,,,,SI
8232,82.32,EXCISIÓN DE TENDÓN DE MANO PARA INJERTO,4,82,"OPERACIONES SOBRE MÚSCULO, TENDÓN Y FASCIA DE MANO",Q,,,,SI
8233,82.33,OTRA TENDONECTOMÍA DE MANO,4,82,"OPERACIONES SOBRE MÚSCULO, TENDÓN Y FASCIA DE MANO",Q,,,,SI
8234,82.34,EXCISIÓN DE MÚSCULO O FASCIA DE MANO PARA INJERTO,4,82,"OPERACIONES SOBRE MÚSCULO, TENDÓN Y FASCIA DE MANO",Q,,,,SI
8235,82.35,OTRA FASCIECTOMÍA DE MANO,4,82,"OPERACIONES SOBRE MÚSCULO, TENDÓN Y FASCIA DE MANO",Q,,,,SI
8236,82.36,OTRA MIECTOMÍA DE MANO,4,82,"OPERACIONES SOBRE MÚSCULO, TENDÓN Y FASCIA DE MANO",Q,,,,SI
8239,82.39,OTRA EXCISIÓN DE TEJIDO BLANDO DE MANO,4,82,"OPERACIONES SOBRE MÚSCULO, TENDÓN Y FASCIA DE MANO",Q,,,,SI
824,82.4,"SUTURA DE MÚSCULO, TENDÓN Y FASCIA DE MANO",3,82,"OPERACIONES SOBRE MÚSCULO, TENDÓN Y FASCIA DE MANO",,,,,NO
8241,82.41,SUTURA DE VAINA DE TENDÓN DE MANO,4,82,"OPERACIONES SOBRE MÚSCULO, TENDÓN Y FASCIA DE MANO",Q,,,,SI
8242,82.42,SUTURA RETARDADA DEL TENDÓN FLEXOR DE MANO,4,82,"OPERACIONES SOBRE MÚSCULO, TENDÓN Y FASCIA DE MANO",Q,,,,SI
8243,82.43,SUTURA RETARDADA DE OTRO TENDÓN DE MANO,4,82,"OPERACIONES SOBRE MÚSCULO, TENDÓN Y FASCIA DE MANO",Q,,,,SI
8244,82.44,OTRA SUTURA DE TENDÓN FLEXOR DE MANO,4,82,"OPERACIONES SOBRE MÚSCULO, TENDÓN Y FASCIA DE MANO",Q,,,,SI
8245,82.45,OTRA SUTURA DE OTRO TENDÓN DE MANO,4,82,"OPERACIONES SOBRE MÚSCULO, TENDÓN Y FASCIA DE MANO",Q,,,,SI
8246,82.46,SUTURA DE MÚSCULO O FASCIA DE MANO,4,82,"OPERACIONES SOBRE MÚSCULO, TENDÓN Y FASCIA DE MANO",Q,,,,SI
825,82.5,TRASPLANTE DE MÚSCULO Y TENDÓN DE MANO,3,82,"OPERACIONES SOBRE MÚSCULO, TENDÓN Y FASCIA DE MANO",,,,,NO
8251,82.51,ADELANTAMIENTO DE TENDÓN DE MANO,4,82,"OPERACIONES SOBRE MÚSCULO, TENDÓN Y FASCIA DE MANO",Q,,,,SI
8252,82.52,RESECCIÓN DE TENDÓN DE MANO,4,82,"OPERACIONES SOBRE MÚSCULO, TENDÓN Y FASCIA DE MANO",Q,,,,SI
8253,82.53,REFIJACIÓN DE TENDÓN DE MANO,4,82,"OPERACIONES SOBRE MÚSCULO, TENDÓN Y FASCIA DE MANO",Q,,,,SI
8254,82.54,REFIJACIÓN DE MÚSCULO DE MANO,4,82,"OPERACIONES SOBRE MÚSCULO, TENDÓN Y FASCIA DE MANO",Q,,,,SI
8255,82.55,OTRO CAMBIO DE LONGITUD DE MÚSCULO O TENDÓN DE MANO,4,82,"OPERACIONES SOBRE MÚSCULO, TENDÓN Y FASCIA DE MANO",Q,,,,SI
8256,82.56,OTRA TRANSFERENCIA O TRASPLANTE DE TENDÓN DE MANO,4,82,"OPERACIONES SOBRE MÚSCULO, TENDÓN Y FASCIA DE MANO",Q,,,,SI
8257,82.57,OTRA TRANSPOSICIÓN DE TENDÓN DE MANO,4,82,"OPERACIONES SOBRE MÚSCULO, TENDÓN Y FASCIA DE MANO",Q,,,,SI
8258,82.58,OTRA TRANSFERENCIA O TRASPLANTE DE MÚSCULO DE MANO,4,82,"OPERACIONES SOBRE MÚSCULO, TENDÓN Y FASCIA DE MANO",Q,,,,SI
8259,82.59,OTRA TRASPOSICIÓN DE MÚSCULO DE MANO,4,82,"OPERACIONES SOBRE MÚSCULO, TENDÓN Y FASCIA DE MANO",Q,,,,SI
826,82.6,RECONSTRUCCIÓN DE DEDO PULGAR,3,82,"OPERACIONES SOBRE MÚSCULO, TENDÓN Y FASCIA DE MANO",,,,,NO
8261,82.61,OPERACIÓN DE POLICIZACIÓN CON TRANSFERENCIA DE NERVIOS Y APORTE VASCULAR,4,82,"OPERACIONES SOBRE MÚSCULO, TENDÓN Y FASCIA DE MANO",Q,,,,SI
8269,82.69,OTRA RECONSTRUCCIÓN DE DEDO PULGAR,4,82,"OPERACIONES SOBRE MÚSCULO, TENDÓN Y FASCIA DE MANO",Q,,,,SI
827,82.7,OPERACIÓN PLÁSTICA SOBRE MANO CON INJERTO O IMPLANTE,3,82,"OPERACIONES SOBRE MÚSCULO, TENDÓN Y FASCIA DE MANO",,,,,NO
8271,82.71,RECONSTRUCCIÓN DE POLEA DE TENDÓN,4,82,"OPERACIONES SOBRE MÚSCULO, TENDÓN Y FASCIA DE MANO",Q,,,,SI
8272,82.72,OPERACIÓN PLÁSTICA SOBRE MANO CON INJERTO DE MÚSCULO O FASCIA,4,82,"OPERACIONES SOBRE MÚSCULO, TENDÓN Y FASCIA DE MANO",Q,,,,SI
8279,82.79,OPERACIÓN PLÁSTICA SOBRE MANO CON INJERTO O IMPLANTACIÓN,4,82,"OPERACIONES SOBRE MÚSCULO, TENDÓN Y FASCIA DE MANO",Q,,,,SI
828,82.8,OTRAS OPERACIONES PLÁSTICAS SOBRE MANO,3,82,"OPERACIONES SOBRE MÚSCULO, TENDÓN Y FASCIA DE MANO",,,,,NO
8281,82.81,"TRANSFERENCIA DE DEDO, SALVO PULGAR",4,82,"OPERACIONES SOBRE MÚSCULO, TENDÓN Y FASCIA DE MANO",Q,,,,SI
8282,82.82,REPARACIÓN DE MANO HENDIDA,4,82,"OPERACIONES SOBRE MÚSCULO, TENDÓN Y FASCIA DE MANO",Q,,,,SI
8283,82.83,REPARACIÓN DE MACRODACTILIA,4,82,"OPERACIONES SOBRE MÚSCULO, TENDÓN Y FASCIA DE MANO",Q,,,,SI
8284,82.84,REPARACIÓN DE DEDO EN MARTILLO DE LA MANO,4,82,"OPERACIONES SOBRE MÚSCULO, TENDÓN Y FASCIA DE MANO",Q,,,,SI
8285,82.85,OTRA TENODESIS DE MANO,4,82,"OPERACIONES SOBRE MÚSCULO, TENDÓN Y FASCIA DE MANO",Q,,,,SI
8286,82.86,OTRA TENOPLASTIA DE MANO,4,82,"OPERACIONES SOBRE MÚSCULO, TENDÓN Y FASCIA DE MANO",Q,,,,SI
8289,82.89,OTRAS OPERACIONES PLÁSTICAS SOBRE MANO,4,82,"OPERACIONES SOBRE MÚSCULO, TENDÓN Y FASCIA DE MANO",Q,,,,SI
829,82.9,"OTRAS OPERACIONES SOBRE MÚSCULOS, TENDÓN Y FASCIA DE MANO",3,82,"OPERACIONES SOBRE MÚSCULO, TENDÓN Y FASCIA DE MANO",,,,,NO
8291,82.91,LISIS DE ADHERENCIAS DE MANO,4,82,"OPERACIONES SOBRE MÚSCULO, TENDÓN Y FASCIA DE MANO",Q,,,,SI
8292,82.92,ASPIRACIÓN DE BOLSA SINOVIAL DE MANO,4,82,"OPERACIONES SOBRE MÚSCULO, TENDÓN Y FASCIA DE MANO",Q,,,,SI
8293,82.93,ASPIRACIÓN DE OTRO TEJIDO BLANDO DE MANO,4,82,"OPERACIONES SOBRE MÚSCULO, TENDÓN Y FASCIA DE MANO",Q,,,,SI
8294,82.94,INYECCIÓN DE SUSTANCIA TERAPÉUTICA EN BOLSA SINOVIAL DE MANO,4,82,"OPERACIONES SOBRE MÚSCULO, TENDÓN Y FASCIA DE MANO",Q,,,,SI
8295,82.95,INYECCIÓN DE SUSTANCIA TERAPÉUTICA EN TENDÓN DE MANO,4,82,"OPERACIONES SOBRE MÚSCULO, TENDÓN Y FASCIA DE MANO",Q,,,,SI
8296,82.96,OTRA INYECCIÓN DE SUSTANCIA TERAPÉUTICA DE ACCIÓN LOCAL EN TEJIDO BLANDO DE MANO,4,82,"OPERACIONES SOBRE MÚSCULO, TENDÓN Y FASCIA DE MANO",Q,,,,SI
8299,82.99,"OTRAS OPERACIONES SOBRE MÚSCULO, TENDÓN Y FASCIA DE MANO",4,82,"OPERACIONES SOBRE MÚSCULO, TENDÓN Y FASCIA DE MANO",Q,,,,SI
83,83,"OPERACIONES SOBRE MÚSCULO, TENDÓN, FASCIA Y BOLSA SINOVIAL SALVO DE LA MANO",2,83,"OPERACIONES SOBRE MÚSCULO, TENDÓN, FASCIA Y BOLSA SINOVIAL SALVO DE LA MANO",,,,,NO
830,83.0,"INCISIÓN DE MÚSCULO, TENDÓN, FASCIA Y BOLSA SINOVIAL",3,83,"OPERACIONES SOBRE MÚSCULO, TENDÓN, FASCIA Y BOLSA SINOVIAL SALVO DE LA MANO",,,,,NO
8301,83.01,EXPLORACIÓN DE VAINA DE TENDÓN,4,83,"OPERACIONES SOBRE MÚSCULO, TENDÓN, FASCIA Y BOLSA SINOVIAL SALVO DE LA MANO",Q,,,,SI
8302,83.02,MIOTOMÍA,4,83,"OPERACIONES SOBRE MÚSCULO, TENDÓN, FASCIA Y BOLSA SINOVIAL SALVO DE LA MANO",Q,,,,SI
8303,83.03,BURSOTOMÍA,4,83,"OPERACIONES SOBRE MÚSCULO, TENDÓN, FASCIA Y BOLSA SINOVIAL SALVO DE LA MANO",Q,,,,SI
8309,83.09,OTRA INCISIÓN DE TEJIDO BLANDO,4,83,"OPERACIONES SOBRE MÚSCULO, TENDÓN, FASCIA Y BOLSA SINOVIAL SALVO DE LA MANO",Q,,,,SI
831,83.1,"DIVISIÓN DE MÚSCULO, TENDÓN Y FASCIA",3,83,"OPERACIONES SOBRE MÚSCULO, TENDÓN, FASCIA Y BOLSA SINOVIAL SALVO DE LA MANO",,,,,NO
8311,83.11,TENOTOMIA DE AQUILES,4,83,"OPERACIONES SOBRE MÚSCULO, TENDÓN, FASCIA Y BOLSA SINOVIAL SALVO DE LA MANO",Q,,,,SI
8312,83.12,TENOTOMÍA DE ADUCTOR DE CADERA,4,83,"OPERACIONES SOBRE MÚSCULO, TENDÓN, FASCIA Y BOLSA SINOVIAL SALVO DE LA MANO",Q,,,,SI
8313,83.13,OTRA TENOTOMÍA,4,83,"OPERACIONES SOBRE MÚSCULO, TENDÓN, FASCIA Y BOLSA SINOVIAL SALVO DE LA MANO",Q,,,,SI
8314,83.14,FASCIOTOMÍA,4,83,"OPERACIONES SOBRE MÚSCULO, TENDÓN, FASCIA Y BOLSA SINOVIAL SALVO DE LA MANO",Q,,,,SI
8319,83.19,OTRA DIVISIÓN DE TEJIDO BLANDO,4,83,"OPERACIONES SOBRE MÚSCULO, TENDÓN, FASCIA Y BOLSA SINOVIAL SALVO DE LA MANO",Q,,,,SI
832,83.2,"PROCEDIMIENTOS DIAGNÓSTICOS SOBRE MÚSCULO, TENDÓN, FASCIA Y BOLSA SINOVIAL, INCLUSO AQUEL DE MANO",3,83,"OPERACIONES SOBRE MÚSCULO, TENDÓN, FASCIA Y BOLSA SINOVIAL SALVO DE LA MANO",,,,,NO
8321,83.21,BIOPSIA DE TEJIDO BLANDO,4,83,"OPERACIONES SOBRE MÚSCULO, TENDÓN, FASCIA Y BOLSA SINOVIAL SALVO DE LA MANO",D,,,,SI
8329,83.29,"OTROS PROCEDIMIENTOS DIAGNÓSTICOS SOBRE MÚSCULO, TENDÓN, FASCIA Y BOLSA SINOVIAL, INCLUSO AQUEL DE MANO",4,83,"OPERACIONES SOBRE MÚSCULO, TENDÓN, FASCIA Y BOLSA SINOVIAL SALVO DE LA MANO",D,,,,SI
833,83.3,"EXCISIÓN DE LESIÓN DE MÚSCULO, TENDÓN, FASCIA Y BOLSA SINOVIAL",3,83,"OPERACIONES SOBRE MÚSCULO, TENDÓN, FASCIA Y BOLSA SINOVIAL SALVO DE LA MANO",,,,,NO
8331,83.31,EXCISIÓN DE LESIÓN DE VAINA DE TENDÓN,4,83,"OPERACIONES SOBRE MÚSCULO, TENDÓN, FASCIA Y BOLSA SINOVIAL SALVO DE LA MANO",Q,,,,SI
8332,83.32,EXCISIÓN DE LESIÓN DE MÚSCULO,4,83,"OPERACIONES SOBRE MÚSCULO, TENDÓN, FASCIA Y BOLSA SINOVIAL SALVO DE LA MANO",Q,,,,SI
8339,83.39,EXCISIÓN DE LESIÓN DE OTRO TEJIDO BLANDO,4,83,"OPERACIONES SOBRE MÚSCULO, TENDÓN, FASCIA Y BOLSA SINOVIAL SALVO DE LA MANO",Q,,,,SI
834,83.4,"OTRA EXCISIÓN DE MÚSCULO, TENDÓN Y FASCIA",3,83,"OPERACIONES SOBRE MÚSCULO, TENDÓN, FASCIA Y BOLSA SINOVIAL SALVO DE LA MANO",,,,,NO
8341,83.41,EXCISIÓN DE TENDÓN PARA INJERTO,4,83,"OPERACIONES SOBRE MÚSCULO, TENDÓN, FASCIA Y BOLSA SINOVIAL SALVO DE LA MANO",Q,,,,SI
8342,83.42,OTRA TENDONECTOMÍA,4,83,"OPERACIONES SOBRE MÚSCULO, TENDÓN, FASCIA Y BOLSA SINOVIAL SALVO DE LA MANO",Q,,,,SI
8343,83.43,EXCISIÓN DE MÚSCULO O FASCIA PARA INJERTO,4,83,"OPERACIONES SOBRE MÚSCULO, TENDÓN, FASCIA Y BOLSA SINOVIAL SALVO DE LA MANO",Q,,,,SI
8344,83.44,OTRA FASCIECTOMÍA,4,83,"OPERACIONES SOBRE MÚSCULO, TENDÓN, FASCIA Y BOLSA SINOVIAL SALVO DE LA MANO",Q,,,,SI
8345,83.45,OTRA MIECTOMÍA,4,83,"OPERACIONES SOBRE MÚSCULO, TENDÓN, FASCIA Y BOLSA SINOVIAL SALVO DE LA MANO",Q,,,,SI
8349,83.49,OTRA EXCISIÓN DE TEJIDO BLANDO,4,83,"OPERACIONES SOBRE MÚSCULO, TENDÓN, FASCIA Y BOLSA SINOVIAL SALVO DE LA MANO",Q,,,,SI
835,83.5,BURSECTOMÍA,3,83,"OPERACIONES SOBRE MÚSCULO, TENDÓN, FASCIA Y BOLSA SINOVIAL SALVO DE LA MANO",,,,,NO
835X,83.5X,BURSECTOMÍA,4,83,"OPERACIONES SOBRE MÚSCULO, TENDÓN, FASCIA Y BOLSA SINOVIAL SALVO DE LA MANO",Q,,,,SI
836,83.6,"SUTURA DE MÚSCULO, TENDÓN Y FASCIA",3,83,"OPERACIONES SOBRE MÚSCULO, TENDÓN, FASCIA Y BOLSA SINOVIAL SALVO DE LA MANO",,,,,NO
8361,83.61,SUTURA DE VAINA DE TENDÓN,4,83,"OPERACIONES SOBRE MÚSCULO, TENDÓN, FASCIA Y BOLSA SINOVIAL SALVO DE LA MANO",Q,,,,SI
8362,83.62,SUTURA RETARDADA DE TENDÓN,4,83,"OPERACIONES SOBRE MÚSCULO, TENDÓN, FASCIA Y BOLSA SINOVIAL SALVO DE LA MANO",Q,,,,SI
8363,83.63,REPARACIÓN DE MANGUITO DE LOS ROTADORES,4,83,"OPERACIONES SOBRE MÚSCULO, TENDÓN, FASCIA Y BOLSA SINOVIAL SALVO DE LA MANO",Q,,,,SI
8364,83.64,OTRA SUTURA DE TENDÓN,4,83,"OPERACIONES SOBRE MÚSCULO, TENDÓN, FASCIA Y BOLSA SINOVIAL SALVO DE LA MANO",Q,,,,SI
8365,83.65,OTRA SUTURA DE MÚSCULO O FASCIA,4,83,"OPERACIONES SOBRE MÚSCULO, TENDÓN, FASCIA Y BOLSA SINOVIAL SALVO DE LA MANO",Q,,,,SI
837,83.7,RECONSTRUCCIÓN DE MÚSCULOS Y TENDÓN,3,83,"OPERACIONES SOBRE MÚSCULO, TENDÓN, FASCIA Y BOLSA SINOVIAL SALVO DE LA MANO",,,,,NO
8371,83.71,ADELANTAMIENTO DE TENDÓN,4,83,"OPERACIONES SOBRE MÚSCULO, TENDÓN, FASCIA Y BOLSA SINOVIAL SALVO DE LA MANO",Q,,,,SI
8372,83.72,RESECCIÓN DE TENDÓN,4,83,"OPERACIONES SOBRE MÚSCULO, TENDÓN, FASCIA Y BOLSA SINOVIAL SALVO DE LA MANO",Q,,,,SI
8373,83.73,REANCLAJE DE TENDÓN,4,83,"OPERACIONES SOBRE MÚSCULO, TENDÓN, FASCIA Y BOLSA SINOVIAL SALVO DE LA MANO",Q,,,,SI
8374,83.74,REANCLAJE DE MÚSCULO,4,83,"OPERACIONES SOBRE MÚSCULO, TENDÓN, FASCIA Y BOLSA SINOVIAL SALVO DE LA MANO",Q,,,,SI
8375,83.75,TRANSFERENCIA O TRASPLANTE DE TENDÓN,4,83,"OPERACIONES SOBRE MÚSCULO, TENDÓN, FASCIA Y BOLSA SINOVIAL SALVO DE LA MANO",Q,,,,SI
8376,83.76,OTRA TRASPOSICIÓN DE TENDÓN,4,83,"OPERACIONES SOBRE MÚSCULO, TENDÓN, FASCIA Y BOLSA SINOVIAL SALVO DE LA MANO",Q,,,,SI
8377,83.77,TRANSFERENCIA O TRASPLANTE DE MÚSCULO,4,83,"OPERACIONES SOBRE MÚSCULO, TENDÓN, FASCIA Y BOLSA SINOVIAL SALVO DE LA MANO",Q,,,,SI
8379,83.79,OTRA TRASPOSICIÓN DE MÚSCULO,4,83,"OPERACIONES SOBRE MÚSCULO, TENDÓN, FASCIA Y BOLSA SINOVIAL SALVO DE LA MANO",Q,,,,SI
838,83.8,"OTRAS OPERACIONES PLÁSTICAS SOBRE MÚSCULO, TENDÓN Y FASCIA",3,83,"OPERACIONES SOBRE MÚSCULO, TENDÓN, FASCIA Y BOLSA SINOVIAL SALVO DE LA MANO",,,,,NO
8381,83.81,INJERTO DE TENDÓN,4,83,"OPERACIONES SOBRE MÚSCULO, TENDÓN, FASCIA Y BOLSA SINOVIAL SALVO DE LA MANO",Q,,,,SI
8382,83.82,INJERTO DE MÚSCULO O FASCIA,4,83,"OPERACIONES SOBRE MÚSCULO, TENDÓN, FASCIA Y BOLSA SINOVIAL SALVO DE LA MANO",Q,,,,SI
8383,83.83,RECONSTRUCCIÓN DE POLEA DE TENDÓN,4,83,"OPERACIONES SOBRE MÚSCULO, TENDÓN, FASCIA Y BOLSA SINOVIAL SALVO DE LA MANO",Q,,,,SI
8384,83.84,LIBERACIÓN DE PIE TALO NO CLASIFICADA BAJO OTRO CONCEPTO,4,83,"OPERACIONES SOBRE MÚSCULO, TENDÓN, FASCIA Y BOLSA SINOVIAL SALVO DE LA MANO",Q,,,,SI
8385,83.85,OTRO CAMBIO EN LONGITUD DE MÚSCULO O TENDÓN,4,83,"OPERACIONES SOBRE MÚSCULO, TENDÓN, FASCIA Y BOLSA SINOVIAL SALVO DE LA MANO",Q,,,,SI
8386,83.86,PLASTIA DE CUADRÍCEPS,4,83,"OPERACIONES SOBRE MÚSCULO, TENDÓN, FASCIA Y BOLSA SINOVIAL SALVO DE LA MANO",Q,,,,SI
8387,83.87,OTRAS OPERACIONES PLÁSTICAS SOBRE MÚSCULO,4,83,"OPERACIONES SOBRE MÚSCULO, TENDÓN, FASCIA Y BOLSA SINOVIAL SALVO DE LA MANO",Q,,,,SI
8388,83.88,OTRAS OPERACIONES PLÁSTICAS SOBRE TENDÓN,4,83,"OPERACIONES SOBRE MÚSCULO, TENDÓN, FASCIA Y BOLSA SINOVIAL SALVO DE LA MANO",Q,,,,SI
8389,83.89,OTRAS OPERACIONES PLÁSTICAS SOBRE FASCIA,4,83,"OPERACIONES SOBRE MÚSCULO, TENDÓN, FASCIA Y BOLSA SINOVIAL SALVO DE LA MANO",Q,,,,SI
839,83.9,"OTRAS OPERACIONES SOBRE MÚSCULO, TENDÓN FASCIA Y BOLSA SINOVIAL",3,83,"OPERACIONES SOBRE MÚSCULO, TENDÓN, FASCIA Y BOLSA SINOVIAL SALVO DE LA MANO",,,,,NO
8391,83.91,"LISIS DE ADHERENCIAS DE MÚSCULO, TENDÓN, FASCIA Y BOLSA SINOVIAL",4,83,"OPERACIONES SOBRE MÚSCULO, TENDÓN, FASCIA Y BOLSA SINOVIAL SALVO DE LA MANO",Q,,,,SI
8392,83.92,INSERCIÓN O SUSTITUCIÓN DE ESTIMULADOR DE MÚSCULO ESQUELÉTICO,4,83,"OPERACIONES SOBRE MÚSCULO, TENDÓN, FASCIA Y BOLSA SINOVIAL SALVO DE LA MANO",Q,,,,SI
8393,83.93,EXTRACCIÓN DE ESTIMULADOR DE MÚSCULO ESQUELÉTICO,4,83,"OPERACIONES SOBRE MÚSCULO, TENDÓN, FASCIA Y BOLSA SINOVIAL SALVO DE LA MANO",Q,,,,SI
8394,83.94,ASPIRACIÓN DE BOLSA SINOVIAL,4,83,"OPERACIONES SOBRE MÚSCULO, TENDÓN, FASCIA Y BOLSA SINOVIAL SALVO DE LA MANO",Q,,,,SI
8395,83.95,ASPIRACIÓN DE OTRO TEJIDO BLANDO,4,83,"OPERACIONES SOBRE MÚSCULO, TENDÓN, FASCIA Y BOLSA SINOVIAL SALVO DE LA MANO",Q,,,,SI
8396,83.96,INYECCIÓN DE SUSTANCIA TERAPÉUTICA EN BOLSA SINOVIAL,4,83,"OPERACIONES SOBRE MÚSCULO, TENDÓN, FASCIA Y BOLSA SINOVIAL SALVO DE LA MANO",Q,,,,SI
8397,83.97,INYECCIÓN DE SUSTANCIA TERAPÉUTICA EN TENDÓN,4,83,"OPERACIONES SOBRE MÚSCULO, TENDÓN, FASCIA Y BOLSA SINOVIAL SALVO DE LA MANO",Q,,,,SI
8398,83.98,INYECCIÓN DE SUSTANCIA TERAPÉUTICA DE ACCIÓN LOCAL EN OTRO TEJIDO BLANDO,4,83,"OPERACIONES SOBRE MÚSCULO, TENDÓN, FASCIA Y BOLSA SINOVIAL SALVO DE LA MANO",Q,,,,SI
8399,83.99,"OTRAS OPERACIONES SOBRE MÚSCULO, TENDÓN, FASCIA Y BOLSA SINOVIAL",4,83,"OPERACIONES SOBRE MÚSCULO, TENDÓN, FASCIA Y BOLSA SINOVIAL SALVO DE LA MANO",Q,,,,SI
84,84,OTROS PROCEDIMIENTOS SOBRE APARATO MUSCULOESQUELÉTICO,2,84,OTROS PROCEDIMIENTOS SOBRE APARATO MUSCULOESQUELÉTICO,,,,,NO
840,84.0,AMPUTACIÓN DE MIEMBRO SUPERIOR,3,84,OTROS PROCEDIMIENTOS SOBRE APARATO MUSCULOESQUELÉTICO,,,,,NO
8400,84.00,"AMPUTACIÓN DE MIEMBRO SUPERIOR, NO ESPECIFICADA DE OTRA MANERA",4,84,OTROS PROCEDIMIENTOS SOBRE APARATO MUSCULOESQUELÉTICO,Q,,,,SI
8401,84.01,AMPUTACIÓN Y DESARTICULACIÓN DE DEDO DE MANO,4,84,OTROS PROCEDIMIENTOS SOBRE APARATO MUSCULOESQUELÉTICO,Q,,,,SI
8402,84.02,AMPUTACIÓN Y DESARTICULACIÓN DE DEDO PULGAR,4,84,OTROS PROCEDIMIENTOS SOBRE APARATO MUSCULOESQUELÉTICO,Q,,,,SI
8403,84.03,AMPUTACIÓN A TRAVÉS DE MANO,4,84,OTROS PROCEDIMIENTOS SOBRE APARATO MUSCULOESQUELÉTICO,Q,,,,SI
8404,84.04,DESARTICULACIÓN DE MUÑECA,4,84,OTROS PROCEDIMIENTOS SOBRE APARATO MUSCULOESQUELÉTICO,Q,,,,SI
8405,84.05,AMPUTACIÓN A TRAVÉS DE ANTEBRAZO,4,84,OTROS PROCEDIMIENTOS SOBRE APARATO MUSCULOESQUELÉTICO,Q,,,,SI
8406,84.06,DESARTICULACIÓN DE CODO,4,84,OTROS PROCEDIMIENTOS SOBRE APARATO MUSCULOESQUELÉTICO,Q,,,,SI
8407,84.07,AMPUTACIÓN A TRAVÉS DE HÚMERO,4,84,OTROS PROCEDIMIENTOS SOBRE APARATO MUSCULOESQUELÉTICO,Q,,,,SI
8408,84.08,DESARTICULACIÓN DE HOMBRO,4,84,OTROS PROCEDIMIENTOS SOBRE APARATO MUSCULOESQUELÉTICO,Q,,,,SI
8409,84.09,AMPUTACIÓN INTERTORACOESCAPULAR,4,84,OTROS PROCEDIMIENTOS SOBRE APARATO MUSCULOESQUELÉTICO,Q,,,,SI
841,84.1,AMPUTACIÓN DE MIEMBRO INFERIOR,3,84,OTROS PROCEDIMIENTOS SOBRE APARATO MUSCULOESQUELÉTICO,,,,,NO
8410,84.10,"AMPUTACIÓN DE MIEMBRO INFERIOR, NO ESPECIFICADA DE OTRA MANERA",4,84,OTROS PROCEDIMIENTOS SOBRE APARATO MUSCULOESQUELÉTICO,Q,,,,SI
8411,84.11,AMPUTACIÓN DE DEDO DE PIE,4,84,OTROS PROCEDIMIENTOS SOBRE APARATO MUSCULOESQUELÉTICO,Q,,,,SI
8412,84.12,AMPUTACIÓN A TRAVÉS DE PIE,4,84,OTROS PROCEDIMIENTOS SOBRE APARATO MUSCULOESQUELÉTICO,Q,,,,SI
8413,84.13,DESARTICULACIÓN DE TOBILLO,4,84,OTROS PROCEDIMIENTOS SOBRE APARATO MUSCULOESQUELÉTICO,Q,,,,SI
8414,84.14,AMPUTACIÓN DE TOBILLO A TRAVÉS DE MALÉOLOS DE TIBIA Y PERONÉ,4,84,OTROS PROCEDIMIENTOS SOBRE APARATO MUSCULOESQUELÉTICO,Q,,,,SI
8415,84.15,OTRA AMPUTACIÓN DEBAJO DE LA RODILLA,4,84,OTROS PROCEDIMIENTOS SOBRE APARATO MUSCULOESQUELÉTICO,Q,,,,SI
8416,84.16,DESARTICULACIÓN DE RODILLA,4,84,OTROS PROCEDIMIENTOS SOBRE APARATO MUSCULOESQUELÉTICO,Q,,,,SI
8417,84.17,AMPUTACIÓN POR ENCIMA DE LA RODILLA,4,84,OTROS PROCEDIMIENTOS SOBRE APARATO MUSCULOESQUELÉTICO,Q,,,,SI
8418,84.18,DESARTICULACIÓN DE CADERA,4,84,OTROS PROCEDIMIENTOS SOBRE APARATO MUSCULOESQUELÉTICO,Q,,,,SI
8419,84.19,AMPUTACIÓN ABDOMINOPÉLVICA,4,84,OTROS PROCEDIMIENTOS SOBRE APARATO MUSCULOESQUELÉTICO,Q,,,,SI
842,84.2,REIMPLANTE DE EXTREMIDAD,3,84,OTROS PROCEDIMIENTOS SOBRE APARATO MUSCULOESQUELÉTICO,,,,,NO
8421,84.21,REIMPLANTE DE DEDO PULGAR,4,84,OTROS PROCEDIMIENTOS SOBRE APARATO MUSCULOESQUELÉTICO,Q,,,,SI
8422,84.22,REIMPLANTE DE DEDO DE MANO,4,84,OTROS PROCEDIMIENTOS SOBRE APARATO MUSCULOESQUELÉTICO,Q,,,,SI
8423,84.23,"REIMPLANTE DE ANTEBRAZO, MUÑECA O MANO",4,84,OTROS PROCEDIMIENTOS SOBRE APARATO MUSCULOESQUELÉTICO,Q,,,,SI
8424,84.24,REIMPLANTE DE BRAZO SUPERIOR,4,84,OTROS PROCEDIMIENTOS SOBRE APARATO MUSCULOESQUELÉTICO,Q,,,,SI
8425,84.25,REIMPLANTE DE DEDO DE PIE,4,84,OTROS PROCEDIMIENTOS SOBRE APARATO MUSCULOESQUELÉTICO,Q,,,,SI
8426,84.26,REIMPLANTE DE PIE,4,84,OTROS PROCEDIMIENTOS SOBRE APARATO MUSCULOESQUELÉTICO,Q,,,,SI
8427,84.27,REIMPLANTE DE PIERNA INFERIOR Y TOBILLO,4,84,OTROS PROCEDIMIENTOS SOBRE APARATO MUSCULOESQUELÉTICO,Q,,,,SI
8428,84.28,REIMPLANTE DE MUSLO,4,84,OTROS PROCEDIMIENTOS SOBRE APARATO MUSCULOESQUELÉTICO,Q,,,,SI
8429,84.29,OTRO REIMPLANTE,4,84,OTROS PROCEDIMIENTOS SOBRE APARATO MUSCULOESQUELÉTICO,Q,,,,SI
843,84.3,REVISIÓN DE MUÑÓN DE AMPUTACIÓN,3,84,OTROS PROCEDIMIENTOS SOBRE APARATO MUSCULOESQUELÉTICO,,,,,NO
843X,84.3X,REVISIÓN DE MUÑÓN DE AMPUTACIÓN,4,84,OTROS PROCEDIMIENTOS SOBRE APARATO MUSCULOESQUELÉTICO,Q,,,,SI
844,84.4,IMPLANTACIÓN O COLOCACIÓN DE DISPOSITIVO DE MIEMBRO PROTÉSICO,3,84,OTROS PROCEDIMIENTOS SOBRE APARATO MUSCULOESQUELÉTICO,,,,,NO
8440,84.40,"IMPLANTACIÓN O COLOCACIÓN DE DISPOSITIVO DE MIEMBRO PROTÉSICO, NO ESPECIFICADA DE OTRA MANERA",4,84,OTROS PROCEDIMIENTOS SOBRE APARATO MUSCULOESQUELÉTICO,T,,,,SI
8441,84.41,COLOCACIÓN DE PRÓTESIS DE BRAZO SUPERIOR Y HOMBRO,4,84,OTROS PROCEDIMIENTOS SOBRE APARATO MUSCULOESQUELÉTICO,T,,,,SI
8442,84.42,COLOCACIÓN DE PRÓTESIS DE BRAZO INFERIOR Y MANO,4,84,OTROS PROCEDIMIENTOS SOBRE APARATO MUSCULOESQUELÉTICO,T,,,,SI
8443,84.43,"COLOCACIÓN DE PRÓTESIS DE BRAZO, NO ESPECIFICADA DE OTRA MANERA",4,84,OTROS PROCEDIMIENTOS SOBRE APARATO MUSCULOESQUELÉTICO,T,,,,SI
8444,84.44,IMPLANTACIÓN DE DISPOSITIVO PROTÉSICO DE BRAZO,4,84,OTROS PROCEDIMIENTOS SOBRE APARATO MUSCULOESQUELÉTICO,T,,,,SI
8445,84.45,COLOCACIÓN DE PRÓTESIS ENCIMA DE LA RODILLA,4,84,OTROS PROCEDIMIENTOS SOBRE APARATO MUSCULOESQUELÉTICO,T,,,,SI
8446,84.46,COLOCACIÓN DE PRÓTESIS DEBAJO DE LA RODILLA,4,84,OTROS PROCEDIMIENTOS SOBRE APARATO MUSCULOESQUELÉTICO,T,,,,SI
8447,84.47,"COLOCACIÓN DE PRÓTESIS DE PIERNA, NO ESPECIFICADA DE OTRA MANERA",4,84,OTROS PROCEDIMIENTOS SOBRE APARATO MUSCULOESQUELÉTICO,T,,,,SI
8448,84.48,IMPLANTACIÓN DE DISPOSITIVO PROTÉSICO DE PIERNA,4,84,OTROS PROCEDIMIENTOS SOBRE APARATO MUSCULOESQUELÉTICO,T,,,,SI
845,84.5,IMPLANTACIÓN DE OTRAS SUSTANCIAS Y DISPOSITIVOS MUSCULOESQUELÉTICOS,3,84,OTROS PROCEDIMIENTOS SOBRE APARATO MUSCULOESQUELÉTICO,,,,,NO
8451,84.51,INSERCIÓN DE DISPOSITIVO DE FUSIÓN VERTEBRAL INTERSOMÁTICO,4,84,OTROS PROCEDIMIENTOS SOBRE APARATO MUSCULOESQUELÉTICO,Q,,,,SI
8452,84.52,INSERCIÓN DE PROTEÍNA MORFOGENÉTICA ÓSEA RECOMBINANTE,4,84,OTROS PROCEDIMIENTOS SOBRE APARATO MUSCULOESQUELÉTICO,Q,,,,SI
8453,84.53,IMPLANTACIÓN DE DISPOSITIVO INTERNO DE ALARGAMIENTO DE MIEMBRO CON TRACCIÓN CINÉTICA,4,84,OTROS PROCEDIMIENTOS SOBRE APARATO MUSCULOESQUELÉTICO,Q,,,,SI
8454,84.54,IMPLANTACIÓN DE OTRO DISPOSITIVO INTERNO DE ALARGAMIENTO DE MIEMBRO,4,84,OTROS PROCEDIMIENTOS SOBRE APARATO MUSCULOESQUELÉTICO,Q,,,,SI
8455,84.55,INSERCIÓN DE RELLENADOR DE HUESO,4,84,OTROS PROCEDIMIENTOS SOBRE APARATO MUSCULOESQUELÉTICO,Q,,,,SI
8456,84.56,INSERCIÓN O REEMPLAZO DE ESPACIADOR (CEMENTO),4,84,OTROS PROCEDIMIENTOS SOBRE APARATO MUSCULOESQUELÉTICO,Q,,,,SI
8457,84.57,RETIRO DE ESPACIADOR (CEMENTO),4,84,OTROS PROCEDIMIENTOS SOBRE APARATO MUSCULOESQUELÉTICO,Q,,,,SI
8459,84.59,INSERCIÓN DE OTROS DISPOSITIVOS VERTEBRALES,4,84,OTROS PROCEDIMIENTOS SOBRE APARATO MUSCULOESQUELÉTICO,Q,,,,SI
846,84.6,SUSTITUCIÓN DE DISCO INTERVERTEBRAL,3,84,OTROS PROCEDIMIENTOS SOBRE APARATO MUSCULOESQUELÉTICO,,,,,NO
8460,84.60,"INSERCIÓN DE PRÓTESIS DE DISCO INTERVERTEBRAL, NO ESPECIFICADO DE OTRA MANERA",4,84,OTROS PROCEDIMIENTOS SOBRE APARATO MUSCULOESQUELÉTICO,Q,,,,SI
8461,84.61,"INSERCIÓN DE PRÓTESIS PARCIAL DE DISCO INTERVERTEBRAL, CERVICAL",4,84,OTROS PROCEDIMIENTOS SOBRE APARATO MUSCULOESQUELÉTICO,Q,,,,SI
8462,84.62,"INSERCIÓN DE PRÓTESIS TOTAL DE DISCO INTERVERTEBRAL, CERVICAL",4,84,OTROS PROCEDIMIENTOS SOBRE APARATO MUSCULOESQUELÉTICO,Q,,,,SI
8463,84.63,"INSERCIÓN DE PRÓTESIS DE DISCO INTERVERTEBRAL, TORÁCICO",4,84,OTROS PROCEDIMIENTOS SOBRE APARATO MUSCULOESQUELÉTICO,Q,,,,SI
8464,84.64,"INSERCIÓN DE PRÓTESIS PARCIAL DE DISCO INTERVERTEBRAL, LUMBOSACRA",4,84,OTROS PROCEDIMIENTOS SOBRE APARATO MUSCULOESQUELÉTICO,Q,,,,SI
8465,84.65,"INSERCIÓN DE PRÓTESIS TOTAL DE DISCO INTERVERTEBRAL, LUMBOSACRA",4,84,OTROS PROCEDIMIENTOS SOBRE APARATO MUSCULOESQUELÉTICO,Q,,,,SI
8466,84.66,"REVISIÓN O SUSTITUCIÓN DE PRÓTESIS ARTIFICIAL DE DISCO INTERVERTEBRAL, CERVICAL",4,84,OTROS PROCEDIMIENTOS SOBRE APARATO MUSCULOESQUELÉTICO,Q,,,,SI
8467,84.67,"REVISIÓN O SUSTITUCIÓN DE PRÓTESIS ARTIFICIAL DE DISCO INTERVERTEBRAL, TORÁCICO",4,84,OTROS PROCEDIMIENTOS SOBRE APARATO MUSCULOESQUELÉTICO,Q,,,,SI
8468,84.68,"REVISIÓN O SUSTITUCIÓN DE PRÓTESIS ARTIFICIAL DE DISCO INTERVERTEBRAL, LUMBOSACRA",4,84,OTROS PROCEDIMIENTOS SOBRE APARATO MUSCULOESQUELÉTICO,Q,,,,SI
8469,84.69,"REVISIÓN O SUSTITUCIÓN DE PRÓTESIS ARTIFICIAL DE DISCO INTERVERTEBRAL, NO ESPECIFICADA DE OTRA MANERA",4,84,OTROS PROCEDIMIENTOS SOBRE APARATO MUSCULOESQUELÉTICO,Q,,,,SI
847,84.7,CÓDIGOS AUXILIARES PARA DISPOSITIVOS FIJADORES EXTERNOS,3,84,OTROS PROCEDIMIENTOS SOBRE APARATO MUSCULOESQUELÉTICO,,,,,NO
8471,84.71,"APLICACIÓN DE DISPOSITIVO FIJADOR EXTERNO, SISTEMA MONOPLANO",4,84,OTROS PROCEDIMIENTOS SOBRE APARATO MUSCULOESQUELÉTICO,Q,,,,SI
8472,84.72,"APLICACIÓN DE DISPOSITIVO FIJADOR EXTERNO, SISTEMA EN ANILLO",4,84,OTROS PROCEDIMIENTOS SOBRE APARATO MUSCULOESQUELÉTICO,Q,,,,SI
8473,84.73,APLICACIÓN DE DISPOSITIVO HÍBRIDO DE FIJACIÓN EXTERNA,4,84,OTROS PROCEDIMIENTOS SOBRE APARATO MUSCULOESQUELÉTICO,Q,,,,SI
848,84.8,"INSERCIÓN, REEMPLAZO Y REVISIÓN DEL DISPOSITIVO (S) DE CONSERVACIÓN DEL MOVIMIENTO VERTEBRAL POSTERIOR",3,84,OTROS PROCEDIMIENTOS SOBRE APARATO MUSCULOESQUELÉTICO,,,,,NO
8480,84.80,INSERCIÓN O REEMPLAZO DE DISPOSITIVO (S) DE PROCESO INTERESPINOSO,4,84,OTROS PROCEDIMIENTOS SOBRE APARATO MUSCULOESQUELÉTICO,Q,,,,SI
8481,84.81,REVISIÓN DE DISPOSITIVO(S) DE PROCESO INTERESPINOSO,4,84,OTROS PROCEDIMIENTOS SOBRE APARATO MUSCULOESQUELÉTICO,Q,,,,SI
8482,84.82,INSERCIÓN O REEMPLAZO DE DISPOSITIVO (S) DE ESTABILIZACIÓN DE MOVIMIENTO BASADO EN PEDÍCULO,4,84,OTROS PROCEDIMIENTOS SOBRE APARATO MUSCULOESQUELÉTICO,Q,,,,SI
8483,84.83,REVISIÓN DE DISPOSITIVO(S) DE ESTABILIZACIÓN DINÁMICO BASADO EN PEDÍCULO,4,84,OTROS PROCEDIMIENTOS SOBRE APARATO MUSCULOESQUELÉTICO,Q,,,,SI
8484,84.84,INSERCIÓN O REEMPLAZO DE DISPOSITIVO(S) DE REEMPLAZO DE FACETA,4,84,OTROS PROCEDIMIENTOS SOBRE APARATO MUSCULOESQUELÉTICO,Q,,,,SI
8485,84.85,REVISIÓN DE DISPOSITIVO (S) DE REEMPLAZO DE FACETA,4,84,OTROS PROCEDIMIENTOS SOBRE APARATO MUSCULOESQUELÉTICO,Q,,,,SI
849,84.9,OTRAS OPERACIONES SOBRE EL APARATO MUSCULOESQUELÉTICO,3,84,OTROS PROCEDIMIENTOS SOBRE APARATO MUSCULOESQUELÉTICO,,,,,NO
8491,84.91,"AMPUTACIÓN, NO ESPECIFICADA DE OTRA MANERA",4,84,OTROS PROCEDIMIENTOS SOBRE APARATO MUSCULOESQUELÉTICO,Q,,,,SI
8492,84.92,SEPARACIÓN DE GEMELOS UNIDOS IGUALES,4,84,OTROS PROCEDIMIENTOS SOBRE APARATO MUSCULOESQUELÉTICO,Q,,,,SI
8493,84.93,SEPARACIÓN DE GEMELOS UNIDOS DESIGUALES,4,84,OTROS PROCEDIMIENTOS SOBRE APARATO MUSCULOESQUELÉTICO,Q,,,,SI
8499,84.99,OTRA OPERACIÓN SOBRE EL APARATO MUSCULOESQUELÉTICO,4,84,OTROS PROCEDIMIENTOS SOBRE APARATO MUSCULOESQUELÉTICO,Q,,,,SI
00,00,OPERACIONES SOBRE EL APARATO TEGUMENTARIO (85 - 86),2,00,PROCEDIMIENTOS DIAGNÓSTICOS Y TERAPÉUTICOS MISCELÁNEOS (87 - 99),,,,,NO
85,85,OPERACIONES SOBRE LA MAMA,2,85,OPERACIONES SOBRE LA MAMA,,,,,NO
850,85.0,MASTOTOMÍA,3,85,OPERACIONES SOBRE LA MAMA,,,,,NO
850X,85.0X,MASTOTOMÍA,4,85,OPERACIONES SOBRE LA MAMA,Q,,,,SI
851,85.1,PROCEDIMIENTOS DIAGNÓSTICOS SOBRE MAMA,3,85,OPERACIONES SOBRE LA MAMA,,,,,NO
8511,85.11,BIOPSIA CERRADA (AGUJA) (PERCUTÁNEA) DE MAMA,4,85,OPERACIONES SOBRE LA MAMA,D,,,,SI
8512,85.12,BIOPSIA ABIERTA DE MAMA,4,85,OPERACIONES SOBRE LA MAMA,D,,,,SI
8519,85.19,OTROS PROCEDIMIENTOS DIAGNÓSTICOS SOBRE MAMA,4,85,OPERACIONES SOBRE LA MAMA,D,,,,SI
852,85.2,EXTIRPACIÓN O DESTRUCCIÓN DE TEJIDO DE LA MAMA,3,85,OPERACIONES SOBRE LA MAMA,,,,,NO
8520,85.20,"EXTIRPACIÓN O DESTRUCCIÓN DE TEJIDO DE MAMA, NO ESPECIFICADA DE OTRA MANERA",4,85,OPERACIONES SOBRE LA MAMA,Q,,,,SI
8521,85.21,EXTIRPACIÓN LOCAL DE LESIÓN DE MAMA,4,85,OPERACIONES SOBRE LA MAMA,Q,,,,SI
8522,85.22,RESECCIÓN DE CUADRANTE DE MAMA,4,85,OPERACIONES SOBRE LA MAMA,Q,,,,SI
8523,85.23,MASTECTOMÍA SUBTOTAL,4,85,OPERACIONES SOBRE LA MAMA,Q,,,,SI
8524,85.24,EXTIRPACIÓN DE TEJIDO MAMARIO ECTÓPICO,4,85,OPERACIONES SOBRE LA MAMA,Q,,,,SI
8525,85.25,EXTIRPACIÓN DE PEZÓN,4,85,OPERACIONES SOBRE LA MAMA,Q,,,,SI
853,85.3,MAMOPLASTIA DE REDUCCIÓN Y MASTECTOMÍA SUBCUTÁNEA,3,85,OPERACIONES SOBRE LA MAMA,,,,,NO
8531,85.31,MAMOPLASTIA DE REDUCCIÓN UNILATERAL,4,85,OPERACIONES SOBRE LA MAMA,Q,,,,SI
8532,85.32,MAMOPLASTIA DE REDUCCIÓN BILATERAL,4,85,OPERACIONES SOBRE LA MAMA,Q,,,,SI
8533,85.33,MASTECTOMÍA SUBCUTÁNEA UNILATERAL CON IMPLANTACIÓN SIMULTÁNEA,4,85,OPERACIONES SOBRE LA MAMA,Q,,,,SI
8534,85.34,OTRA MASTECTOMÍA SUBCUTÁNEA UNILATERAL,4,85,OPERACIONES SOBRE LA MAMA,Q,,,,SI
8535,85.35,MASTECTOMÍA SUBCUTÁNEA BILATERAL CON IMPLANTACIÓN SIMULTÁNEA,4,85,OPERACIONES SOBRE LA MAMA,Q,,,,SI
8536,85.36,OTRA MASTECTOMÍA SUBCUTÁNEA BILATERAL,4,85,OPERACIONES SOBRE LA MAMA,Q,,,,SI
854,85.4,MASTECTOMÍA,3,85,OPERACIONES SOBRE LA MAMA,,,,,NO
8541,85.41,MASTECTOMÍA SIMPLE UNILATERAL,4,85,OPERACIONES SOBRE LA MAMA,Q,,,,SI
8542,85.42,MASTECTOMÍA SIMPLE BILATERAL,4,85,OPERACIONES SOBRE LA MAMA,Q,,,,SI
8543,85.43,MASTECTOMÍA SIMPLE AMPLIADA UNILATERAL,4,85,OPERACIONES SOBRE LA MAMA,Q,,,,SI
8544,85.44,MASTECTOMÍA SIMPLE AMPLIADA BILATERAL,4,85,OPERACIONES SOBRE LA MAMA,Q,,,,SI
8545,85.45,MASTECTOMÍA RADICAL UNILATERAL,4,85,OPERACIONES SOBRE LA MAMA,Q,,,,SI
8546,85.46,MASTECTOMÍA RADICAL BILATERAL,4,85,OPERACIONES SOBRE LA MAMA,Q,,,,SI
8547,85.47,MASTECTOMÍA RADICAL AMPLIADA UNILATERAL,4,85,OPERACIONES SOBRE LA MAMA,Q,,,,SI
8548,85.48,MASTECTOMÍA RADICAL AMPLIADA BILATERAL,4,85,OPERACIONES SOBRE LA MAMA,Q,,,,SI
855,85.5,MAMOPLASTIA DE AUMENTO,3,85,OPERACIONES SOBRE LA MAMA,,,,,NO
8550,85.50,"MAMOPLASTIA DE AUMENTO, NO ESPECIFICADA DE OTRA MANERA",4,85,OPERACIONES SOBRE LA MAMA,Q,,,,SI
8551,85.51,INYECCIÓN EN LA MAMA UNILATERAL PARA AUMENTO,4,85,OPERACIONES SOBRE LA MAMA,Q,,,,SI
8552,85.52,INYECCIÓN EN EL INTERIOR DE LA MAMA BILATERAL PARA AUMENTO,4,85,OPERACIONES SOBRE LA MAMA,Q,,,,SI
8553,85.53,IMPLANTE MAMARIO UNILATERAL,4,85,OPERACIONES SOBRE LA MAMA,Q,,,,SI
8554,85.54,IMPLANTE MAMARIO BILATERAL,4,85,OPERACIONES SOBRE LA MAMA,Q,,,,SI
856,85.6,MASTOPEXIA,3,85,OPERACIONES SOBRE LA MAMA,,,,,NO
856X,85.6X,MASTOPEXIA,4,85,OPERACIONES SOBRE LA MAMA,Q,,,,SI
857,85.7,RECONSTRUCCIÓN TOTAL DE MAMA,3,85,OPERACIONES SOBRE LA MAMA,,,,,NO
8570,85.70,"RECONSTRUCCIÓN TOTAL DE MAMA, NO ESPECIFICADA DE OTRA MANERA",4,85,OPERACIONES SOBRE LA MAMA,Q,,,,SI
8571,85.71,"RECONSTRUCCIÓN TOTAL DE MAMA, COLGAJO MIOCUTÁNEO DEL MUSCULO DORSAL ANCHO",4,85,OPERACIONES SOBRE LA MAMA,Q,,,,SI
8572,85.72,"'RECONSTRUCCIÓN TOTAL DE MAMA, COLGAJO TRAM PEDICULADO (MIOCUTÁNEO DE RECTO TRANSVERSO ABDOMINAL, )",4,85,OPERACIONES SOBRE LA MAMA,Q,,,,SI
8573,85.73,"'RECONSTRUCCIÓN TOTAL DE MAMA,COLGAJO TRAM, LIBRE (MIOCUTÁNEO DE RECTO TRANSVERSO ABDOMINAL)",4,85,OPERACIONES SOBRE LA MAMA,Q,,,,SI
8574,85.74,"'RECONSTRUCCIÓN TOTAL DE MAMA,COLGAJO DIEP, LIBRE (CON ARTERIA EPIGÁSTRICA INFERIOR PROFUNDA PERFORANTE)",4,85,OPERACIONES SOBRE LA MAMA,Q,,,,SI
8575,85.75,"'RECONSTRUCCIÓN TOTAL DE MAMA,COLGAJO SIEA LIBRE (CON ARTERIA EPIGÁSTRICA SUPERFICIAL INFERIOR)",4,85,OPERACIONES SOBRE LA MAMA,Q,,,,SI
8576,85.76,"'RECONSTRUCCIÓN TOTAL DE MAMA,COLGAJO GAP, LIBRE (CON ARTERIA GLÚTEA PERFORANTE)",4,85,OPERACIONES SOBRE LA MAMA,Q,,,,SI
8579,85.79,'OTRA RECONSTRUCCIÓN TOTAL DE MAMA,4,85,OPERACIONES SOBRE LA MAMA,Q,,,,SI
858,85.8,OTRAS OPERACIONES DE REPARACIÓN Y PLÁSTICAS SOBRE MAMA,3,85,OPERACIONES SOBRE LA MAMA,,,,,NO
8581,85.81,SUTURA DE DESGARRO DE LA MAMA,4,85,OPERACIONES SOBRE LA MAMA,Q,,,,SI
8582,85.82,INJERTO DE GROSOR PARCIAL EN LA PIEL DE LA MAMA,4,85,OPERACIONES SOBRE LA MAMA,Q,,,,SI
8583,85.83,INJERTO DE GROSOR TOTAL EN LA PIEL DE LA MAMA,4,85,OPERACIONES SOBRE LA MAMA,Q,,,,SI
8584,85.84,COLGAJO SOBRE LA MAMA,4,85,OPERACIONES SOBRE LA MAMA,Q,,,,SI
8585,85.85,COLGAJO MUSCULAR SOBRE REGIÓN MAMARIA,4,85,OPERACIONES SOBRE LA MAMA,Q,,,,SI
8586,85.86,TRANSPOSICIÓN DE PEZÓN,4,85,OPERACIONES SOBRE LA MAMA,Q,,,,SI
8587,85.87,OTRA REPARACIÓN O RECONSTRUCCIÓN DE PEZÓN,4,85,OPERACIONES SOBRE LA MAMA,Q,,,,SI
8589,85.89,OTRA MAMOPLASTIA,4,85,OPERACIONES SOBRE LA MAMA,Q,,,,SI
859,85.9,OTRAS OPERACIONES SOBRE LA MAMA,3,85,OPERACIONES SOBRE LA MAMA,,,,,NO
8591,85.91,ASPIRACIÓN DE MAMA,4,85,OPERACIONES SOBRE LA MAMA,Q,,,,SI
8592,85.92,INYECCIÓN DE AGENTE TERAPÉUTICO EN MAMA,4,85,OPERACIONES SOBRE LA MAMA,Q,,,,SI
8593,85.93,REVISIÓN DE IMPLANTE DE MAMA,4,85,OPERACIONES SOBRE LA MAMA,Q,,,,SI
8594,85.94,EXTRACCIÓN DE IMPLANTE DE MAMA,4,85,OPERACIONES SOBRE LA MAMA,Q,,,,SI
8595,85.95,INSERCIÓN DE EXPANSORES DEL TEJIDO MAMARIO,4,85,OPERACIONES SOBRE LA MAMA,Q,,,,SI
8596,85.96,EXTRACCIÓN DE EXPANSORES DE TEJIDO MAMARIO,4,85,OPERACIONES SOBRE LA MAMA,Q,,,,SI
8599,85.99,OTRA OPERACIÓN SOBRE LA MAMA,4,85,OPERACIONES SOBRE LA MAMA,Q,,,,SI
86,86,OPERACIONES SOBRE PIEL Y TEJIDO SUBCUTÁNEO,2,86,OPERACIONES SOBRE PIEL Y TEJIDO SUBCUTÁNEO,,,,,NO
860,86.0,INCISIÓN DE PIEL Y TEJIDO SUBCUTÁNEO,3,86,OPERACIONES SOBRE PIEL Y TEJIDO SUBCUTÁNEO,,,,,NO
8601,86.01,ASPIRACIÓN DE PIEL Y TEJIDO SUBCUTÁNEO,4,86,OPERACIONES SOBRE PIEL Y TEJIDO SUBCUTÁNEO,Q,,,,SI
8602,86.02,INYECCIÓN O TATUAJE DE LESIÓN O DEFECTO DE PIEL,4,86,OPERACIONES SOBRE PIEL Y TEJIDO SUBCUTÁNEO,Q,,,,SI
8603,86.03,INCISIÓN DE SENO O QUISTE PILONIDAL,4,86,OPERACIONES SOBRE PIEL Y TEJIDO SUBCUTÁNEO,Q,,,,SI
8604,86.04,OTRA INCISIÓN CON DRENAJE DE PIEL Y TEJIDO SUBCUTÁNEO,4,86,OPERACIONES SOBRE PIEL Y TEJIDO SUBCUTÁNEO,Q,,,,SI
8605,86.05,INCISIÓN CON EXTRACCIÓN DE CUERPO EXTRAÑO O DISPOSITIVO DE PIEL Y TEJIDO SUBCUTÁNEO,4,86,OPERACIONES SOBRE PIEL Y TEJIDO SUBCUTÁNEO,Q,,,,SI
8606,86.06,INSERCIÓN DE BOMBA DE INFUSIÓN TOTALMENTE IMPLANTABLE,4,86,OPERACIONES SOBRE PIEL Y TEJIDO SUBCUTÁNEO,Q,,,,SI
8607,86.07,INSERCIÓN DE DISPOSITIVO DE ACCESO VASCULAR [DAV] TOTALMENTE IMPLANTABLE,4,86,OPERACIONES SOBRE PIEL Y TEJIDO SUBCUTÁNEO,Q,,,,SI
8609,86.09,OTRA INCISIÓN DE PIEL Y TEJIDO SUBCUTÁNEO,4,86,OPERACIONES SOBRE PIEL Y TEJIDO SUBCUTÁNEO,Q,,,,SI
861,86.1,PROCEDIMIENTOS DIAGNÓSTICOS SOBRE PIEL Y TEJIDO SUBCUTÁNEO,3,86,OPERACIONES SOBRE PIEL Y TEJIDO SUBCUTÁNEO,,,,,NO
8611,86.11,BIOPSIA DE PIEL Y TEJIDO SUBCUTÁNEO,4,86,OPERACIONES SOBRE PIEL Y TEJIDO SUBCUTÁNEO,D,,,,SI
8619,86.19,OTROS PROCEDIMIENTOS DIAGNÓSTICOS SOBRE PIEL Y TEJIDO SUBCUTÁNEO,4,86,OPERACIONES SOBRE PIEL Y TEJIDO SUBCUTÁNEO,D,,,,SI
862,86.2,EXTIRPACIÓN O DESTRUCCIÓN DE LESIÓN O TEJIDO DE PIEL Y TEJIDO SUBCUTÁNEO,3,86,OPERACIONES SOBRE PIEL Y TEJIDO SUBCUTÁNEO,,,,,NO
8621,86.21,EXTIRPACIÓN DE QUISTE O SENO PILONIDAL,4,86,OPERACIONES SOBRE PIEL Y TEJIDO SUBCUTÁNEO,Q,,,,SI
8622,86.22,"DESBRIDAMIENTO EXCISIONAL DE HERIDA, INFECCIÓN O QUEMADURA",4,86,OPERACIONES SOBRE PIEL Y TEJIDO SUBCUTÁNEO,Q,,,,SI
8623,86.23,"EXTRACCIÓN DE UÑA, LECHO DE UÑA O PLIEGUE DE UÑA",4,86,OPERACIONES SOBRE PIEL Y TEJIDO SUBCUTÁNEO,Q,,,,SI
8624,86.24,QUIMIOCIRUGÍA DE PIEL,4,86,OPERACIONES SOBRE PIEL Y TEJIDO SUBCUTÁNEO,Q,,,,SI
8625,86.25,ABRASIÓN DÉRMICA,4,86,OPERACIONES SOBRE PIEL Y TEJIDO SUBCUTÁNEO,Q,,,,SI
8626,86.26,LIGADURA DE APÉNDICE DÉRMICO,4,86,OPERACIONES SOBRE PIEL Y TEJIDO SUBCUTÁNEO,Q,,,,SI
8627,86.27,"DESBRIDAMIENTO DE UÑA, BASE DE UÑA O PLIEGUE DE UÑA",4,86,OPERACIONES SOBRE PIEL Y TEJIDO SUBCUTÁNEO,Q,,,,SI
8628,86.28,"DESBRIDAMIENTO NO EXCISIONAL DE HERIDA, INFECCIÓN O QUEMADURA",4,86,OPERACIONES SOBRE PIEL Y TEJIDO SUBCUTÁNEO,Q,,,,SI
863,86.3,OTRA EXTIRPACIÓN LOCAL O DESTRUCCIÓN DE LESIÓN O TEJIDO DE PIEL Y TEJIDO SUBCUTÁNEO,3,86,OPERACIONES SOBRE PIEL Y TEJIDO SUBCUTÁNEO,,,,,NO
863X,86.3X,OTRA EXTIRPACIÓN LOCAL O DESTRUCCIÓN DE LESIÓN O TEJIDO DE PIEL Y TEJIDO SUBCUTÁNEO,4,86,OPERACIONES SOBRE PIEL Y TEJIDO SUBCUTÁNEO,Q,,,,SI
864,86.4,EXTIRPACIÓN RADICAL DE LESIÓN CUTÁNEA,3,86,OPERACIONES SOBRE PIEL Y TEJIDO SUBCUTÁNEO,,,,,NO
864X,86.4X,EXTIRPACIÓN RADICAL DE LESIÓN CUTÁNEA,4,86,OPERACIONES SOBRE PIEL Y TEJIDO SUBCUTÁNEO,Q,,,,SI
865,86.5,SUTURA U OTRO CIERRE DE PIEL Y TEJIDO SUBCUTÁNEO,3,86,OPERACIONES SOBRE PIEL Y TEJIDO SUBCUTÁNEO,,,,,NO
8651,86.51,REIMPLANTACIÓN DE CUERO CABELLUDO,4,86,OPERACIONES SOBRE PIEL Y TEJIDO SUBCUTÁNEO,Q,,,,SI
8659,86.59,CIERRE DE PIEL Y TEJIDO SUBCUTÁNEO DE OTROS SITIOS,4,86,OPERACIONES SOBRE PIEL Y TEJIDO SUBCUTÁNEO,Q,,,,SI
866,86.6,INJERTO CUTÁNEO LIBRE,3,86,OPERACIONES SOBRE PIEL Y TEJIDO SUBCUTÁNEO,,,,,NO
8660,86.60,INJERTO CUTÁNEO LIBRE NO ESPECIFICADO DE OTRA MANERA,4,86,OPERACIONES SOBRE PIEL Y TEJIDO SUBCUTÁNEO,Q,,,,SI
8661,86.61,INJERTO CUTÁNEO DE ESPESOR TOTAL A MANO,4,86,OPERACIONES SOBRE PIEL Y TEJIDO SUBCUTÁNEO,Q,,,,SI
8662,86.62,OTRO INJERTO CUTÁNEO A MANO,4,86,OPERACIONES SOBRE PIEL Y TEJIDO SUBCUTÁNEO,Q,,,,SI
8663,86.63,INJERTO CUTÁNEO DE GROSOR TOTAL A OTROS SITIOS,4,86,OPERACIONES SOBRE PIEL Y TEJIDO SUBCUTÁNEO,Q,,,,SI
8664,86.64,TRASPLANTE DE PELO,4,86,OPERACIONES SOBRE PIEL Y TEJIDO SUBCUTÁNEO,Q,,,,SI
8665,86.65,HETEROINJERTO DE PIEL,4,86,OPERACIONES SOBRE PIEL Y TEJIDO SUBCUTÁNEO,Q,,,,SI
8666,86.66,HOMOINJERTO DE PIEL,4,86,OPERACIONES SOBRE PIEL Y TEJIDO SUBCUTÁNEO,Q,,,,SI
8667,86.67,INJERTO REGENERATIVO DE PIEL,4,86,OPERACIONES SOBRE PIEL Y TEJIDO SUBCUTÁNEO,Q,,,,SI
8669,86.69,OTRO INJERTO CUTÁNEO A OTROS SITIOS,4,86,OPERACIONES SOBRE PIEL Y TEJIDO SUBCUTÁNEO,Q,,,,SI
867,86.7,INJERTOS DE PEDÍCULOS O COLGAJOS,3,86,OPERACIONES SOBRE PIEL Y TEJIDO SUBCUTÁNEO,,,,,NO
8670,86.70,"INJERTO DE PEDÍCULO O COLGAJO, NO ESPECIFICADO DE OTRA MANERA",4,86,OPERACIONES SOBRE PIEL Y TEJIDO SUBCUTÁNEO,Q,,,,SI
8671,86.71,CORTE Y PREPARACIÓN DE INJERTOS DE PEDÍCULOS O COLGAJOS,4,86,OPERACIONES SOBRE PIEL Y TEJIDO SUBCUTÁNEO,Q,,,,SI
8672,86.72,AVANCE DE PEDÍCULO O COLGAJO,4,86,OPERACIONES SOBRE PIEL Y TEJIDO SUBCUTÁNEO,Q,,,,SI
8673,86.73,FIJACIÓN DE INJERTO DE PEDÍCULO O COLGAJO A MANO,4,86,OPERACIONES SOBRE PIEL Y TEJIDO SUBCUTÁNEO,Q,,,,SI
8674,86.74,FIJACIÓN DE INJERTO DE PEDÍCULO O COLGAJO A OTROS SITIOS,4,86,OPERACIONES SOBRE PIEL Y TEJIDO SUBCUTÁNEO,Q,,,,SI
8675,86.75,REVISIÓN DE INJERTO O COLGAJO,4,86,OPERACIONES SOBRE PIEL Y TEJIDO SUBCUTÁNEO,Q,,,,SI
868,86.8,OTRA REPARACIÓN Y RECONSTRUCCIÓN DE PIEL DE TEJIDO SUBCUTÁNEO,3,86,OPERACIONES SOBRE PIEL Y TEJIDO SUBCUTÁNEO,,,,,NO
8681,86.81,REPARACIÓN DE DEBILIDAD FACIAL,4,86,OPERACIONES SOBRE PIEL Y TEJIDO SUBCUTÁNEO,Q,,,,SI
8682,86.82,RITIDECTOMÍA FACIAL,4,86,OPERACIONES SOBRE PIEL Y TEJIDO SUBCUTÁNEO,Q,,,,SI
8683,86.83,OPERACIÓN PLÁSTICA DE REDUCCIÓN DE TAMAÑO,4,86,OPERACIONES SOBRE PIEL Y TEJIDO SUBCUTÁNEO,Q,,,,SI
8684,86.84,RELAJACIÓN DE CICATRIZ O DE CONTRACTURA RETICULADA DE PIEL,4,86,OPERACIONES SOBRE PIEL Y TEJIDO SUBCUTÁNEO,Q,,,,SI
8685,86.85,CORRECCIÓN DE SINDACTILIA,4,86,OPERACIONES SOBRE PIEL Y TEJIDO SUBCUTÁNEO,Q,,,,SI
8686,86.86,ONICOPLASTIA,4,86,OPERACIONES SOBRE PIEL Y TEJIDO SUBCUTÁNEO,Q,,,,SI
8689,86.89,OTRA REPARACIÓN Y RECONSTRUCCIÓN DE PIEL Y TEJIDO SUBCUTÁNEO,4,86,OPERACIONES SOBRE PIEL Y TEJIDO SUBCUTÁNEO,Q,,,,SI
869,86.9,OTRAS OPERACIONES SOBRE PIEL Y TEJIDO SUBCUTÁNEO,3,86,OPERACIONES SOBRE PIEL Y TEJIDO SUBCUTÁNEO,,,,,NO
8691,86.91,EXCISIÓN DE PIEL PARA INJERTO,4,86,OPERACIONES SOBRE PIEL Y TEJIDO SUBCUTÁNEO,Q,,,,SI
8692,86.92,ELECTROLISIS Y OTRA DEPILACIÓN DE PIEL,4,86,OPERACIONES SOBRE PIEL Y TEJIDO SUBCUTÁNEO,Q,,,,SI
8693,86.93,INSERCIÓN DE EXPANSOR DE TEJIDOS,4,86,OPERACIONES SOBRE PIEL Y TEJIDO SUBCUTÁNEO,Q,,,,SI
8694,86.94,INSERCIÓN O SUSTITUCIÓN DE NEUROESTIMULADOR GENERADOR DE PULSOS DE UN SOLO ELECTRODO NO ESPECIFICADO COMO RECARGABLE,4,86,OPERACIONES SOBRE PIEL Y TEJIDO SUBCUTÁNEO,Q,,,,SI
8695,86.95,INSERCIÓN O SUSTITUCIÓN DE NEUROESTIMULADOR GENERADOR DE PULSOS DE DISPOSICIÓN DUAL,4,86,OPERACIONES SOBRE PIEL Y TEJIDO SUBCUTÁNEO,Q,,,,SI
8696,86.96,INSERCIÓN O SUSTITUCIÓN DE OTRO NEUROESTIMULADOR GENERADOR DE PULSOS,4,86,OPERACIONES SOBRE PIEL Y TEJIDO SUBCUTÁNEO,Q,,,,SI
8697,86.97,INSERCIÓN O SUSTITUCIÓN DE OTRO NEUROESTIMULADOR GENERADOR DE PULSOS RECARGABLE DE ELECTRODO ÚNICO,4,86,OPERACIONES SOBRE PIEL Y TEJIDO SUBCUTÁNEO,Q,,,,SI
8698,86.98,INSERSIÓN O SUSTITUCIÓN DE NEUROESTIMULADOR GENERADOS DR PULSOS RECARGABLE DE DOBLE ELECTRODO,4,86,OPERACIONES SOBRE PIEL Y TEJIDO SUBCUTÁNEO,Q,,,,SI
8699,86.99,OTRAS OPERACIONES SOBRE PIEL Y TEJIDO CELULAR SUBCUTÁNEO,4,86,OPERACIONES SOBRE PIEL Y TEJIDO SUBCUTÁNEO,Q,,,,SI
00,00,PROCEDIMIENTOS DIAGNÓSTICOS Y TERAPÉUTICOS MISCELÁNEOS (87 - 99),2,00,PROCEDIMIENTOS DIAGNÓSTICOS Y TERAPÉUTICOS MISCELÁNEOS (87 - 99),,,,,NO
87,87,RADIOLOGÍA DIAGNÓSTICA,2,87,RADIOLOGÍA DIAGNÓSTICA,,,,,NO
870,87.0,"RADIOGRAFÍA DE TEJIDO BLANDO DE CARA, CABEZA Y CUELLO",3,87,RADIOLOGÍA DIAGNÓSTICA,,,,,NO
8701,87.01,NEUMOENCEFALOGRAMA,4,87,RADIOLOGÍA DIAGNÓSTICA,D,,,,SI
8702,87.02,OTRAS RADIOGRAFIAS DE CONTRASTE DE CEREBRO Y CRÁNEO,4,87,RADIOLOGÍA DIAGNÓSTICA,D,,,,SI
8703,87.03,TOMOGRAFÍA AXIAL COMPUTARIZADA DE CABEZA,4,87,RADIOLOGÍA DIAGNÓSTICA,D,,,,SI
8704,87.04,OTRA TOMOGRAFIA DE CABEZA,4,87,RADIOLOGÍA DIAGNÓSTICA,D,,,,SI
8705,87.05,DACRIOCISTOGRAFÍA CON CONTRASTE,4,87,RADIOLOGÍA DIAGNÓSTICA,D,,,,SI
8706,87.06,RADIOGRAFÍA CON CONTRASTE DE LA NASOFARINGE,4,87,RADIOLOGÍA DIAGNÓSTICA,D,,,,SI
8707,87.07,LARINGOGRAFÍA CON CONTRASTE,4,87,RADIOLOGÍA DIAGNÓSTICA,D,,,,SI
8708,87.08,LINFANGIOGRAFÍA CERVICAL,4,87,RADIOLOGÍA DIAGNÓSTICA,D,,,,SI
8709,87.09,"OTRA RADIOGRAFÍA DE TEJIDO BLANDO DE CARA, CABEZA Y CUELLO",4,87,RADIOLOGÍA DIAGNÓSTICA,D,,,,SI
871,87.1,"OTRA RADIOGRAFÍA DE CARA, CABEZA Y CUELLO",3,87,RADIOLOGÍA DIAGNÓSTICA,,,,,NO
8711,87.11,RADIOGRAFÍA DENTAL DE BOCA ENTERA,4,87,RADIOLOGÍA DIAGNÓSTICA,D,,,,SI
8712,87.12,OTRA RADIOGRAFÍA DENTAL,4,87,RADIOLOGÍA DIAGNÓSTICA,D,,,,SI
8713,87.13,ARTROGRAFIA TEMPOROMANDIBULAR CON CONTRASTE,4,87,RADIOLOGÍA DIAGNÓSTICA,D,,,,SI
8714,87.14,RADIOGRAFÍA CON CONTRASTE DE LA ÓRBITA,4,87,RADIOLOGÍA DIAGNÓSTICA,D,,,,SI
8715,87.15,RADIOGRAFÍA CON CONTRASTE DE LOS SENOS PARANASALES,4,87,RADIOLOGÍA DIAGNÓSTICA,D,,,,SI
8716,87.16,OTRAS RADIOGRAFÍAS DE LOS HUESOS FACIALES,4,87,RADIOLOGÍA DIAGNÓSTICA,D,,,,SI
8717,87.17,OTRAS RADIOGRAFÍAS DE CRÁNEO,4,87,RADIOLOGÍA DIAGNÓSTICA,D,,,,SI
872,87.2,RADIOGRAFÍAS DE COLUMNA VERTEBRAL,3,87,RADIOLOGÍA DIAGNÓSTICA,,,,,NO
8721,87.21,MIELOGRAFÍA CON CONTRASTE,4,87,RADIOLOGÍA DIAGNÓSTICA,D,,,,SI
8722,87.22,OTRAS RADIOGRAFÍAS DE COLUMNA CERVICAL,4,87,RADIOLOGÍA DIAGNÓSTICA,D,,,,SI
8723,87.23,OTRAS RADIOGRAFÍAS DE COLUMNA TORÁCICA,4,87,RADIOLOGÍA DIAGNÓSTICA,D,,,,SI
8724,87.24,OTRAS RADIOGRAFÍAS DE COLUMNA LUMBOSACRA,4,87,RADIOLOGÍA DIAGNÓSTICA,D,,,,SI
8729,87.29,OTRAS RADIOGRAFÍAS DE COLUMNA VERTEBRAL,4,87,RADIOLOGÍA DIAGNÓSTICA,D,,,,SI
873,87.3,RADIOGRAFÍAS DE TEJIDOS BLANDOS DEL TÓRAX,3,87,RADIOLOGÍA DIAGNÓSTICA,,,,,NO
8731,87.31,BRONCOGRAFÍA ENDOTRAQUEAL,4,87,RADIOLOGÍA DIAGNÓSTICA,D,,,,SI
8732,87.32,OTRA BONCOGRAFÍA DE CONTRASTE,4,87,RADIOLOGÍA DIAGNÓSTICA,D,,,,SI
8733,87.33,NEUMOGRAFÍA MEDIASTÍNICA,4,87,RADIOLOGÍA DIAGNÓSTICA,D,,,,SI
8734,87.34,LINFANGIOGRAFÍA TORÁCICA,4,87,RADIOLOGÍA DIAGNÓSTICA,D,,,,SI
8735,87.35,RADIOGRAFÍA DE CONTRASTE DE CONDUCTOS MAMARIOS (GALACTOGRAFÍA),4,87,RADIOLOGÍA DIAGNÓSTICA,D,,,,SI
8736,87.36,XEROGRAFÍA DE MAMA,4,87,RADIOLOGÍA DIAGNÓSTICA,D,,,,SI
8737,87.37,OTRAS MAMOGRAFÍAS,4,87,RADIOLOGÍA DIAGNÓSTICA,D,,,,SI
8738,87.38,SINOGRAFÍA DE PARED TORÁCICA,4,87,RADIOLOGÍA DIAGNÓSTICA,D,,,,SI
8739,87.39,OTRAS RADIOGRAFÍAS DE TEJIDOS BLANDOS DE PARED TORÁCICA,4,87,RADIOLOGÍA DIAGNÓSTICA,D,,,,SI
874,87.4,OTRAS RADIOGRAFÍAS DE TÓRAX,3,87,RADIOLOGÍA DIAGNÓSTICA,,,,,NO
8741,87.41,TOMOGRAFÍA AXIAL COMPUTARIZADA DEL TÓRAX,4,87,RADIOLOGÍA DIAGNÓSTICA,D,,,,SI
8742,87.42,OTRAS TOMOGRAFÍAS DE TÓRAX,4,87,RADIOLOGÍA DIAGNÓSTICA,D,,,,SI
8743,87.43,"RADIOGRAFÍA DE LAS COSTILLAS, ESTERNÓN Y CLAVÍCULA",4,87,RADIOLOGÍA DIAGNÓSTICA,D,,,,SI
8744,87.44,"RADIOGRAFÍA TORÁCICA RUTINARIA, DESCRITA COMO TAL",4,87,RADIOLOGÍA DIAGNÓSTICA,D,,,,SI
8749,87.49,OTRAS RADIOGRAFÍAS TORÁCICAS,4,87,RADIOLOGÍA DIAGNÓSTICA,D,,,,SI
875,87.5,RADIOGRAFÍA DE LAS VÍAS BILIARES,3,87,RADIOLOGÍA DIAGNÓSTICA,,,,,NO
8751,87.51,COLANGIOGRAFÍA HEPÁTICA PERCUTÁNEA,4,87,RADIOLOGÍA DIAGNÓSTICA,D,,,,SI
8752,87.52,COLANGIOGRAFÍA INTRAVENOSA,4,87,RADIOLOGÍA DIAGNÓSTICA,D,,,,SI
8753,87.53,COLANGIOGRAFÍA INTRAOPERATORIA,4,87,RADIOLOGÍA DIAGNÓSTICA,D,,,,SI
8754,87.54,OTRAS COLANGIOGRAFÍAS,4,87,RADIOLOGÍA DIAGNÓSTICA,D,,,,SI
8759,87.59,OTRAS RADIOGRAFÍAS DE VÍAS BILIARES,4,87,RADIOLOGÍA DIAGNÓSTICA,D,,,,SI
876,87.6,OTRAS RADIOGRAFÍAS DEL APARATO DIGESTIVO,3,87,RADIOLOGÍA DIAGNÓSTICA,,,,,NO
8761,87.61,DEGLUCIÓN DE LA PAPILLA,4,87,RADIOLOGÍA DIAGNÓSTICA,D,,,,SI
8762,87.62,SERIE GASTROINTESTINAL SUPERIOR,4,87,RADIOLOGÍA DIAGNÓSTICA,D,,,,SI
8763,87.63,SERIE DE INTESTINO DELGADO,4,87,RADIOLOGÍA DIAGNÓSTICA,D,,,,SI
8764,87.64,SERIE GASTRINTESTINAL INFERIOR,4,87,RADIOLOGÍA DIAGNÓSTICA,D,,,,SI
8765,87.65,OTRAS RADIOGRAFÍAS DEL INTESTINO,4,87,RADIOLOGÍA DIAGNÓSTICA,D,,,,SI
8766,87.66,PANCREATOGRAFÍA CON CONTRASTE,4,87,RADIOLOGÍA DIAGNÓSTICA,D,,,,SI
8769,87.69,OTRAS RADIOGRAFÍAS DEL TUBO DIGESTIVO,4,87,RADIOLOGÍA DIAGNÓSTICA,D,,,,SI
877,87.7,RADIOGRAFÍA DEL APARATO URINARIO,3,87,RADIOLOGÍA DIAGNÓSTICA,,,,,NO
8771,87.71,TOMOGRAFÍA AXIAL COMPUTARIZADA DE RIÑÓN,4,87,RADIOLOGÍA DIAGNÓSTICA,D,,,,SI
8772,87.72,OTRA NEFROTOMOGRAFÍA,4,87,RADIOLOGÍA DIAGNÓSTICA,D,,,,SI
8773,87.73,PIELOGRAFÍA INTRAVENOSA,4,87,RADIOLOGÍA DIAGNÓSTICA,D,,,,SI
8774,87.74,PIELOGRAFÍA RETRÓGRADA,4,87,RADIOLOGÍA DIAGNÓSTICA,D,,,,SI
8775,87.75,PIELOGRAFÍA PERCUTÁNEA,4,87,RADIOLOGÍA DIAGNÓSTICA,D,,,,SI
8776,87.76,CISTOURETROGRAFÍA RETRÓGRADA,4,87,RADIOLOGÍA DIAGNÓSTICA,D,,,,SI
8777,87.77,OTRA CISTOGRAFÍA,4,87,RADIOLOGÍA DIAGNÓSTICA,D,,,,SI
8778,87.78,CONDUCTOGRAFÍA ILEAL,4,87,RADIOLOGÍA DIAGNÓSTICA,D,,,,SI
8779,87.79,OTRA RADIOGRAFÍA DEL APARATO URINARIO,4,87,RADIOLOGÍA DIAGNÓSTICA,D,,,,SI
878,87.8,RADIOGRAFÍA DE ÓRGANOS GENITALES FEMENINOS,3,87,RADIOLOGÍA DIAGNÓSTICA,,,,,NO
8781,87.81,RADIOGRAFÍA DE ÚTERO GRÁVIDO,4,87,RADIOLOGÍA DIAGNÓSTICA,D,F,3650,19710,SI
8782,87.82,HISTEROSALPINGOGRAFÍA CON CONTRASTE POR GAS,4,87,RADIOLOGÍA DIAGNÓSTICA,D,F,3650,43800,SI
8783,87.83,HISTEROSALPINGOGRAFÍA CON CONTRASTE RADIOPACO,4,87,RADIOLOGÍA DIAGNÓSTICA,D,F,3650,43800,SI
8784,87.84,HISTEROGRAFÍA PERCUTÁNEA,4,87,RADIOLOGÍA DIAGNÓSTICA,D,F,3650,43800,SI
8785,87.85,OTRA RADIOGRAFÍA DE TROMPAS DE FALOPIO Y ÚTERO,4,87,RADIOLOGÍA DIAGNÓSTICA,D,F,3650,43800,SI
8789,87.89,OTRAS RADIOGRAFÍAS DE ÓRGANOS GENITALES FEMENINOS,4,87,RADIOLOGÍA DIAGNÓSTICA,D,F,3650,43800,SI
879,87.9,RADIOGRAFÍA DE ÓRGANOS GENITALES MASCULINOS,3,87,RADIOLOGÍA DIAGNÓSTICA,,,,,NO
8791,87.91,RADIOGRAFÍA CON CONTRASTE DE VESÍCULAS SEMINALES (VESICULOGRAFÍA),4,87,RADIOLOGÍA DIAGNÓSTICA,D,M,3650,43800,SI
8792,87.92,OTRAS RADIOGRAFÍAS DE LA PRÓSTATA Y LAS VESÍCULAS SEMINALES,4,87,RADIOLOGÍA DIAGNÓSTICA,D,M,3650,43800,SI
8793,87.93,EPIDIDIMOGRAMA DE CONTRASTE,4,87,RADIOLOGÍA DIAGNÓSTICA,D,M,3650,43800,SI
8794,87.94,DEFERENTOGRAFÍA CON CONTRASTE,4,87,RADIOLOGÍA DIAGNÓSTICA,D,M,3650,43800,SI
8795,87.95,OTRAS RADIOGRAFÍAS DEL EPIDÍDIMO Y LOS CONDUCTOS DEFERENTES,4,87,RADIOLOGÍA DIAGNÓSTICA,D,M,3650,43800,SI
8799,87.99,OTRAS RADIOGRAFÍAS DE LOS ÓRGANOS GENITALES MASCULINOS,4,87,RADIOLOGÍA DIAGNÓSTICA,D,M,3650,43800,SI
88,88,OTRAS RADIOGRAFÍAS DIAGNÓSTICAS Y TÉCNICAS CONEXAS,2,88,OTRAS RADIOGRAFÍAS DIAGNÓSTICAS Y TÉCNICAS CONEXAS,,,,,NO
880,88.0,RADIOGRAFÍA DE TEJIDOS BLANDOS DEL ABDOMEN,3,88,OTRAS RADIOGRAFÍAS DIAGNÓSTICAS Y TÉCNICAS CONEXAS,,,,,NO
8801,88.01,TOMOGRAFÍA AXIAL COMPUTARIZADA DEL ABDÓMEN,4,88,OTRAS RADIOGRAFÍAS DIAGNÓSTICAS Y TÉCNICAS CONEXAS,D,,,,SI
8802,88.02,OTRAS TOMOGRAFÍAS DE ABDOMEN,4,88,OTRAS RADIOGRAFÍAS DIAGNÓSTICAS Y TÉCNICAS CONEXAS,D,,,,SI
8803,88.03,SINOGRAFÍA DE PARED ABDOMINAL,4,88,OTRAS RADIOGRAFÍAS DIAGNÓSTICAS Y TÉCNICAS CONEXAS,D,,,,SI
8804,88.04,LINFANGIOGRAFÍA ABDOMINAL,4,88,OTRAS RADIOGRAFÍAS DIAGNÓSTICAS Y TÉCNICAS CONEXAS,D,,,,SI
8809,88.09,OTRAS RADIOGRAFÍAS DE LOS TEJIDOS BLANDOS DE LA PARED ABDOMINAL,4,88,OTRAS RADIOGRAFÍAS DIAGNÓSTICAS Y TÉCNICAS CONEXAS,D,,,,SI
881,88.1,OTRAS RADIOGRAFÍAS DE ABDOMEN,3,88,OTRAS RADIOGRAFÍAS DIAGNÓSTICAS Y TÉCNICAS CONEXAS,,,,,NO
8811,88.11,RADIOGRAFÍA PÉLVICA CON CONTRASTE OPACO,4,88,OTRAS RADIOGRAFÍAS DIAGNÓSTICAS Y TÉCNICAS CONEXAS,D,,,,SI
8812,88.12,RADIOGRAFÍA PÉLVICA CON CONTRASTE POR GAS,4,88,OTRAS RADIOGRAFÍAS DIAGNÓSTICAS Y TÉCNICAS CONEXAS,D,,,,SI
8813,88.13,OTRA NEUMOGRAFÍA PERITONEAL,4,88,OTRAS RADIOGRAFÍAS DIAGNÓSTICAS Y TÉCNICAS CONEXAS,D,,,,SI
8814,88.14,FISTULOGRAFÍA RETROPERITONEAL,4,88,OTRAS RADIOGRAFÍAS DIAGNÓSTICAS Y TÉCNICAS CONEXAS,D,,,,SI
8815,88.15,NEUMOGRAFÍA RETROPERITONEAL,4,88,OTRAS RADIOGRAFÍAS DIAGNÓSTICAS Y TÉCNICAS CONEXAS,D,,,,SI
8816,88.16,OTRA RADIOGRAFÍA RETROPERITONEAL,4,88,OTRAS RADIOGRAFÍAS DIAGNÓSTICAS Y TÉCNICAS CONEXAS,D,,,,SI
8819,88.19,OTRAS RADIOGRAFÍAS DE ABDOMEN,4,88,OTRAS RADIOGRAFÍAS DIAGNÓSTICAS Y TÉCNICAS CONEXAS,D,,,,SI
882,88.2,RADIOGRAFÍA ÓSEA DE LAS EXTREMIDADES Y LA PELVIS,3,88,OTRAS RADIOGRAFÍAS DIAGNÓSTICAS Y TÉCNICAS CONEXAS,,,,,NO
8821,88.21,RADIOGRAFÍA ÓSEA DEL HOMBRO Y EL BRAZO SUPERIOR,4,88,OTRAS RADIOGRAFÍAS DIAGNÓSTICAS Y TÉCNICAS CONEXAS,D,,,,SI
8822,88.22,RADIOGRAFÍA ÓSEA DEL CODO Y EL ANTEBRAZO,4,88,OTRAS RADIOGRAFÍAS DIAGNÓSTICAS Y TÉCNICAS CONEXAS,D,,,,SI
8823,88.23,RADIOGRAFÍA ÓSEA DE LA MUÑECA Y LA MANO,4,88,OTRAS RADIOGRAFÍAS DIAGNÓSTICAS Y TÉCNICAS CONEXAS,D,,,,SI
8824,88.24,"RADIOGRAFÍA ÓSEA DEL MIEMBRO SUPERIOR, NO ESPECIFICADA DE OTRA MANERA",4,88,OTRAS RADIOGRAFÍAS DIAGNÓSTICAS Y TÉCNICAS CONEXAS,D,,,,SI
8825,88.25,PELVIMETRÍA,4,88,OTRAS RADIOGRAFÍAS DIAGNÓSTICAS Y TÉCNICAS CONEXAS,D,,,,SI
8826,88.26,OTRA RADIOGRAFÍA ÓSEA DE LA PELVIS Y CADERAS,4,88,OTRAS RADIOGRAFÍAS DIAGNÓSTICAS Y TÉCNICAS CONEXAS,D,,,,SI
8827,88.27,"RADIOGRAFÍA ÓSEA DEL MUSLO, LA RODILLA Y LA PIERNA INFERIOR",4,88,OTRAS RADIOGRAFÍAS DIAGNÓSTICAS Y TÉCNICAS CONEXAS,D,,,,SI
8828,88.28,RADIOGRAFÍA ÓSEA DEL TOBILLO Y EL PIE,4,88,OTRAS RADIOGRAFÍAS DIAGNÓSTICAS Y TÉCNICAS CONEXAS,D,,,,SI
8829,88.29,"RADIOGRAFÍA ÓSEA DEL MIEMBRO INFERIOR, NO ESPECIFICADA DE OTRA MANERA",4,88,OTRAS RADIOGRAFÍAS DIAGNÓSTICAS Y TÉCNICAS CONEXAS,D,,,,SI
883,88.3,OTRAS RADIOGRAFÍAS,3,88,OTRAS RADIOGRAFÍAS DIAGNÓSTICAS Y TÉCNICAS CONEXAS,,,,,NO
8831,88.31,SERIE ÓSEA,4,88,OTRAS RADIOGRAFÍAS DIAGNÓSTICAS Y TÉCNICAS CONEXAS,D,,,,SI
8832,88.32,ARTROGRAFÍA CON CONTRASTE,4,88,OTRAS RADIOGRAFÍAS DIAGNÓSTICAS Y TÉCNICAS CONEXAS,D,,,,SI
8833,88.33,OTRAS RADIOGRAFÍAS DEL ESQUELETO,4,88,OTRAS RADIOGRAFÍAS DIAGNÓSTICAS Y TÉCNICAS CONEXAS,D,,,,SI
8834,88.34,LINFANGIOGRAFÍA DE MIEMBRO SUPERIOR,4,88,OTRAS RADIOGRAFÍAS DIAGNÓSTICAS Y TÉCNICAS CONEXAS,D,,,,SI
8835,88.35,OTRAS RADIOGRAFÍAS DE LOS TEJIDOS BLANDOS DE MIEMBRO SUPERIOR,4,88,OTRAS RADIOGRAFÍAS DIAGNÓSTICAS Y TÉCNICAS CONEXAS,D,,,,SI
8836,88.36,LINFANGIOGRAFÍA DE MIEMBRO INFERIOR,4,88,OTRAS RADIOGRAFÍAS DIAGNÓSTICAS Y TÉCNICAS CONEXAS,D,,,,SI
8837,88.37,OTRAS RADIOGRAFÍAS DE LOS TEJIDOS BLANDOS DE MIEMBRO INFERIOR,4,88,OTRAS RADIOGRAFÍAS DIAGNÓSTICAS Y TÉCNICAS CONEXAS,D,,,,SI
8838,88.38,OTRA TOMOGRAFÍA AXIAL COMPUTARIZADA,4,88,OTRAS RADIOGRAFÍAS DIAGNÓSTICAS Y TÉCNICAS CONEXAS,D,,,,SI
8839,88.39,"OTRAS RADIOGRAFÍAS, NO ESPECIFICADAS",4,88,OTRAS RADIOGRAFÍAS DIAGNÓSTICAS Y TÉCNICAS CONEXAS,D,,,,SI
884,88.4,ARTERIOGRAFÍA UTILIZANDO MEDIOS DE CONTRASTE,3,88,OTRAS RADIOGRAFÍAS DIAGNÓSTICAS Y TÉCNICAS CONEXAS,,,,,NO
8840,88.40,"ARTERIOGRAFÍA CON CONTRASTE, ÁREA NO ESPECIFICADA",4,88,OTRAS RADIOGRAFÍAS DIAGNÓSTICAS Y TÉCNICAS CONEXAS,D,,,,SI
8841,88.41,ARTERIOGRAFÍA DE LAS ARTERIAS CEREBRALES,4,88,OTRAS RADIOGRAFÍAS DIAGNÓSTICAS Y TÉCNICAS CONEXAS,D,,,,SI
8842,88.42,AORTOGRAFÍA,4,88,OTRAS RADIOGRAFÍAS DIAGNÓSTICAS Y TÉCNICAS CONEXAS,D,,,,SI
8843,88.43,ARTERIOGRAFÍA DE LAS ARTERIAS PULMONARES,4,88,OTRAS RADIOGRAFÍAS DIAGNÓSTICAS Y TÉCNICAS CONEXAS,D,,,,SI
8844,88.44,ARTERIOGRAFÍA DE OTROS VASOS INTRATORÁCICOS,4,88,OTRAS RADIOGRAFÍAS DIAGNÓSTICAS Y TÉCNICAS CONEXAS,D,,,,SI
8845,88.45,ARTERIOGRAFÍA DE ARTERIAS RENALES,4,88,OTRAS RADIOGRAFÍAS DIAGNÓSTICAS Y TÉCNICAS CONEXAS,D,,,,SI
8846,88.46,ARTERIOGRAFÍA DE LA PLACENTA,4,88,OTRAS RADIOGRAFÍAS DIAGNÓSTICAS Y TÉCNICAS CONEXAS,D,F,3650,19710,SI
8847,88.47,ARTERIOGRAFÍA DE OTRAS ARTERIAS INTRA-ABDOMINALES,4,88,OTRAS RADIOGRAFÍAS DIAGNÓSTICAS Y TÉCNICAS CONEXAS,D,,,,SI
8848,88.48,ARTERIOGRAFÍA DE ARTERIAS FEMORALES Y OTRAS ARTERIAS DE LAS EXTREMIDADES INFERIORES,4,88,OTRAS RADIOGRAFÍAS DIAGNÓSTICAS Y TÉCNICAS CONEXAS,D,,,,SI
8849,88.49,ARTERIOGRAFÍA DE OTRAS ÁREAS ESPECIFICADAS,4,88,OTRAS RADIOGRAFÍAS DIAGNÓSTICAS Y TÉCNICAS CONEXAS,D,,,,SI
885,88.5,ANGIOCARDIOGRAFÍA UTILIZANDO MEDIOS DE CONTRASTE,3,88,OTRAS RADIOGRAFÍAS DIAGNÓSTICAS Y TÉCNICAS CONEXAS,,,,,NO
8850,88.50,"ANGIOCARDIOGRAFÍA, NO ESPECIFICADA DE OTRA MANERA",4,88,OTRAS RADIOGRAFÍAS DIAGNÓSTICAS Y TÉCNICAS CONEXAS,D,,,,SI
8851,88.51,ANGIOCARDIOGRAFÍA DE LAS VENAS CAVAS,4,88,OTRAS RADIOGRAFÍAS DIAGNÓSTICAS Y TÉCNICAS CONEXAS,D,,,,SI
8852,88.52,ANGIOCARDIOGRAFÍA DE ESTRUCTURAS CARDIACAS DERECHAS,4,88,OTRAS RADIOGRAFÍAS DIAGNÓSTICAS Y TÉCNICAS CONEXAS,D,,,,SI
8853,88.53,ANGIOCARDIOGRAFÍA DE ESTRUCTURAS CARDIACAS IZQUIERDAS,4,88,OTRAS RADIOGRAFÍAS DIAGNÓSTICAS Y TÉCNICAS CONEXAS,D,,,,SI
8854,88.54,ANGIOCARDIOGRAFÍA COMBINADA DE LAS CAVIDADES DERECHAS E IZQUIERADAS,4,88,OTRAS RADIOGRAFÍAS DIAGNÓSTICAS Y TÉCNICAS CONEXAS,D,,,,SI
8855,88.55,ARTERIOGRAFÍA CORONARIA CON EMPLEO DE UN SOLO CATÉTER,4,88,OTRAS RADIOGRAFÍAS DIAGNÓSTICAS Y TÉCNICAS CONEXAS,D,,,,SI
8856,88.56,ARTERIOGRAFÍA CORONARIA CON EMPLEO DE DOS CATÉTERES,4,88,OTRAS RADIOGRAFÍAS DIAGNÓSTICAS Y TÉCNICAS CONEXAS,D,,,,SI
8857,88.57,OTRAS ARTEROGRAFÍA CORONARIA Y ARTERIOGRAFÍA CORONARIA NO ESPECIFICADA,4,88,OTRAS RADIOGRAFÍAS DIAGNÓSTICAS Y TÉCNICAS CONEXAS,D,,,,SI
8858,88.58,RADIOGRAFÍA CARDIACA DE CONTRASTE NEGATIVO,4,88,OTRAS RADIOGRAFÍAS DIAGNÓSTICAS Y TÉCNICAS CONEXAS,D,,,,SI
8859,88.59,ANGIOGRAFÍA VASCULAR FLUORESCENTE INTRA-OPERATORIA,4,88,OTRAS RADIOGRAFÍAS DIAGNÓSTICAS Y TÉCNICAS CONEXAS,D,,,,SI
886,88.6,FLEBOGRAFÍA,3,88,OTRAS RADIOGRAFÍAS DIAGNÓSTICAS Y TÉCNICAS CONEXAS,,,,,NO
8860,88.60,"FLEBOGRAFÍA CON CONTRASTE, ÁREA NO ESPECIFICADA",4,88,OTRAS RADIOGRAFÍAS DIAGNÓSTICAS Y TÉCNICAS CONEXAS,D,,,,SI
8861,88.61,FLEBOGRAFÍA DE LAS VENAS DE LA CABEZA Y EL CUELLO UTILIZANDO CONTRASTE,4,88,OTRAS RADIOGRAFÍAS DIAGNÓSTICAS Y TÉCNICAS CONEXAS,D,,,,SI
8862,88.62,FLEBOGRAFÍA DE LAS VENAS PULMONARES UTILIZANDO UN MEDIO DE CONTRASTE,4,88,OTRAS RADIOGRAFÍAS DIAGNÓSTICAS Y TÉCNICAS CONEXAS,D,,,,SI
8863,88.63,FLEBOGRAFÍA DE OTRAS VENAS INTRATORÁCICAS UTILIZANDO UN MEDIO DE CONTRASTE,4,88,OTRAS RADIOGRAFÍAS DIAGNÓSTICAS Y TÉCNICAS CONEXAS,D,,,,SI
8864,88.64,FLEBOGRAFÍA DEL SISTEMA VENOSO PORTAL UTILIZANDO UN MEDIO DE CONTRASTE,4,88,OTRAS RADIOGRAFÍAS DIAGNÓSTICAS Y TÉCNICAS CONEXAS,D,,,,SI
8865,88.65,FLEBOGRAFÍA DE OTRAS VENAS INTRABDOMINALES UTILIZANDO UN MEDIO DE CONTRASTE,4,88,OTRAS RADIOGRAFÍAS DIAGNÓSTICAS Y TÉCNICAS CONEXAS,D,,,,SI
8866,88.66,FLEBOGRAFÍA DE VENAS FEMORALES Y OTRAS VENAS DE LOS MIEMBROS INFERIORES UTILIZANDO UN MEDIO DE CONTRASTE,4,88,OTRAS RADIOGRAFÍAS DIAGNÓSTICAS Y TÉCNICAS CONEXAS,D,,,,SI
8867,88.67,FLEBOGRAFÍA DE OTRAS ÁREAS ESPECIFICADAS UTILIZANDO UN MEDIO DE CONTRASTE,4,88,OTRAS RADIOGRAFÍAS DIAGNÓSTICAS Y TÉCNICAS CONEXAS,D,,,,SI
8868,88.68,FLEBOGRAFÍA DE IMPEDANCIA,4,88,OTRAS RADIOGRAFÍAS DIAGNÓSTICAS Y TÉCNICAS CONEXAS,D,,,,SI
887,88.7,ECOGRAFÍA DIAGNÓSTICA,3,88,OTRAS RADIOGRAFÍAS DIAGNÓSTICAS Y TÉCNICAS CONEXAS,,,,,NO
8871,88.71,ULTRASONOGRAFÍA DIAGNÓSTICA DE LA CABEZA Y EL CUELLO,4,88,OTRAS RADIOGRAFÍAS DIAGNÓSTICAS Y TÉCNICAS CONEXAS,D,,,,SI
8872,88.72,ULTRASONOGRAFÍA DIAGNÓSTICA DEL CORAZÓN,4,88,OTRAS RADIOGRAFÍAS DIAGNÓSTICAS Y TÉCNICAS CONEXAS,D,,,,SI
8873,88.73,ULTRASONOGRAFÍA DIAGNÓSTICA DE OTRAS ÁREAS DEL TORÁX,4,88,OTRAS RADIOGRAFÍAS DIAGNÓSTICAS Y TÉCNICAS CONEXAS,D,,,,SI
8874,88.74,ULTRASONOGRAFÍA DIAGNÓSTICA DEL APARATO DIGESTIVO,4,88,OTRAS RADIOGRAFÍAS DIAGNÓSTICAS Y TÉCNICAS CONEXAS,D,,,,SI
8875,88.75,ULTRASONOGRAFÍA DIAGNÓSTICA DEL APARATO URINARIO,4,88,OTRAS RADIOGRAFÍAS DIAGNÓSTICAS Y TÉCNICAS CONEXAS,D,,,,SI
8876,88.76,ULTRASONOGRAFIA DIAGNÓSTICA DEL ABDOMEN Y EL RETROPERITONEO,4,88,OTRAS RADIOGRAFÍAS DIAGNÓSTICAS Y TÉCNICAS CONEXAS,D,,,,SI
8877,88.77,ULTRASONOGRAFÍA DIAGNÓSTICA DEL SISTEMA VASCULAR PERIFÉRICO,4,88,OTRAS RADIOGRAFÍAS DIAGNÓSTICAS Y TÉCNICAS CONEXAS,D,,,,SI
8878,88.78,ULTRASONOGRAFÍA DIAGNÓSTICA DEL ÚTERO GRÁVIDO,4,88,OTRAS RADIOGRAFÍAS DIAGNÓSTICAS Y TÉCNICAS CONEXAS,D,F,3650,19710,SI
8879,88.79,OTRAS ULTRASONOGRAFÍAS DIAGNÓSTICAS,4,88,OTRAS RADIOGRAFÍAS DIAGNÓSTICAS Y TÉCNICAS CONEXAS,D,,,,SI
888,88.8,TERMOGRAFÍA,3,88,OTRAS RADIOGRAFÍAS DIAGNÓSTICAS Y TÉCNICAS CONEXAS,,,,,NO
8881,88.81,TERMOGRAFÍA CEREBRAL,4,88,OTRAS RADIOGRAFÍAS DIAGNÓSTICAS Y TÉCNICAS CONEXAS,D,,,,SI
8882,88.82,TERMOGRAFÍA OCULAR,4,88,OTRAS RADIOGRAFÍAS DIAGNÓSTICAS Y TÉCNICAS CONEXAS,D,,,,SI
8883,88.83,TERMOGRAFÍA ÓSEA,4,88,OTRAS RADIOGRAFÍAS DIAGNÓSTICAS Y TÉCNICAS CONEXAS,D,,,,SI
8884,88.84,TERMOGRAFÍA DEL MÚSCULO,4,88,OTRAS RADIOGRAFÍAS DIAGNÓSTICAS Y TÉCNICAS CONEXAS,D,,,,SI
8885,88.85,TERMOGRAFÍA DE LA MAMA,4,88,OTRAS RADIOGRAFÍAS DIAGNÓSTICAS Y TÉCNICAS CONEXAS,D,,,,SI
8886,88.86,TERMOGRAFÍA DE LOS VASOS SANGUÍNEOS,4,88,OTRAS RADIOGRAFÍAS DIAGNÓSTICAS Y TÉCNICAS CONEXAS,D,,,,SI
8889,88.89,TERMOGRAFÍA DE OTRAS ÁREAS,4,88,OTRAS RADIOGRAFÍAS DIAGNÓSTICAS Y TÉCNICAS CONEXAS,D,,,,SI
889,88.9,OTRAS TÉCNICAS DE DIAGNÓSTICO POR IMAGEN,3,88,OTRAS RADIOGRAFÍAS DIAGNÓSTICAS Y TÉCNICAS CONEXAS,,,,,NO
8890,88.90,"TÉCNICAS DE DIAGNÓSTICO POR LAS IMÁGENES, NO CLASIFICADAS EN OTRO APARTADO",4,88,OTRAS RADIOGRAFÍAS DIAGNÓSTICAS Y TÉCNICAS CONEXAS,D,,,,SI
8891,88.91,IMAGEN POR RESONANCIA MAGNÉTICA DEL CEREBRO Y EL TRONCO DEL ENCÉFALO,4,88,OTRAS RADIOGRAFÍAS DIAGNÓSTICAS Y TÉCNICAS CONEXAS,D,,,,SI
8892,88.92,IMAGEN POR RESONANCIA MAGNÉTICA DEL TORÁX Y EL MIOCARDIO,4,88,OTRAS RADIOGRAFÍAS DIAGNÓSTICAS Y TÉCNICAS CONEXAS,D,,,,SI
8893,88.93,IMAGEN POR RESONANCIA MAGNÉTICA DEL RAQUIS,4,88,OTRAS RADIOGRAFÍAS DIAGNÓSTICAS Y TÉCNICAS CONEXAS,D,,,,SI
8894,88.94,IMAGEN POR RESONANCIA MAGNÉTICA DEL SISTEMA MUSCULOESQUELÉTICO,4,88,OTRAS RADIOGRAFÍAS DIAGNÓSTICAS Y TÉCNICAS CONEXAS,D,,,,SI
8895,88.95,"IMAGEN POR RESONANCIA MAGNÉTICA DE LA PELVIS, LA PRÓSTATA, Y LA VEJIGA",4,88,OTRAS RADIOGRAFÍAS DIAGNÓSTICAS Y TÉCNICAS CONEXAS,D,,,,SI
8896,88.96,OTRA RESONANCIA MAGNÉTICA INTRAOPERATORIA,4,88,OTRAS RADIOGRAFÍAS DIAGNÓSTICAS Y TÉCNICAS CONEXAS,D,,,,SI
8897,88.97,IMÁGENES POR RESONANCIA DE OTRAS ÁREAS Y DE ÁREAS NO ESPECIFICADAS,4,88,OTRAS RADIOGRAFÍAS DIAGNÓSTICAS Y TÉCNICAS CONEXAS,D,,,,SI
8898,88.98,ESTUDIOS DE LA DENSIDAD MINERAL DEL HUESO,4,88,OTRAS RADIOGRAFÍAS DIAGNÓSTICAS Y TÉCNICAS CONEXAS,D,,,,SI
89,89,"ENTREVISTA, CONSULTA Y EVALUACIÓN DIAGNÓSTICA",2,89,"ENTREVISTA, CONSULTA Y EVALUACIÓN DIAGNÓSTICA",,,,,NO
890,89.0,"ENTREVISTA, CONSULTA Y EVALUACIÓN DIAGNÓSTICAS",3,89,"ENTREVISTA, CONSULTA Y EVALUACIÓN DIAGNÓSTICA",,,,,NO
8901,89.01,"ENTREVISTA Y EVALUACIÓN, DESCRITAS COMO BREVES",4,89,"ENTREVISTA, CONSULTA Y EVALUACIÓN DIAGNÓSTICA",D,,,,SI
8902,89.02,"ENTREVISTA Y EVALUACIÓN, DESCRITAS COMO LIMITADAS",4,89,"ENTREVISTA, CONSULTA Y EVALUACIÓN DIAGNÓSTICA",D,,,,SI
8903,89.03,"ENTREVISTA Y EVALUACIÓN, DESCRITAS COMO GLOBALES",4,89,"ENTREVISTA, CONSULTA Y EVALUACIÓN DIAGNÓSTICA",D,,,,SI
8904,89.04,OTRA ENTREVISTA Y EVALUACIÓN,4,89,"ENTREVISTA, CONSULTA Y EVALUACIÓN DIAGNÓSTICA",D,,,,SI
8905,89.05,"ENTREVISTA Y EVALUACIÓN DIAGNÓSTICAS, NO ESPECIFICADAS DE OTRA MANERA",4,89,"ENTREVISTA, CONSULTA Y EVALUACIÓN DIAGNÓSTICA",D,,,,SI
8906,89.06,CONSULTA DESCRITA COMO LIMITADA,4,89,"ENTREVISTA, CONSULTA Y EVALUACIÓN DIAGNÓSTICA",D,,,,SI
8907,89.07,CONSULTA DESCRITA COMO GLOBAL,4,89,"ENTREVISTA, CONSULTA Y EVALUACIÓN DIAGNÓSTICA",D,,,,SI
8908,89.08,OTRA CONSULTA,4,89,"ENTREVISTA, CONSULTA Y EVALUACIÓN DIAGNÓSTICA",D,,,,SI
8909,89.09,CONSULTA NO ESPECIFICADA DE OTRA MANERA,4,89,"ENTREVISTA, CONSULTA Y EVALUACIÓN DIAGNÓSTICA",D,,,,SI
891,89.1,MEDICIONES ANATÓMICAS Y FISIOLÓGICAS Y EXÁMENES MANUALES - SISTEMA NERVIOSO Y ÓRGANOS DE SENTIDO,3,89,"ENTREVISTA, CONSULTA Y EVALUACIÓN DIAGNÓSTICA",,,,,NO
8910,89.10,PRUEBA DEL AMOBARBITAL INTRACARÓTIDO,4,89,"ENTREVISTA, CONSULTA Y EVALUACIÓN DIAGNÓSTICA",D,,,,SI
8911,89.11,TONOMETRÍA,4,89,"ENTREVISTA, CONSULTA Y EVALUACIÓN DIAGNÓSTICA",D,,,,SI
8912,89.12,ESTUDIO DE FUNCIÓN NASAL,4,89,"ENTREVISTA, CONSULTA Y EVALUACIÓN DIAGNÓSTICA",D,,,,SI
8913,89.13,EXAMEN NEUROLÓGICO,4,89,"ENTREVISTA, CONSULTA Y EVALUACIÓN DIAGNÓSTICA",D,,,,SI
8914,89.14,ELECTROENCEFALOGRAMA,4,89,"ENTREVISTA, CONSULTA Y EVALUACIÓN DIAGNÓSTICA",D,,,,SI
8915,89.15,OTRAS PRUEBAS DE FUNCIONAMIENTO NEUROLÓGICO NO QUIRÚRGICAS,4,89,"ENTREVISTA, CONSULTA Y EVALUACIÓN DIAGNÓSTICA",D,,,,SI
8916,89.16,TRANSILUMINACIÓN CRANEAL DE RECIÉN NACIDO,4,89,"ENTREVISTA, CONSULTA Y EVALUACIÓN DIAGNÓSTICA",D,,,27,SI
8917,89.17,POLISOMNOGRAMA,4,89,"ENTREVISTA, CONSULTA Y EVALUACIÓN DIAGNÓSTICA",D,,,,SI
8918,89.18,OTRAS PRUEBAS FUNCIONALES DEL TRASTORNO DEL SUEÑO,4,89,"ENTREVISTA, CONSULTA Y EVALUACIÓN DIAGNÓSTICA",D,,,,SI
8919,89.19,MONITORIZACIÓN ELECTROENCEFALOGRÁFICA POR VIDEO Y RADIO,4,89,"ENTREVISTA, CONSULTA Y EVALUACIÓN DIAGNÓSTICA",D,,,,SI
892,89.2,MEDICIONES ANATÓMICAS Y FISIOLÓGICAS Y EXÁMENES MANUALES - APARATO GENITOURINARIO,3,89,"ENTREVISTA, CONSULTA Y EVALUACIÓN DIAGNÓSTICA",,,,,NO
8921,89.21,MANOMETRÍA URINARIA,4,89,"ENTREVISTA, CONSULTA Y EVALUACIÓN DIAGNÓSTICA",D,,,,SI
8922,89.22,CISTOMETROGRAMA,4,89,"ENTREVISTA, CONSULTA Y EVALUACIÓN DIAGNÓSTICA",D,,,,SI
8923,89.23,ELECTROMIOGRAMA DE ESFÍNTER URETRAL,4,89,"ENTREVISTA, CONSULTA Y EVALUACIÓN DIAGNÓSTICA",D,,,,SI
8924,89.24,UROFLUJOMETRÍA [UMF],4,89,"ENTREVISTA, CONSULTA Y EVALUACIÓN DIAGNÓSTICA",D,,,,SI
8925,89.25,PERFIL DE PRESIÓN URETRAL [PPU],4,89,"ENTREVISTA, CONSULTA Y EVALUACIÓN DIAGNÓSTICA",D,,,,SI
8926,89.26,EXAMEN GINECOLÓGICO,4,89,"ENTREVISTA, CONSULTA Y EVALUACIÓN DIAGNÓSTICA",D,,,,SI
8929,89.29,OTRAS MEDICIONES DEL APARATO GENITOURINARIO NO OPERATORIAS,4,89,"ENTREVISTA, CONSULTA Y EVALUACIÓN DIAGNÓSTICA",D,,,,SI
893,89.3,OTRAS MEDICIONES ANATÓMICAS Y FISIOLÓGICAS Y OTROS EXÁMENES MANUALES,3,89,"ENTREVISTA, CONSULTA Y EVALUACIÓN DIAGNÓSTICA",,,,,NO
8931,89.31,EXAMEN DENTAL,4,89,"ENTREVISTA, CONSULTA Y EVALUACIÓN DIAGNÓSTICA",D,,,,SI
8932,89.32,MANOMETRÍA ESOFÁGICA,4,89,"ENTREVISTA, CONSULTA Y EVALUACIÓN DIAGNÓSTICA",D,,,,SI
8933,89.33,EXAMEN DIGITAL DE ESTOMA DE ENTEROSTOMÍA,4,89,"ENTREVISTA, CONSULTA Y EVALUACIÓN DIAGNÓSTICA",D,,,,SI
8934,89.34,EXAMEN DIGITAL DE RECTO,4,89,"ENTREVISTA, CONSULTA Y EVALUACIÓN DIAGNÓSTICA",D,,,,SI
8935,89.35,TRANSILUMINACIÓN DE SENOS NASALES,4,89,"ENTREVISTA, CONSULTA Y EVALUACIÓN DIAGNÓSTICA",D,,,,SI
8936,89.36,EXAMEN MANUAL DE MAMA,4,89,"ENTREVISTA, CONSULTA Y EVALUACIÓN DIAGNÓSTICA",D,,,,SI
8937,89.37,DETERMINACIÓN DE CAPACIDAD VITAL,4,89,"ENTREVISTA, CONSULTA Y EVALUACIÓN DIAGNÓSTICA",D,,,,SI
8938,89.38,OTRAS MEDICIONES RESPIRATORIAS NO QUIRÚRGICAS,4,89,"ENTREVISTA, CONSULTA Y EVALUACIÓN DIAGNÓSTICA",D,,,,SI
8939,89.39,OTRAS MEDICIONES Y EXÁMENES NO QUIRÚRGICOS,4,89,"ENTREVISTA, CONSULTA Y EVALUACIÓN DIAGNÓSTICA",D,,,,SI
894,89.4,PRUEBAS DE STRESS CARDIACO Y REVISIONES DE MARCAPASOS Y DE DESFRIBILADOR,3,89,"ENTREVISTA, CONSULTA Y EVALUACIÓN DIAGNÓSTICA",,,,,NO
8941,89.41,PRUEBA DE ESFUERZO CARDIOVASCULAR CON EMPLEO DE CINTA RODANTE,4,89,"ENTREVISTA, CONSULTA Y EVALUACIÓN DIAGNÓSTICA",D,,,,SI
8942,89.42,PRUEBA DE ESFUERZO EN DOS FASES DE MASTERS,4,89,"ENTREVISTA, CONSULTA Y EVALUACIÓN DIAGNÓSTICA",D,,,,SI
8943,89.43,PRUEBA DE ESFUERZO CARDIOVASCULAR CON EMPLEO DE ERGÓMETRO DE BICICLETA,4,89,"ENTREVISTA, CONSULTA Y EVALUACIÓN DIAGNÓSTICA",D,,,,SI
8944,89.44,OTRA PRUEBA DE ESFUERZO CARDIOVASCULAR,4,89,"ENTREVISTA, CONSULTA Y EVALUACIÓN DIAGNÓSTICA",D,,,,SI
8945,89.45,COMPROBACIÓN DEL RITMO DE MARCAPASOS ARTIFICIAL,4,89,"ENTREVISTA, CONSULTA Y EVALUACIÓN DIAGNÓSTICA",D,,,,SI
8946,89.46,COMPROBACIÓN DE FORMA DE ONDA DE ARTEFACTO DE MARCAPASOS ARTIFICIAL,4,89,"ENTREVISTA, CONSULTA Y EVALUACIÓN DIAGNÓSTICA",D,,,,SI
8947,89.47,COMPROBACIÓN DE IMPEDANCIA DE ELECTRODO DE MARCAPASOS ARTIFICIAL,4,89,"ENTREVISTA, CONSULTA Y EVALUACIÓN DIAGNÓSTICA",D,,,,SI
8948,89.48,COMPROBACIÓN DE UMBRAL DE TENSIÓN O AMPERAJE DE MARCAPASOS ARTIFICIAL,4,89,"ENTREVISTA, CONSULTA Y EVALUACIÓN DIAGNÓSTICA",D,,,,SI
8949,89.49,REVISIÓN DE CARDIOVERSOR/DESFIBRILADOR AUTOMÁTICO IMPLANTABLE (AICD),4,89,"ENTREVISTA, CONSULTA Y EVALUACIÓN DIAGNÓSTICA",D,,,,SI
895,89.5,OTROS PROCEDIMIENTOS DIAGNÓSTICOS CARDIACOS Y VASCULARES NO QUIRÚRGICOS,3,89,"ENTREVISTA, CONSULTA Y EVALUACIÓN DIAGNÓSTICA",,,,,NO
8950,89.50,MONITORIZACIÓN CARDÍACA AMBULATORIA,4,89,"ENTREVISTA, CONSULTA Y EVALUACIÓN DIAGNÓSTICA",D,,,,SI
8951,89.51,ELECTROCARDIOGRAMA DE RITMO,4,89,"ENTREVISTA, CONSULTA Y EVALUACIÓN DIAGNÓSTICA",D,,,,SI
8952,89.52,ELECTROCARDIOGRAMA,4,89,"ENTREVISTA, CONSULTA Y EVALUACIÓN DIAGNÓSTICA",D,,,,SI
8953,89.53,VECTOCARDIOGRAMA (CON ECG),4,89,"ENTREVISTA, CONSULTA Y EVALUACIÓN DIAGNÓSTICA",D,,,,SI
8954,89.54,MONITORIZACIÓN ELECTROGRÁFICA,4,89,"ENTREVISTA, CONSULTA Y EVALUACIÓN DIAGNÓSTICA",D,,,,SI
8955,89.55,FONOCARDIOGRAMA CON DERIVACIÓN DE ECG,4,89,"ENTREVISTA, CONSULTA Y EVALUACIÓN DIAGNÓSTICA",D,,,,SI
8956,89.56,CAROTIDOGRAMA CON DERIVACIÓN DE ECG,4,89,"ENTREVISTA, CONSULTA Y EVALUACIÓN DIAGNÓSTICA",D,,,,SI
8957,89.57,APEXCARDIOGRAMA (CON ELECTRODO ECG),4,89,"ENTREVISTA, CONSULTA Y EVALUACIÓN DIAGNÓSTICA",D,,,,SI
8958,89.58,PLETISMOGRAMA,4,89,"ENTREVISTA, CONSULTA Y EVALUACIÓN DIAGNÓSTICA",D,,,,SI
8959,89.59,OTRAS MEDICIONES CARDIACAS Y VASCULARES NO OPERATORIAS,4,89,"ENTREVISTA, CONSULTA Y EVALUACIÓN DIAGNÓSTICA",D,,,,SI
896,89.6,MONITORIZACIÓN CIRCULATORIA,3,89,"ENTREVISTA, CONSULTA Y EVALUACIÓN DIAGNÓSTICA",,,,,NO
8960,89.60,GASOMETRÍA INTRA ARTERIAL CONTINUA,4,89,"ENTREVISTA, CONSULTA Y EVALUACIÓN DIAGNÓSTICA",D,,,,SI
8961,89.61,MONITORIZACIÓN DE PRESIÓN ARTERIAL SISTÉMICA,4,89,"ENTREVISTA, CONSULTA Y EVALUACIÓN DIAGNÓSTICA",D,,,,SI
8962,89.62,MONITORIZACIÓN DE PRESIÓN VENOSA CENTRAL,4,89,"ENTREVISTA, CONSULTA Y EVALUACIÓN DIAGNÓSTICA",D,,,,SI
8963,89.63,MONITORIZACIÓN DE PRESIÓN DE ARTERIAL PULMONAR,4,89,"ENTREVISTA, CONSULTA Y EVALUACIÓN DIAGNÓSTICA",D,,,,SI
8964,89.64,MONITORIZACIÓN PRESIÓN DE ENCLAVAMIENTO DE ARTERIA PULMONAR,4,89,"ENTREVISTA, CONSULTA Y EVALUACIÓN DIAGNÓSTICA",D,,,,SI
8965,89.65,MEDICIÓN DE GASES EN LA SANGRE ARTERIAL SISTÉMICA,4,89,"ENTREVISTA, CONSULTA Y EVALUACIÓN DIAGNÓSTICA",D,,,,SI
8966,89.66,MEDICIÓN DE GASES EN SANGRE VENOSA MIXTA,4,89,"ENTREVISTA, CONSULTA Y EVALUACIÓN DIAGNÓSTICA",D,,,,SI
8967,89.67,MONITORIZACIÓN DE GASTO CARDIACO POR TÉCNICAS DE CONSUMO DE OXÍGENO,4,89,"ENTREVISTA, CONSULTA Y EVALUACIÓN DIAGNÓSTICA",D,,,,SI
8968,89.68,MONITORIZACIÓN DE GASTO CARDIACO POR OTRA TÉCNICA,4,89,"ENTREVISTA, CONSULTA Y EVALUACIÓN DIAGNÓSTICA",D,,,,SI
8969,89.69,MONITORIZACIÓN DE FLUJO SANGUÍNEO CORONARIO,4,89,"ENTREVISTA, CONSULTA Y EVALUACIÓN DIAGNÓSTICA",D,,,,SI
897,89.7,RECONOCIMIENTO MÉDICO GENERAL,3,89,"ENTREVISTA, CONSULTA Y EVALUACIÓN DIAGNÓSTICA",,,,,NO
897X,89.7X,RECONOCIMIENTO MÉDICO GENERAL,4,89,"ENTREVISTA, CONSULTA Y EVALUACIÓN DIAGNÓSTICA",D,,,,SI
898,89.8,AUTOPSIA,3,89,"ENTREVISTA, CONSULTA Y EVALUACIÓN DIAGNÓSTICA",,,,,NO
898X,89.8X,AUTOPSIA,4,89,"ENTREVISTA, CONSULTA Y EVALUACIÓN DIAGNÓSTICA",D,,,,SI
90,90,EXAMEN MICROSCÓPICO - I,2,90,EXAMEN MICROSCÓPICO - I,,,,,NO
900,90.0,EXAMEN MICROSCÓPICO DE MUESTRA DE SISTEMA NERVIOSO Y DE LÍQUIDO CEFALORRAQUÍDEO.,3,90,EXAMEN MICROSCÓPICO - I,,,,,NO
9001,90.01,EXAMEN MICROSCÓPICO DE MUESTRA DE SISTEMA NERVIOSO Y DE LÍQUIDO CEFALORRAQUÍDEO. FROTIS BACTERIANO,4,90,EXAMEN MICROSCÓPICO - I,D,,,,SI
9002,90.02,EXAMEN MICROSCÓPICO DE MUESTRA DE SISTEMA NERVIOSO Y DE LÍQUIDO CEFALORRAQUÍDEO. CULTIVO,4,90,EXAMEN MICROSCÓPICO - I,D,,,,SI
9003,90.03,EXAMEN MICROSCÓPICO DE MUESTRA DE SISTEMA NERVIOSO Y DE LÍQUIDO CEFALORRAQUÍDEO. CULTIVO Y SENSIBILIDAD,4,90,EXAMEN MICROSCÓPICO - I,D,,,,SI
9004,90.04,EXAMEN MICROSCÓPICO DE MUESTRA DE SISTEMA NERVIOSO Y DE LÍQUIDO CEFALORRAQUÍDEO. PARASITOLOGÍA,4,90,EXAMEN MICROSCÓPICO - I,D,,,,SI
9005,90.05,EXAMEN MICROSCÓPICO DE MUESTRA DE SISTEMA NERVIOSO Y DE LÍQUIDO CEFALORRAQUÍDEO. TOXICOLOGÍA,4,90,EXAMEN MICROSCÓPICO - I,D,,,,SI
9006,90.06,EXAMEN MICROSCÓPICO DE MUESTRA DE SISTEMA NERVIOSO Y DE LÍQUIDO CEFALORRAQUÍDEO. BLOQUE CELULAR Y FROTIS PAPANICOLAU,4,90,EXAMEN MICROSCÓPICO - I,D,,,,SI
9009,90.09,EXAMEN MICROSCÓPICO DE MUESTRA DE SISTEMA NERVIOSO Y DE LÍQUIDO CEFALORRAQUÍDEO. OTRO EXAMEN MICROSCÓPICO,4,90,EXAMEN MICROSCÓPICO - I,D,,,,SI
901,90.1,"EXAMEN MICROSCÓPICO DE MUESTRA DE GLÁNDULA ENDOCRINA, NO CLASIFICADA BAJO OTRO CONCEPTO.",3,90,EXAMEN MICROSCÓPICO - I,,,,,NO
9011,90.11,"EXAMEN MICROSCÓPICO DE MUESTRA DE GLÁNDULA ENDOCRINA, NO CLASIFICADA BAJO OTRO CONCEPTO. FROTIS BACTERIANO",4,90,EXAMEN MICROSCÓPICO - I,D,,,,SI
9012,90.12,"EXAMEN MICROSCÓPICO DE MUESTRA DE GLÁNDULA ENDOCRINA, NO CLASIFICADA BAJO OTRO CONCEPTO. CULTIVO",4,90,EXAMEN MICROSCÓPICO - I,D,,,,SI
9013,90.13,"EXAMEN MICROSCÓPICO DE MUESTRA DE GLÁNDULA ENDOCRINA, NO CLASIFICADA BAJO OTRO CONCEPTO. CULTIVO Y SENSIBILIDAD",4,90,EXAMEN MICROSCÓPICO - I,D,,,,SI
9014,90.14,"EXAMEN MICROSCÓPICO DE MUESTRA DE GLÁNDULA ENDOCRINA, NO CLASIFICADA BAJO OTRO CONCEPTO. PARASITOLOGÍA",4,90,EXAMEN MICROSCÓPICO - I,D,,,,SI
9015,90.15,"EXAMEN MICROSCÓPICO DE MUESTRA DE GLÁNDULA ENDOCRINA, NO CLASIFICADA BAJO OTRO CONCEPTO. TOXICOLOGÍA",4,90,EXAMEN MICROSCÓPICO - I,D,,,,SI
9016,90.16,"EXAMEN MICROSCÓPICO DE MUESTRA DE GLÁNDULA ENDOCRINA, NO CLASIFICADA BAJO OTRO CONCEPTO. BLOQUE CELULAR Y FROTIS DE PAPANICOLAU",4,90,EXAMEN MICROSCÓPICO - I,D,,,,SI
9019,90.19,"EXAMEN MICROSCÓPICO DE MUESTRA DE GLÁNDULA ENDOCRINA, NO CLASIFICADA BAJO OTRO CONCEPTO. OTRO EXAMEN MICROSCÓPICO",4,90,EXAMEN MICROSCÓPICO - I,D,,,,SI
902,90.2,EXAMEN MICROSCÓPICO DE MUESTRA DE OJO.,3,90,EXAMEN MICROSCÓPICO - I,,,,,NO
9021,90.21,EXAMEN MICROSCÓPICO DE MUESTRA DE OJO. FROTIS BACTERIANO,4,90,EXAMEN MICROSCÓPICO - I,D,,,,SI
9022,90.22,EXAMEN MICROSCÓPICO DE MUESTRA DE OJO. CULTIVO,4,90,EXAMEN MICROSCÓPICO - I,D,,,,SI
9023,90.23,EXAMEN MICROSCÓPICO DE MUESTRA DE OJO. CULTIVO Y SENSIBILIDAD,4,90,EXAMEN MICROSCÓPICO - I,D,,,,SI
9024,90.24,EXAMEN MICROSCÓPICO DE MUESTRA DE OJO. PARASITOLOGÍA,4,90,EXAMEN MICROSCÓPICO - I,D,,,,SI
9025,90.25,EXAMEN MICROSCÓPICO DE MUESTRA DE OJO. TOXICOLOGÍA,4,90,EXAMEN MICROSCÓPICO - I,D,,,,SI
9026,90.26,EXAMEN MICROSCÓPICO DE MUESTRA DE OJO. BLOQUE CELULAR Y FROTIS DE PAPANICOLAU,4,90,EXAMEN MICROSCÓPICO - I,D,,,,SI
9029,90.29,EXAMEN MICROSCÓPICO DE MUESTRA DE OJO. OTRO EXAMEN MICROSCÓPICO,4,90,EXAMEN MICROSCÓPICO - I,D,,,,SI
903,90.3,"EXAMEN MICROSCÓPICO DE MUESTRA DE OIDO, NARIZ, GARGANTA Y LARINGE.",3,90,EXAMEN MICROSCÓPICO - I,,,,,NO
9031,90.31,"EXAMEN MICROSCÓPICO DE MUESTRA DE OIDO, NARIZ, GARGANTA Y LARINGE. FROTIS BACTERIANO",4,90,EXAMEN MICROSCÓPICO - I,D,,,,SI
9032,90.32,"EXAMEN MICROSCÓPICO DE MUESTRA DE OIDO, NARIZ, GARGANTA Y LARINGE. CULTIVO",4,90,EXAMEN MICROSCÓPICO - I,D,,,,SI
9033,90.33,"EXAMEN MICROSCÓPICO DE MUESTRA DE OIDO, NARIZ, GARGANTA Y LARINGE. CULTIVO Y SENSIBILIDAD",4,90,EXAMEN MICROSCÓPICO - I,D,,,,SI
9034,90.34,"EXAMEN MICROSCÓPICO DE MUESTRA DE OIDO, NARIZ, GARGANTA Y LARINGE. PARASITOLOGÍA",4,90,EXAMEN MICROSCÓPICO - I,D,,,,SI
9035,90.35,"EXAMEN MICROSCÓPICO DE MUESTRA DE OIDO, NARIZ, GARGANTA Y LARINGE. TOXICOLOGÍA",4,90,EXAMEN MICROSCÓPICO - I,D,,,,SI
9036,90.36,"EXAMEN MICROSCÓPICO DE MUESTRA DE OIDO, NARIZ, GARGANTA Y LARINGE. BLOQUE CELULAR Y FROTIS DE PAPANICOLAU",4,90,EXAMEN MICROSCÓPICO - I,D,,,,SI
9039,90.39,"EXAMEN MICROSCÓPICO DE MUESTRA DE OIDO, NARIZ, GARGANTA Y LARINGE. OTRO EXAMEN MICROSCÓPICO",4,90,EXAMEN MICROSCÓPICO - I,D,,,,SI
904,90.4,"EXAMEN MICROSCÓPICO DE MUESTRA DE TRÁQUEA, BRONQUIO, PLEURA, PULMÓN Y DE OTRA MUESTRA TORÁCICA Y DE OTRA MUESTRA TORÁSICA Y DE ESPUTOS",3,90,EXAMEN MICROSCÓPICO - I,,,,,NO
9041,90.41,"EXAMEN MICROSCÓPICO DE MUESTRA DE TRÁQUEA, BRONQUIO, PLEURA, PULMÓN Y DE OTRA MUESTRA TORÁCICA Y DE OTRA MUESTRA TORÁSICA Y DE ESPUTOS. FROTIS BACTERIANO",4,90,EXAMEN MICROSCÓPICO - I,D,,,,SI
9042,90.42,"EXAMEN MICROSCÓPICO DE MUESTRA DE TRÁQUEA, BRONQUIO, PLEURA, PULMÓN Y DE OTRA MUESTRA TORÁCICA Y DE OTRA MUESTRA TORÁSICA Y DE ESPUTOS. CULTIVO",4,90,EXAMEN MICROSCÓPICO - I,D,,,,SI
9043,90.43,TORÁSICA Y DE ESPUTOS,4,90,EXAMEN MICROSCÓPICO - I,D,,,,SI
9044,90.44,"EXAMEN MICROSCÓPICO DE MUESTRA DE TRÁQUEA, BRONQUIO, PLEURA, PULMÓN Y DE OTRA MUESTRA TORÁCICA Y DE OTRA MUESTRA TORÁSICA Y DE ESPUTOS. PARASITOLOGÍA",4,90,EXAMEN MICROSCÓPICO - I,D,,,,SI
9045,90.45,"EXAMEN MICROSCÓPICO DE MUESTRA DE TRÁQUEA, BRONQUIO, PLEURA, PULMÓN Y DE OTRA MUESTRA TORÁCICA Y DE OTRA MUESTRA TORÁSICA Y DE ESPUTOS. TOXICOLOGÍA",4,90,EXAMEN MICROSCÓPICO - I,D,,,,SI
9046,90.46,"EXAMEN MICROSCÓPICO DE MUESTRA DE TRÁQUEA, BRONQUIO, PLEURA, PULMÓN Y DE OTRA MUESTRA TORÁCICA Y DE OTRA MUESTRA TORÁSICA Y DE ESPUTOS. BLOQUE CELULAR Y FROTIS DE PAPANICOLAU",4,90,EXAMEN MICROSCÓPICO - I,D,,,,SI
9049,90.49,"EXAMEN MICROSCÓPICO DE MUESTRA DE TRÁQUEA, BRONQUIO, PLEURA, PULMÓN Y DE OTRA MUESTRA TORÁCICA DE Y DE OTRA MUESTRA TORÁSICA Y DE ESPUTOS. OTRO EXAMEN MICROSCÓPICO",4,90,EXAMEN MICROSCÓPICO - I,D,,,,SI
905,90.5,EXAMEN MICROSCÓPICO DE SANGRE.,3,90,EXAMEN MICROSCÓPICO - I,,,,,NO
9051,90.51,EXAMEN MICROSCÓPICO DE SANGRE. FROTIS BACTERIANO,4,90,EXAMEN MICROSCÓPICO - I,D,,,,SI
9052,90.52,EXAMEN MICROSCÓPICO DE SANGRE. CULTIVO,4,90,EXAMEN MICROSCÓPICO - I,D,,,,SI
9053,90.53,EXAMEN MICROSCÓPICO DE SANGRE. CULTIVO Y SENSIBILIDAD,4,90,EXAMEN MICROSCÓPICO - I,D,,,,SI
9054,90.54,EXAMEN MICROSCÓPICO DE SANGRE. PARASITOLOGÍA,4,90,EXAMEN MICROSCÓPICO - I,D,,,,SI
9055,90.55,EXAMEN MICROSCÓPICO DE SANGRE. TOXICOLOGÍA,4,90,EXAMEN MICROSCÓPICO - I,D,,,,SI
9056,90.56,EXAMEN MICROSCÓPICO DE SANGRE. BLOQUE CELULAR Y FROTIS DE PAPANICOLAU,4,90,EXAMEN MICROSCÓPICO - I,D,,,,SI
9059,90.59,EXAMEN MICROSCÓPICO DE SANGRE. OTRO EXAMEN MICROSCÓPICO,4,90,EXAMEN MICROSCÓPICO - I,D,,,,SI
906,90.6,EXAMEN MICROSCÓPICO DE MUESTRA DE BAZO Y DE MÉDULA ÓSEA.,3,90,EXAMEN MICROSCÓPICO - I,,,,,NO
9061,90.61,EXAMEN MICROSCÓPICO DE MUESTRA DE BAZO Y DE MÉDULA ÓSEA. FROTIS BACTERIANO,4,90,EXAMEN MICROSCÓPICO - I,D,,,,SI
9062,90.62,EXAMEN MICROSCÓPICO DE MUESTRA DE BAZO Y DE MÉDULA ÓSEA. CULTIVO,4,90,EXAMEN MICROSCÓPICO - I,D,,,,SI
9063,90.63,EXAMEN MICROSCÓPICO DE MUESTRA DE BAZO Y DE MÉDULA ÓSEA. CULTIVO Y SENSIBILIDAD,4,90,EXAMEN MICROSCÓPICO - I,D,,,,SI
9064,90.64,EXAMEN MICROSCÓPICO DE MUESTRA DE BAZO Y DE MÉDULA ÓSEA. PARASITOLOGÍA,4,90,EXAMEN MICROSCÓPICO - I,D,,,,SI
9065,90.65,EXAMEN MICROSCÓPICO DE MUESTRA DE BAZO Y DE MÉDULA ÓSEA. TOXICOLOGÍA,4,90,EXAMEN MICROSCÓPICO - I,D,,,,SI
9066,90.66,EXAMEN MICROSCÓPICO DE MUESTRA DE BAZO Y DE MÉDULA ÓSEA. BLOQUE CELULAR Y FROTIS DE PAPANICOLAU,4,90,EXAMEN MICROSCÓPICO - I,D,,,,SI
9069,90.69,EXAMEN MICROSCÓPICO DE MUESTRA DE BAZO Y DE MÉDULA ÓSEA. OTRO EXAMEN MICROSCÓPICO,4,90,EXAMEN MICROSCÓPICO - I,D,,,,SI
907,90.7,EXAMEN MICROSCÓPICO DE MUESTRA DE NÓDULO LINFÁTICO Y DE LINFA.,3,90,EXAMEN MICROSCÓPICO - I,,,,,NO
9071,90.71,EXAMEN MICROSCÓPICO DE MUESTRA DE NÓDULO LINFÁTICO Y DE LINFA. FROTIS BACTERIANO,4,90,EXAMEN MICROSCÓPICO - I,D,,,,SI
9072,90.72,EXAMEN MICROSCÓPICO DE MUESTRA DE NÓDULO LINFÁTICO Y DE LINFA. CULTIVO,4,90,EXAMEN MICROSCÓPICO - I,D,,,,SI
9073,90.73,EXAMEN MICROSCÓPICO DE MUESTRA DE NÓDULO LINFÁTICO Y DE LINFA. CULTIVO Y SENSIBILIDAD,4,90,EXAMEN MICROSCÓPICO - I,D,,,,SI
9074,90.74,EXAMEN MICROSCÓPICO DE MUESTRA DE NÓDULO LINFÁTICO Y DE LINFA. PARASITOLOGÍA,4,90,EXAMEN MICROSCÓPICO - I,D,,,,SI
9075,90.75,EXAMEN MICROSCÓPICO DE MUESTRA DE NÓDULO LINFÁTICO Y DE LINFA.TOXICOLOGÍA,4,90,EXAMEN MICROSCÓPICO - I,D,,,,SI
9076,90.76,EXAMEN MICROSCÓPICO DE MUESTRA DE NÓDULO LINFÁTICO Y DE LINFA. BLOQUE CELULAR Y FROTIS DE PAPANICOLAU,4,90,EXAMEN MICROSCÓPICO - I,D,,,,SI
9079,90.79,EXAMEN MICROSCÓPICO DE MUESTRA DE NÓDULO LINFÁTICO Y DE LINFA. OTRO EXAMEN MICROSCÓPICO,4,90,EXAMEN MICROSCÓPICO - I,D,,,,SI
908,90.8,EXAMEN MICROSCÓPICO DE MUESTRA DE TRACTO GASROEINTESTINAL SUPERIOR Y DE VÓMITO.,3,90,EXAMEN MICROSCÓPICO - I,,,,,NO
9081,90.81,EXAMEN MICROSCÓPICO DE MUESTRA DE TRACTO GASROEINTESTINAL SUPERIOR Y DE VÓMITO. FROTIS BACTERIANO,4,90,EXAMEN MICROSCÓPICO - I,D,,,,SI
9082,90.82,EXAMEN MICROSCÓPICO DE MUESTRA DE TRACTO GASROEINTESTINAL SUPERIOR Y DE VÓMITO. CULTIVO,4,90,EXAMEN MICROSCÓPICO - I,D,,,,SI
9083,90.83,EXAMEN MICROSCÓPICO DE MUESTRA DE TRACTO GASROEINTESTINAL SUPERIOR Y DE VÓMITO. CULTIVO Y SENSIBILIDAD,4,90,EXAMEN MICROSCÓPICO - I,D,,,,SI
9084,90.84,EXAMEN MICROSCÓPICO DE MUESTRA DE TRACTO GASROEINTESTINAL SUPERIOR Y DE VÓMITO. . PARASITOLOGÍA,4,90,EXAMEN MICROSCÓPICO - I,D,,,,SI
9085,90.85,EXAMEN MICROSCÓPICO DE MUESTRA DE TRACTO GASROEINTESTINAL SUPERIOR Y DE VÓMITO. . TOXICOLOGÍA,4,90,EXAMEN MICROSCÓPICO - I,D,,,,SI
9086,90.86,EXAMEN MICROSCÓPICO DE MUESTRA DE TRACTO GASROEINTESTINAL SUPERIOR Y DE VÓMITO. BLOQUE CELULAR Y FROTIS DE PAPANICOLAU,4,90,EXAMEN MICROSCÓPICO - I,D,,,,SI
9089,90.89,EXAMEN MICROSCÓPICO DE MUESTRA DE TRACTO GASROEINTESTINAL SUPERIOR Y DE VÓMITO. OTRO EXAMEN MICROSCÓPICO,4,90,EXAMEN MICROSCÓPICO - I,D,,,,SI
909,90.9,EXAMEN MICROSCÓPICO DE MUESTRA DE TRACTO GASTROINTESTINAL INFERIOR Y DE DEYECCIONES.,3,90,EXAMEN MICROSCÓPICO - I,,,,,NO
9091,90.91,EXAMEN MICROSCÓPICO DE MUESTRA DE TRACTO GASTROINTESTINAL INFERIOR Y DE DEYECCIONES. FROTIS BACTERIANO,4,90,EXAMEN MICROSCÓPICO - I,D,,,,SI
9092,90.92,EXAMEN MICROSCÓPICO DE MUESTRA DE TRACTO GASTROINTESTINAL INFERIOR Y DE DEYECCIONES. CULTIVO,4,90,EXAMEN MICROSCÓPICO - I,D,,,,SI
9093,90.93,EXAMEN MICROSCÓPICO DE MUESTRA DE TRACTO GASTROINTESTINAL INFERIOR Y DE DEYECCIONES. CULTIVO Y SENSIBILIDAD,4,90,EXAMEN MICROSCÓPICO - I,D,,,,SI
9094,90.94,EXAMEN MICROSCÓPICO DE MUESTRA DE TRACTO GASTROINTESTINAL INFERIOR Y DE DEYECCIONES. PARASITOLOGÍA,4,90,EXAMEN MICROSCÓPICO - I,D,,,,SI
9095,90.95,EXAMEN MICROSCÓPICO DE MUESTRA DE TRACTO GASTROINTESTINAL INFERIOR Y DE DEYECCIONES. TOXICOLOGÍA,4,90,EXAMEN MICROSCÓPICO - I,D,,,,SI
9096,90.96,EXAMEN MICROSCÓPICO DE MUESTRA DE TRACTO GASTROINTESTINAL INFERIOR Y DE DEYECCIONES. BLOQUE CELULAR Y FROTIS DE PAPANICOLAU,4,90,EXAMEN MICROSCÓPICO - I,D,,,,SI
9099,90.99,EXAMEN MICROSCÓPICO DE MUESTRA DE TRACTO GASTROINTESTINAL INFERIOR Y DE DEYECCIONES OTRO EXAMEN MICROSCÓPICO,4,90,EXAMEN MICROSCÓPICO - I,D,,,,SI
91,91,EXAMEN MICROSCÓPICO - II,2,91,EXAMEN MICROSCÓPICO - II,,,,,NO
910,91.0,"EXAMEN MICROSCÓPICO DE MUESTRA DE HÍGADO, TRACTO BILIAR Y PÁNCREAS",3,91,EXAMEN MICROSCÓPICO - II,,,,,NO
9101,91.01,"EXAMEN MICROSCÓPICO DE MUESTRA DE HÍGADO, TRACTO BILIAR Y PÁNCREAS. FROTIS BACTERIANO",4,91,EXAMEN MICROSCÓPICO - II,D,,,,SI
9102,91.02,"EXAMEN MICROSCÓPICO DE MUESTRA DE HÍGADO, TRACTO BILIAR Y PÁNCREAS. CULTIVO",4,91,EXAMEN MICROSCÓPICO - II,D,,,,SI
9103,91.03,"EXAMEN MICROSCÓPICO DE MUESTRA DE HÍGADO, TRACTO BILIAR Y PÁNCREAS. CULTIVO Y SENSIBILIDAD",4,91,EXAMEN MICROSCÓPICO - II,D,,,,SI
9104,91.04,"EXAMEN MICROSCÓPICO DE MUESTRA DE HÍGADO, TRACTO BILIAR Y PÁNCREAS. PARASITOLOGÍA",4,91,EXAMEN MICROSCÓPICO - II,D,,,,SI
9105,91.05,"EXAMEN MICROSCÓPICO DE MUESTRA DE HÍGADO, TRACTO BILIAR Y PÁNCREAS. TOXICOLOGÍA",4,91,EXAMEN MICROSCÓPICO - II,D,,,,SI
9106,91.06,"EXAMEN MICROSCÓPICO DE MUESTRA DE HÍGADO, TRACTO BILIAR Y PÁNCREAS. BLOQUE CELULAR Y FROTIS DE PAPANICOLAU",4,91,EXAMEN MICROSCÓPICO - II,D,,,,SI
9109,91.09,"EXAMEN MICROSCÓPICO DE MUESTRA DE HÍGADO, TRACTO BILIAR Y PÁNCREAS. OTRO EXEMEN MICROSCÓPICO",4,91,EXAMEN MICROSCÓPICO - II,D,,,,SI
911,91.1,EXAMEN MICROSCÓPICO DE MUESTRA PERITONEAL Y RETROPERITONEAL,3,91,EXAMEN MICROSCÓPICO - II,,,,,NO
9111,91.11,EXAMEN MICROSCÓPICO DE MUESTRA PERITONEAL Y RETROPERITONEAL. FROTIS BACTERIANO,4,91,EXAMEN MICROSCÓPICO - II,D,,,,SI
9112,91.12,EXAMEN MICROSCÓPICO DE MUESTRA PERITONEAL Y RETROPERITONEAL. CULTIVO,4,91,EXAMEN MICROSCÓPICO - II,D,,,,SI
9113,91.13,EXAMEN MICROSCÓPICO DE MUESTRA PERITONEAL Y RETROPERITONEAL. CULTIVO Y SENSIBILIDAD.,4,91,EXAMEN MICROSCÓPICO - II,D,,,,SI
9114,91.14,EXAMEN MICROSCÓPICO DE MUESTRA PERITONEAL Y RETROPERITONEAL. PARASITOLOGÍA,4,91,EXAMEN MICROSCÓPICO - II,D,,,,SI
9115,91.15,EXAMEN MICROSCÓPICO DE MUESTRA PERITONEAL Y RETROPERITONEAL. TOXICOLOGÍA,4,91,EXAMEN MICROSCÓPICO - II,D,,,,SI
9116,91.16,EXAMEN MICROSCÓPICO DE MUESTRA PERITONEAL Y RETROPERITONEAL. BLOQUE CELULAR Y FROTIS DE PAPANICOLAU,4,91,EXAMEN MICROSCÓPICO - II,D,,,,SI
9119,91.19,EXAMEN MICROSCÓPICO DE MUESTRA PERITONEAL Y RETROPERITONEAL. OTRO EXAMEN MICROSCÓPICO,4,91,EXAMEN MICROSCÓPICO - II,D,,,,SI
912,91.2,"EXAMEN MICROSCÓPICO DE MUESTRA DE RIÑÓN, URÉTER, TEJIDO PERIRRENAL Y TEJIDO PERIURETRAL",3,91,EXAMEN MICROSCÓPICO - II,,,,,NO
9121,91.21,"EXAMEN MICROSCÓPICO DE MUESTRA DE RIÑÓN, URETER, TEJIDO PERIRRENAL Y TEJIDO PERIURETRAL. FROTIS BACTERIANO",4,91,EXAMEN MICROSCÓPICO - II,D,,,,SI
9122,91.22,"EXAMEN MICROSCÓPICO DE MUESTRA DE RIÑÓN, URETER, TEJIDO PERIRRENAL Y TEJIDO PERIURETRAL. CULTIVO",4,91,EXAMEN MICROSCÓPICO - II,D,,,,SI
9123,91.23,"EXAMEN MICROSCÓPICO DE MUESTRA DE RIÑÓN, URETER, TEJIDO PERIRRENAL Y TEJIDO PERIURETRAL. CULTIVO Y SENSIBILIDAD",4,91,EXAMEN MICROSCÓPICO - II,D,,,,SI
9124,91.24,"EXAMEN MICROSCÓPICO DE MUESTRA DE RIÑÓN, URETER, TEJIDO PERIRRENAL Y TEJIDO PERIURETRAL. PARASITOLOGÍA",4,91,EXAMEN MICROSCÓPICO - II,D,,,,SI
9125,91.25,"EXAMEN MICROSCÓPICO DE MUESTRA DE RIÑÓN, URETER, TEJIDO PERIRRENAL Y TEJIDO PERIURETRAL. TOXICOLOGÍA",4,91,EXAMEN MICROSCÓPICO - II,D,,,,SI
9126,91.26,"EXAMEN MICROSCÓPICO DE MUESTRA DE RIÑÓN, URETER, TEJIDO PERIRRENAL Y TEJIDO PERIURETRAL. BLOQUE CELULAR Y FROTIS DE PAPANICOLAU",4,91,EXAMEN MICROSCÓPICO - II,D,,,,SI
9129,91.29,"EXAMEN MICROSCÓPICO DE MUESTRA DE RIÑÓN, URETER, TEJIDO PERIRRENAL Y TEJIDO PERIURETRAL. OTRO EXAMEN MICROSCÓPICO",4,91,EXAMEN MICROSCÓPICO - II,D,,,,SI
913,91.3,"EXAMEN MICROSCÓPICO DE MUESTRA DE VEJIGA, URETRA, PRÓSTATA, VESÍCULA SEMINAL, TEJIDO PERIVESICAL, DE ORINA Y DE SEMEN",3,91,EXAMEN MICROSCÓPICO - II,,,,,NO
9131,91.31,"EXAMEN MICROSCÓPICO DE MUESTRA DE VEJIGA, URETRA, PRÓSTATA, VESÍCULA SEMINAL, TEJIDO PERIVESICAL Y DE ORINA Y DE SEMEN. FROTIS BACTERIANO",4,91,EXAMEN MICROSCÓPICO - II,D,,,,SI
9132,91.32,"EXAMEN MICROSCÓPICO DE MUESTRA DE VEJIGA, URETRA, PRÓSTATA, VESÍCULA SEMINAL, TEJIDO PERIVESICAL Y DE ORINA Y DE SEMEN. CULTIVO",4,91,EXAMEN MICROSCÓPICO - II,D,,,,SI
9133,91.33,"EXAMEN MICROSCÓPICO DE MUESTRA DE VEJIGA, URETRA, PRÓSTATA, VESÍCULA SEMINAL, TEJIDO PERIVESICAL Y DE ORINA Y DE SEMEN. CULTIVO Y SENSIBILIDAD",4,91,EXAMEN MICROSCÓPICO - II,D,,,,SI
9134,91.34,"EXAMEN MICROSCÓPICO DE MUESTRA DE VEJIGA, URETRA, PRÓSTATA, VESÍCULA SEMINAL, TEJIDO PERIVESICAL Y DE ORINA Y DE SEMEN. PARASITOLOGÍA",4,91,EXAMEN MICROSCÓPICO - II,D,,,,SI
9135,91.35,"EXAMEN MICROSCÓPICO DE MUESTRA DE VEJIGA, URETRA, PRÓSTATA, VESÍCULA SEMINAL, TEJIDO PERIVESICAL Y DE ORINA Y DE SEMEN. TOXICOLOGÍA",4,91,EXAMEN MICROSCÓPICO - II,D,,,,SI
9136,91.36,"EXAMEN MICROSCÓPICO DE MUESTRA DE VEJIGA, URETRA, PRÓSTATA, VESÍCULA SEMINAL, TEJIDO PERIVESICAL Y DE ORINA Y DE SEMEN. BLOQUE CELULAR Y FROTIS BACTERIANO",4,91,EXAMEN MICROSCÓPICO - II,D,,,,SI
9139,91.39,"EXAMEN MICROSCÓPICO DE MUESTRA DE VEJIGA, URETRA, PRÓSTATA, VESÍCULA SEMINAL, TEJIDO PERIVESICAL Y DE ORINA Y DE SEMEN. OTRO EXAMEN MICROSCÓPICO",4,91,EXAMEN MICROSCÓPICO - II,D,,,,SI
914,91.4,EXAMEN MICROSCÓPICO DE MUESTRA DE TRACTO GENITAL FEMENINO,3,91,EXAMEN MICROSCÓPICO - II,,,,,NO
9141,91.41,EXAMEN MICROSCÓPICO DE MUESTRA DE TRACTO GENITAL FEMENINO. FROTIS BACTERIANO,4,91,EXAMEN MICROSCÓPICO - II,D,F,,,SI
9142,91.42,EXAMEN MICROSCÓPICO DE MUESTRA DE TRACTO GENITAL FEMENINO. CULTIVO,4,91,EXAMEN MICROSCÓPICO - II,D,F,,,SI
9143,91.43,EXAMEN MICROSCÓPICO DE MUESTRA DE TRACTO GENITAL FEMENINO. CULTIVO Y SENSIBILIDAD,4,91,EXAMEN MICROSCÓPICO - II,D,F,,,SI
9144,91.44,EXAMEN MICROSCÓPICO DE MUESTRA DE TRACTO GENITAL FEMENINO. PARASITOLOGÍA,4,91,EXAMEN MICROSCÓPICO - II,D,F,,,SI
9145,91.45,EXAMEN MICROSCÓPICO DE MUESTRA DE TRACTO GENITAL FEMENINO. TOXICOLOGÍA,4,91,EXAMEN MICROSCÓPICO - II,D,F,,,SI
9146,91.46,EXAMEN MICROSCÓPICO DE MUESTRA DE TRACTO GENITAL FEMENINO. BLOQUE CELULAR Y FROTIS DE PAPANICOLAU,4,91,EXAMEN MICROSCÓPICO - II,D,F,,,SI
9149,91.49,EXAMEN MICROSCÓPICO DE MUESTRA DE TRACTO GENITAL FEMENINO. OTRO EXAMEN MICROSCÓPICO,4,91,EXAMEN MICROSCÓPICO - II,D,F,,,SI
915,91.5,EXAMEN MICROSCÓPICO DE MUESTRA DE APARATO MUSCULOESQUELÉTICO Y DE LÍQUIDO DE ARTICULACIONES,3,91,EXAMEN MICROSCÓPICO - II,,,,,NO
9151,91.51,EXAMEN MICROSCÓPICO DE MUESTRA DE APARATO MUSCULOESQUELÉTICO Y DE LÍQUIDO DE ARTICULACIONES. FROTIS BACTERIANO,4,91,EXAMEN MICROSCÓPICO - II,D,,,,SI
9152,91.52,EXAMEN MICROSCÓPICO DE MUESTRA DE APARATO MUSCULOESQUELÉTICO Y DE LÍQUIDO DE ARTICULACIONES. CULTIVO,4,91,EXAMEN MICROSCÓPICO - II,D,,,,SI
9153,91.53,EXAMEN MICROSCÓPICO DE MUESTRA DE APARATO MUSCULOESQUELÉTICO Y DE LÍQUIDO DE ARTICULACIONES. CUTLIVO Y SENSIBILIDAD,4,91,EXAMEN MICROSCÓPICO - II,D,,,,SI
9154,91.54,EXAMEN MICROSCÓPICO DE MUESTRA DE APARATO MUSCULOESQUELÉTICO Y DE LÍQUIDO DE ARTICULACIONES. PARASITOLOGÍA,4,91,EXAMEN MICROSCÓPICO - II,D,,,,SI
9155,91.55,EXAMEN MICROSCÓPICO DE MUESTRA DE APARATO MUSCULOESQUELÉTICO Y DE LÍQUIDO DE ARTICULACIONES. TOXICOLOGÍA,4,91,EXAMEN MICROSCÓPICO - II,D,,,,SI
9156,91.56,EXAMEN MICROSCÓPICO DE MUESTRA DE APARATO MUSCULOESQUELÉTICO Y DE LÍQUIDO DE ARTICULACIONES. BLOQUE CELULAR Y FROTIS DE PAPANICOLAU,4,91,EXAMEN MICROSCÓPICO - II,D,,,,SI
9159,91.59,EXAMEN MICROSCÓPICO DE MUESTRA DE APARATO MUSCULOESQUELÉTICO Y DE LÍQUIDO DE ARTICULACIONES. OTRO EXAMEN MICROSCÓPICO,4,91,EXAMEN MICROSCÓPICO - II,D,,,,SI
916,91.6,EXAMEN MICROSCÓPICO DE MUESTRA DE PIEL Y DE OTRO TEGUMENTO.,3,91,EXAMEN MICROSCÓPICO - II,,,,,NO
9161,91.61,EXAMEN MICROSCÓPICO DE MUESTRA DE PIEL Y DE OTRO TEGUMENTO. FROTIS BACTERIANO,4,91,EXAMEN MICROSCÓPICO - II,D,,,,SI
9162,91.62,EXAMEN MICROSCÓPICO DE MUESTRA DE PIEL Y DE OTRO TEGUMENTO. CULTIVO,4,91,EXAMEN MICROSCÓPICO - II,D,,,,SI
9163,91.63,EXAMEN MICROSCÓPICO DE MUESTRA DE PIEL Y DE OTRO TEGUMENTO. CULTIVO Y SENSIBILIDAD,4,91,EXAMEN MICROSCÓPICO - II,D,,,,SI
9164,91.64,EXAMEN MICROSCÓPICO DE MUESTRA DE PIEL Y DE OTRO TEGUMENTO. PARASITOLOGÍA,4,91,EXAMEN MICROSCÓPICO - II,D,,,,SI
9165,91.65,EXAMEN MICROSCÓPICO DE MUESTRA DE PIEL Y DE OTRO TEGUMENTO. TOXICOLOGÍA,4,91,EXAMEN MICROSCÓPICO - II,D,,,,SI
9166,91.66,EXAMEN MICROSCÓPICO DE MUESTRA DE PIEL Y DE OTRO TEGUMENTO. BLOQUE CELULAR Y FROTIS DE PAPANICOLAU,4,91,EXAMEN MICROSCÓPICO - II,D,,,,SI
9169,91.69,EXAMEN MICROSCÓPICO DE MUESTRA DE PIEL Y DE OTRO TEGUMENTO. OTRO EXAMEN MICROSCÓPICO,4,91,EXAMEN MICROSCÓPICO - II,D,,,,SI
917,91.7,EXAMEN MICROSCÓPICO DE MUESTRA DE HERIDA OPERATORIA,3,91,EXAMEN MICROSCÓPICO - II,,,,,NO
9171,91.71,EXAMEN MICROSCÓPICO DE MUESTRA DE HERIDA OPERATORIA. FROTIS BACTERIANO,4,91,EXAMEN MICROSCÓPICO - II,D,,,,SI
9172,91.72,EXAMEN MICROSCÓPICO DE MUESTRA DE HERIDA OPERATORIA. CULTIVO,4,91,EXAMEN MICROSCÓPICO - II,D,,,,SI
9173,91.73,EXAMEN MICROSCÓPICO DE MUESTRA DE HERIDA OPERATORIA. CULTIVO Y SENSIBILIDAD,4,91,EXAMEN MICROSCÓPICO - II,D,,,,SI
9174,91.74,EXAMEN MICROSCÓPICO DE MUESTRA DE HERIDA OPERATORIA. PARASITOLOGÍA,4,91,EXAMEN MICROSCÓPICO - II,D,,,,SI
9175,91.75,EXAMEN MICROSCÓPICO DE MUESTRA DE HERIDA OPERATORIA. TOXICOLOGÍA,4,91,EXAMEN MICROSCÓPICO - II,D,,,,SI
9176,91.76,EXAMEN MICROSCÓPICO DE MUESTRA DE HERIDA OPERATORIA. BLOQUE CELULAR Y FROTIS DE PAPANICOLAU,4,91,EXAMEN MICROSCÓPICO - II,D,,,,SI
9179,91.79,EXAMEN MICROSCÓPICO DE MUESTRA DE HERIDA OPERATORIA. OTRO EXAMEN MICROSCÓPICO,4,91,EXAMEN MICROSCÓPICO - II,D,,,,SI
918,91.8,EXAMEN MICROSCÓPICO DE MUESTRA DE OTRO SITIO,3,91,EXAMEN MICROSCÓPICO - II,,,,,NO
9181,91.81,EXAMEN MICROSCÓPICO DE MUESTRA DE OTRO SITIO. FROTIS BACTERINAO,4,91,EXAMEN MICROSCÓPICO - II,D,,,,SI
9182,91.82,EXAMEN MICROSCÓPICO DE MUESTRA DE OTRO SITIO. CULTIVO,4,91,EXAMEN MICROSCÓPICO - II,D,,,,SI
9183,91.83,EXAMEN MICROSCÓPICO DE MUESTRA DE OTRO SITIO. CULTIVO Y SENSIBILIDAD,4,91,EXAMEN MICROSCÓPICO - II,D,,,,SI
9184,91.84,EXAMEN MICROSCÓPICO DE MUESTRA DE OTRO SITIO. PARASITOLOGÍA,4,91,EXAMEN MICROSCÓPICO - II,D,,,,SI
9185,91.85,EXAMEN MICROSCÓPICO DE MUESTRA DE OTRO SITIO. TOXICOLOGÍA,4,91,EXAMEN MICROSCÓPICO - II,D,,,,SI
9186,91.86,EXAMEN MICROSCÓPICO DE MUESTRA DE OTRO SITIO. BLOQUE CELULAR Y FROTIS DE PAPANICOLAU,4,91,EXAMEN MICROSCÓPICO - II,D,,,,SI
9189,91.89,EXAMEN MICROSCÓPICO DE MUESTRA DE OTRO SITIO. OTRO EXAMEN MICROSCÓPICO,4,91,EXAMEN MICROSCÓPICO - II,D,,,,SI
919,91.9,EXAMEN MICROSCÓPICO DE MUESTRA DE SITIO NO ESPECIFICADO,3,91,EXAMEN MICROSCÓPICO - II,,,,,NO
9191,91.91,EXAMEN MICROSCÓPICO DE MUESTRA DE SITIO NO ESPECIFICADO. FROTIS BACTERIANO,4,91,EXAMEN MICROSCÓPICO - II,D,,,,SI
9192,91.92,EXAMEN MICROSCÓPICO DE MUESTRA DE SITIO NO ESPECIFICADO. CULTIVO,4,91,EXAMEN MICROSCÓPICO - II,D,,,,SI
9193,91.93,EXAMEN MICROSCÓPICO DE MUESTRA DE SITIO NO ESPECIFICADO. CULTIVO Y SENSIBILIDAD,4,91,EXAMEN MICROSCÓPICO - II,D,,,,SI
9194,91.94,EXAMEN MICROSCÓPICO DE MUESTRA DE SITIO NO ESPECIFICADO. PARASITOLOGÍA,4,91,EXAMEN MICROSCÓPICO - II,D,,,,SI
9195,91.95,EXAMEN MICROSCÓPICO DE MUESTRA DE SITIO NO ESPECIFICADO. TOXICOLOGÍA,4,91,EXAMEN MICROSCÓPICO - II,D,,,,SI
9196,91.96,EXAMEN MICROSCÓPICO DE MUESTRA DE SITIO NO ESPECIFICADO. BLOQUE CELULAR Y FROTIS DE PAPANICOLAU,4,91,EXAMEN MICROSCÓPICO - II,D,,,,SI
9199,91.99,EXAMEN MICROSCÓPICO DE MUESTRA DE SITIO NO ESPECIFICADO. OTRO EXAMEN MICROSCÓPICO,4,91,EXAMEN MICROSCÓPICO - II,D,,,,SI
92,92,MEDICINA NUCLEAR,2,92,MEDICINA NUCLEAR,,,,,NO
920,92.0,GAMMAGRAFÍA Y ESTUDIOS ISOTÓPICOS FUNCIONALES,3,92,MEDICINA NUCLEAR,,,,,NO
9201,92.01,GAMMAGRAFÍA Y ESTUDIOS RADIOISÓTOPOS FUNCIONALES DEL TIROIDES,4,92,MEDICINA NUCLEAR,D,,,,SI
9202,92.02,GAMMAGRAFÍA Y ESTUDIO ISOTÓPICO FUNCIONAL DEL HÍGADO,4,92,MEDICINA NUCLEAR,D,,,,SI
9203,92.03,GAMMAGRAFÍA Y ESTUDIO ISOTÓPICO FUNCIONAL DEL RIÑÓN,4,92,MEDICINA NUCLEAR,D,,,,SI
9204,92.04,GAMMAGRAFÍA Y ESTUDIO ISOTÓPICO FUNCIONAL DEL TRACTO GASTROINTESTINAL,4,92,MEDICINA NUCLEAR,D,,,,SI
9205,92.05,GAMMAGRAFÍA Y ESTUDIO ISOTÓPICO FUNCIONAL DEL APARATO CARDIOVASCULAR Y SISTEMA HEMATOPOYÉTICO,4,92,MEDICINA NUCLEAR,D,,,,SI
9209,92.09,OTROS ESTUDIOS RADIOISOTÓPICOS FUNCIONALES,4,92,MEDICINA NUCLEAR,D,,,,SI
921,92.1,OTRAS GAMMAGRAFÍAS,3,92,MEDICINA NUCLEAR,,,,,NO
9211,92.11,GAMMAGRAFÍA DEL CEREBRO,4,92,MEDICINA NUCLEAR,D,,,,SI
9212,92.12,GAMMAGRAFÍA DE OTRAS ESTRUCTURAS DE LA CABEZA,4,92,MEDICINA NUCLEAR,D,,,,SI
9213,92.13,GAMMAGRAFÍA DE LAS GLÁNDULAS PARATIROIDES,4,92,MEDICINA NUCLEAR,D,,,,SI
9214,92.14,GAMMAGRAFÍA ÓSEA,4,92,MEDICINA NUCLEAR,D,,,,SI
9215,92.15,GAMMAGRAFÍA DEL PULMÓN,4,92,MEDICINA NUCLEAR,D,,,,SI
9216,92.16,GAMMAGRAFÍA DEL SISTEMA LINFÁTICO,4,92,MEDICINA NUCLEAR,D,,,,SI
9217,92.17,GAMMAGRAFÍA DE LA PLACENTA,4,92,MEDICINA NUCLEAR,D,F,3650,19710,SI
9218,92.18,GAMMAGRAFÍA DEL CUERPO ENTERO,4,92,MEDICINA NUCLEAR,D,,,,SI
9219,92.19,GAMMAGRAFÍA DE OTRAS LOCALIZACIONES,4,92,MEDICINA NUCLEAR,D,,,,SI
922,92.2,RADIOTERAPIA Y MEDICINA NUCLEAR,3,92,MEDICINA NUCLEAR,,,,,NO
9220,92.20,INFUSIÓN DE RADIOISÓTOPO LÍQUIDO PARA BRAQUITERAPIA,4,92,MEDICINA NUCLEAR,T,,,,SI
9221,92.21,RADIOTERAPIA SUPERFICIAL,4,92,MEDICINA NUCLEAR,T,,,,SI
9222,92.22,RADIOTERAPIA CON ORTOVOLTAGE,4,92,MEDICINA NUCLEAR,T,,,,SI
9223,92.23,TELERRADIOTERAPIA CON RADIOISÓTOPOS,4,92,MEDICINA NUCLEAR,T,,,,SI
9224,92.24,TELERRADIOTERAPIA CON PROTONES,4,92,MEDICINA NUCLEAR,T,,,,SI
9225,92.25,TELERRADIOTERAPIA CON ELECTRONES,4,92,MEDICINA NUCLEAR,T,,,,SI
9226,92.26,TELERRADIOTERAPIA CON OTRAS PARTÍCULAS,4,92,MEDICINA NUCLEAR,T,,,,SI
9227,92.27,IMPLANTACIÓN O INSERCIÓN DE ELEMENTOS RADIOACTIVOS,4,92,MEDICINA NUCLEAR,T,,,,SI
9228,92.28,INYECCIÓN O INSTILACIÓN DE RADIOISÓTOPOS,4,92,MEDICINA NUCLEAR,T,,,,SI
9229,92.29,OTROS PROCEDIMIENTOS RADIOTERÁPICOS,4,92,MEDICINA NUCLEAR,T,,,,SI
923,92.3,RADIOCIRUGÍA ESTEREOTÁXICA,3,92,MEDICINA NUCLEAR,,,,,NO
9230,92.30,"RADIOCIRUGÍA ESTEREOTÁXICA, NO ESPECIFICADA DE OTRA MANERA",4,92,MEDICINA NUCLEAR,Q,,,,SI
9231,92.31,RADIOCIRUGÍA DE FUENTE ÚNICA DE FOTONES,4,92,MEDICINA NUCLEAR,Q,,,,SI
9232,92.32,RADIOCIRUGÍA DE MÚLTIPLES FUENTES DE FOTONES,4,92,MEDICINA NUCLEAR,Q,,,,SI
9233,92.33,RADIOCIRUGÍA DE PARTÍCULAS,4,92,MEDICINA NUCLEAR,Q,,,,SI
9239,92.39,"RADIOCIRUGÍA ESTEREOTÁXICA, NO CLASIFICADA BAJO OTROS CONCEPTOS",4,92,MEDICINA NUCLEAR,Q,,,,SI
924,92.4,PROCEDIMIENTOS INTRA-OPERATORIOS DE RADIACIÓN,3,92,MEDICINA NUCLEAR,,,,,NO
9241,92.41,PROCEDIMIENTOS INTRA-OPERATORIOS CON ELECTRONES,4,92,MEDICINA NUCLEAR,Q,,,,SI
93,93,MEDICINA FÍSICA Y REHABILITACIÓN Y PROCEDIMIENTOS RELACIONADOS,2,93,MEDICINA FÍSICA Y REHABILITACIÓN Y PROCEDIMIENTOS RELACIONADOS,,,,,NO
930,93.0,DIAGNÓSTICO EN MEDICINA FÍSICA Y REHABILITACIÓN,3,93,MEDICINA FÍSICA Y REHABILITACIÓN Y PROCEDIMIENTOS RELACIONADOS,,,,,NO
9301,93.01,EVALUACIÓN FUNCIONAL,4,93,MEDICINA FÍSICA Y REHABILITACIÓN Y PROCEDIMIENTOS RELACIONADOS,D,,,,SI
9302,93.02,EVALUACIÓN ORTÉSICA,4,93,MEDICINA FÍSICA Y REHABILITACIÓN Y PROCEDIMIENTOS RELACIONADOS,D,,,,SI
9303,93.03,EVALUACIÓN PROTÉSICA,4,93,MEDICINA FÍSICA Y REHABILITACIÓN Y PROCEDIMIENTOS RELACIONADOS,D,,,,SI
9304,93.04,PRUEBAS MANUALES DE FUNCIÓN MUSCULAR: (BALANCE MUSCULAR).,4,93,MEDICINA FÍSICA Y REHABILITACIÓN Y PROCEDIMIENTOS RELACIONADOS,D,,,,SI
9305,93.05,PRUEBAS DE AMPLITUD DE MOVIMIENTO: (BALANCE ARTICULAR).,4,93,MEDICINA FÍSICA Y REHABILITACIÓN Y PROCEDIMIENTOS RELACIONADOS,D,,,,SI
9306,93.06,MEDICIÓN DE LONGITUD DE EXTREMIDADES,4,93,MEDICINA FÍSICA Y REHABILITACIÓN Y PROCEDIMIENTOS RELACIONADOS,D,,,,SI
9307,93.07,MEDICIONES CORPORALES,4,93,MEDICINA FÍSICA Y REHABILITACIÓN Y PROCEDIMIENTOS RELACIONADOS,D,,,,SI
9308,93.08,ELECTROMIOGRAFÍA,4,93,MEDICINA FÍSICA Y REHABILITACIÓN Y PROCEDIMIENTOS RELACIONADOS,D,,,,SI
9309,93.09,OTRO PROCEDIMIENTO DIAGNÓSTICOS EN MEDICINA FÍSICA,4,93,MEDICINA FÍSICA Y REHABILITACIÓN Y PROCEDIMIENTOS RELACIONADOS,D,,,,SI
931,93.1,EJECICIOS DE FISIOTERAPIA,3,93,MEDICINA FÍSICA Y REHABILITACIÓN Y PROCEDIMIENTOS RELACIONADOS,,,,,NO
9311,93.11,EJERCICIO ASISTIDO,4,93,MEDICINA FÍSICA Y REHABILITACIÓN Y PROCEDIMIENTOS RELACIONADOS,T,,,,SI
9312,93.12,OTRO EJERCICIO ACTIVO MUSCULOESQUELÉTICO,4,93,MEDICINA FÍSICA Y REHABILITACIÓN Y PROCEDIMIENTOS RELACIONADOS,T,,,,SI
9313,93.13,EJERCICIO RESISTIDOS,4,93,MEDICINA FÍSICA Y REHABILITACIÓN Y PROCEDIMIENTOS RELACIONADOS,T,,,,SI
9314,93.14,ENTRENAMIENTO EN MOVIMIENTOS DE ARTICULACIONES,4,93,MEDICINA FÍSICA Y REHABILITACIÓN Y PROCEDIMIENTOS RELACIONADOS,T,,,,SI
9315,93.15,MOVILIZACIÓN DE COLUMNA,4,93,MEDICINA FÍSICA Y REHABILITACIÓN Y PROCEDIMIENTOS RELACIONADOS,T,,,,SI
9316,93.16,MOVILIZACIÓN DE OTRAS ARTICULACIONES,4,93,MEDICINA FÍSICA Y REHABILITACIÓN Y PROCEDIMIENTOS RELACIONADOS,T,,,,SI
9317,93.17,OTRO EJERCICIO PASIVO MUSCULOESQUELÉTICO,4,93,MEDICINA FÍSICA Y REHABILITACIÓN Y PROCEDIMIENTOS RELACIONADOS,T,,,,SI
9318,93.18,EJERCICIO RESPIRATORIO,4,93,MEDICINA FÍSICA Y REHABILITACIÓN Y PROCEDIMIENTOS RELACIONADOS,T,,,,SI
9319,93.19,"EJERCICIO, NO CLASIFICADO BAJO OTRO CONCEPTO",4,93,MEDICINA FÍSICA Y REHABILITACIÓN Y PROCEDIMIENTOS RELACIONADOS,T,,,,SI
932,93.2,OTRA MANIPULACIÓN MUSCULOESQUELÉTICA EN MEDICINA FÍSICA Y REHABILITACIÓN,3,93,MEDICINA FÍSICA Y REHABILITACIÓN Y PROCEDIMIENTOS RELACIONADOS,,,,,NO
9321,93.21,TRACCIÓN MANUAL Y MECÁNICA,4,93,MEDICINA FÍSICA Y REHABILITACIÓN Y PROCEDIMIENTOS RELACIONADOS,T,,,,SI
9322,93.22,MARCHA Y ENTRENAMIENTO DE LA MARCHA,4,93,MEDICINA FÍSICA Y REHABILITACIÓN Y PROCEDIMIENTOS RELACIONADOS,T,,,,SI
9323,93.23,ADAPTACIÓN DE DISPOSITIVO ORTÉSICO,4,93,MEDICINA FÍSICA Y REHABILITACIÓN Y PROCEDIMIENTOS RELACIONADOS,T,,,,SI
9324,93.24,ENTRENAMIENTO EN EL USO DE DISPOSITIVO ORTÉSICO Y PROTÉSICO,4,93,MEDICINA FÍSICA Y REHABILITACIÓN Y PROCEDIMIENTOS RELACIONADOS,T,,,,SI
9325,93.25,EXTENSIÓN FORZADA DE MIEMBRO,4,93,MEDICINA FÍSICA Y REHABILITACIÓN Y PROCEDIMIENTOS RELACIONADOS,T,,,,SI
9326,93.26,LIBERACIÓN MANUAL DE ADHERENCIAS ARTICULARES,4,93,MEDICINA FÍSICA Y REHABILITACIÓN Y PROCEDIMIENTOS RELACIONADOS,T,,,,SI
9327,93.27,ESTIRAMIENTO DE MÚSCULO O TENDÓN,4,93,MEDICINA FÍSICA Y REHABILITACIÓN Y PROCEDIMIENTOS RELACIONADOS,T,,,,SI
9328,93.28,ESTIRAMIENTO DE FASCIA,4,93,MEDICINA FÍSICA Y REHABILITACIÓN Y PROCEDIMIENTOS RELACIONADOS,T,,,,SI
9329,93.29,OTRA CORRECCIÓN FORZADA DE EXTREMIDAD,4,93,MEDICINA FÍSICA Y REHABILITACIÓN Y PROCEDIMIENTOS RELACIONADOS,T,,,,SI
933,93.3,OTROS PROCEDIMIENTOS TERAPÉUTICOS DE FISIOTERAPIA,3,93,MEDICINA FÍSICA Y REHABILITACIÓN Y PROCEDIMIENTOS RELACIONADOS,,,,,NO
9331,93.31,EJERCICIO ASISTIDO EN PISCINA,4,93,MEDICINA FÍSICA Y REHABILITACIÓN Y PROCEDIMIENTOS RELACIONADOS,T,,,,SI
9332,93.32,TRATAMIENTO EN BAÑO DE REMOLINO,4,93,MEDICINA FÍSICA Y REHABILITACIÓN Y PROCEDIMIENTOS RELACIONADOS,T,,,,SI
9333,93.33,OTRA HIDROTERAPIA,4,93,MEDICINA FÍSICA Y REHABILITACIÓN Y PROCEDIMIENTOS RELACIONADOS,T,,,,SI
9334,93.34,DIATERMIA,4,93,MEDICINA FÍSICA Y REHABILITACIÓN Y PROCEDIMIENTOS RELACIONADOS,T,,,,SI
9335,93.35,OTRA TERAPIA TÉRMICA,4,93,MEDICINA FÍSICA Y REHABILITACIÓN Y PROCEDIMIENTOS RELACIONADOS,T,,,,SI
9336,93.36,REENTRENAMIENTO CARDIACO,4,93,MEDICINA FÍSICA Y REHABILITACIÓN Y PROCEDIMIENTOS RELACIONADOS,T,,,,SI
9337,93.37,ENTRENAMIENTO PRENATAL,4,93,MEDICINA FÍSICA Y REHABILITACIÓN Y PROCEDIMIENTOS RELACIONADOS,T,,,,SI
9338,93.38,FISIOTERAPIA COMBINADA SIN MENCIÓN DE LOS COMPONENTES,4,93,MEDICINA FÍSICA Y REHABILITACIÓN Y PROCEDIMIENTOS RELACIONADOS,T,,,,SI
9339,93.39,OTRA FISIOTERAPIA,4,93,MEDICINA FÍSICA Y REHABILITACIÓN Y PROCEDIMIENTOS RELACIONADOS,T,,,,SI
934,93.4,TRACCIÓN ESQUELÉTICO Y OTRA TRACCIÓN,3,93,MEDICINA FÍSICA Y REHABILITACIÓN Y PROCEDIMIENTOS RELACIONADOS,,,,,NO
9341,93.41,TRACCIÓN ESPINAL CON EMPLEO DE DISPOSITIVO CRANEAL,4,93,MEDICINA FÍSICA Y REHABILITACIÓN Y PROCEDIMIENTOS RELACIONADOS,T,,,,SI
9342,93.42,OTRA TRACCIÓN ESPINAL,4,93,MEDICINA FÍSICA Y REHABILITACIÓN Y PROCEDIMIENTOS RELACIONADOS,T,,,,SI
9343,93.43,TRACCIÓN ESQUELÉTICA INTERMITENTE,4,93,MEDICINA FÍSICA Y REHABILITACIÓN Y PROCEDIMIENTOS RELACIONADOS,T,,,,SI
9344,93.44,OTRA TRACCIÓN ESQUELÉTICA,4,93,MEDICINA FÍSICA Y REHABILITACIÓN Y PROCEDIMIENTOS RELACIONADOS,T,,,,SI
9345,93.45,TRACCIÓN DE FÉRULA DE THOMAS,4,93,MEDICINA FÍSICA Y REHABILITACIÓN Y PROCEDIMIENTOS RELACIONADOS,T,,,,SI
9346,93.46,OTRA TRACCIÓN CUTÁNEA DE MIEMBROS,4,93,MEDICINA FÍSICA Y REHABILITACIÓN Y PROCEDIMIENTOS RELACIONADOS,T,,,,SI
935,93.5,"OTRA INMOVILIZACIÓN, PRESIÓN Y CUIDADO DE HERIDA",3,93,MEDICINA FÍSICA Y REHABILITACIÓN Y PROCEDIMIENTOS RELACIONADOS,,,,,NO
935A,93.5A,COLOCACIÓN DE BOMBA DE VACÍO (VAC),4,93,MEDICINA FÍSICA Y REHABILITACIÓN Y PROCEDIMIENTOS RELACIONADOS,T,,,,SI
935B,93.5B,EXTRACCIÓN DE BOMBA DE VACÍO (VAC),4,93,MEDICINA FÍSICA Y REHABILITACIÓN Y PROCEDIMIENTOS RELACIONADOS,T,,,,SI
9351,93.51,APLICACIÓN DE VENDAJE ENYESADO,4,93,MEDICINA FÍSICA Y REHABILITACIÓN Y PROCEDIMIENTOS RELACIONADOS,T,,,,SI
9352,93.52,APLICACIÓN DE SOPORTE CERVICAL,4,93,MEDICINA FÍSICA Y REHABILITACIÓN Y PROCEDIMIENTOS RELACIONADOS,T,,,,SI
9353,93.53,APLICACIÓN DE OTRA ESCAYOLA,4,93,MEDICINA FÍSICA Y REHABILITACIÓN Y PROCEDIMIENTOS RELACIONADOS,T,,,,SI
9354,93.54,APLICACIÓN DE FÉRULA,4,93,MEDICINA FÍSICA Y REHABILITACIÓN Y PROCEDIMIENTOS RELACIONADOS,T,,,,SI
9355,93.55,ALAMBRE DENTAL,4,93,MEDICINA FÍSICA Y REHABILITACIÓN Y PROCEDIMIENTOS RELACIONADOS,T,,,,SI
9356,93.56,APLICACIÓN DE VENDAJE DE PRESIÓN,4,93,MEDICINA FÍSICA Y REHABILITACIÓN Y PROCEDIMIENTOS RELACIONADOS,T,,,,SI
9357,93.57,APLICACIÓN DE OTRO VENDAJE DE HERIDA,4,93,MEDICINA FÍSICA Y REHABILITACIÓN Y PROCEDIMIENTOS RELACIONADOS,T,,,,SI
9358,93.58,APLICACIÓN DE PANTALONES DE PRESIÓN,4,93,MEDICINA FÍSICA Y REHABILITACIÓN Y PROCEDIMIENTOS RELACIONADOS,T,,,,SI
9359,93.59,"OTRA INMOVILIZACIÓN, PRESIÓN Y CUIDADO DE HERIDA",4,93,MEDICINA FÍSICA Y REHABILITACIÓN Y PROCEDIMIENTOS RELACIONADOS,T,,,,SI
936,93.6,TRATAMIENTO MANIPULATIVO OSTEOPÁTICO,3,93,MEDICINA FÍSICA Y REHABILITACIÓN Y PROCEDIMIENTOS RELACIONADOS,,,,,NO
9361,93.61,TRATAMIENTO MANIPULATIVO OSTEOPÁTICO PARA MOVILIZACIÓN GENERAL,4,93,MEDICINA FÍSICA Y REHABILITACIÓN Y PROCEDIMIENTOS RELACIONADOS,T,,,,SI
9362,93.62,MANIPULACIÓN OSTEOPÁTICA DE MOVIMIENTO RÁPIDO Y BAJA AMPLITUD DE FUERZA,4,93,MEDICINA FÍSICA Y REHABILITACIÓN Y PROCEDIMIENTOS RELACIONADOS,T,,,,SI
9363,93.63,MANIPULAIÓN OSTEOPÁTICA DE MOVIMIENTO LENTO Y GRAN AMPLITUD DE FUERZA,4,93,MEDICINA FÍSICA Y REHABILITACIÓN Y PROCEDIMIENTOS RELACIONADOS,T,,,,SI
9364,93.64,TRATAMIENTO MANIPULATIVO OSTEOPÁTICO CON EMPLEO DE FUERZAS ISOTÓNICAS E ISOMÉTRICAS,4,93,MEDICINA FÍSICA Y REHABILITACIÓN Y PROCEDIMIENTOS RELACIONADOS,T,,,,SI
9365,93.65,TRATAMIENTO MANIPULATIVO OSTEOPÁTICO CON EMPLEO DE FUERZAS INDIRECTAS,4,93,MEDICINA FÍSICA Y REHABILITACIÓN Y PROCEDIMIENTOS RELACIONADOS,T,,,,SI
9366,93.66,TRATAMIENTO MANIPULATIVO OSTEOPÁTICO PARA DESPLAZAR LÍQUIDO DE TEJIDOS,4,93,MEDICINA FÍSICA Y REHABILITACIÓN Y PROCEDIMIENTOS RELACIONADOS,T,,,,SI
9367,93.67,OTRO TRATAMIENTO MANIPULATIVO OSTEOPÁTICO ESPECIFICADO,4,93,MEDICINA FÍSICA Y REHABILITACIÓN Y PROCEDIMIENTOS RELACIONADOS,T,,,,SI
937,93.7,REHABILITACIÓN DEL HABLA Y DE LECTURA Y REHABILITACIÓN DE CIEGOS,3,93,MEDICINA FÍSICA Y REHABILITACIÓN Y PROCEDIMIENTOS RELACIONADOS,,,,,NO
9371,93.71,ADIESTRAMIENTO DE DISLÉXICOS,4,93,MEDICINA FÍSICA Y REHABILITACIÓN Y PROCEDIMIENTOS RELACIONADOS,T,,,,SI
9372,93.72,ADIESTRAMIENTO DE DISFÁSICOS,4,93,MEDICINA FÍSICA Y REHABILITACIÓN Y PROCEDIMIENTOS RELACIONADOS,T,,,,SI
9373,93.73,ADIESTRAMIENTO EN EL HABLA ESOFÁGICA,4,93,MEDICINA FÍSICA Y REHABILITACIÓN Y PROCEDIMIENTOS RELACIONADOS,T,,,,SI
9374,93.74,ADIESTRAMIENTO PARA CORREGIR DEFECTOS DEL HABLA,4,93,MEDICINA FÍSICA Y REHABILITACIÓN Y PROCEDIMIENTOS RELACIONADOS,T,,,,SI
9375,93.75,OTRO ADIESTRAMIENTO Y TERAPIA DEL HABLA,4,93,MEDICINA FÍSICA Y REHABILITACIÓN Y PROCEDIMIENTOS RELACIONADOS,T,,,,SI
9376,93.76,ADIESTRAMIENTO EN EMPLEO DE PERRO LAZARILLO PARA CIEGOS,4,93,MEDICINA FÍSICA Y REHABILITACIÓN Y PROCEDIMIENTOS RELACIONADOS,T,,,,SI
9377,93.77,EDUCACIÓN EN ESCRITURA BRAILLE O MON,4,93,MEDICINA FÍSICA Y REHABILITACIÓN Y PROCEDIMIENTOS RELACIONADOS,T,,,,SI
9378,93.78,OTRA REHABILITACIÓN PARA CIEGOS,4,93,MEDICINA FÍSICA Y REHABILITACIÓN Y PROCEDIMIENTOS RELACIONADOS,T,,,,SI
938,93.8,OTRA TERAPIA DE REHABILITACIÓN,3,93,MEDICINA FÍSICA Y REHABILITACIÓN Y PROCEDIMIENTOS RELACIONADOS,,,,,NO
9381,93.81,TERAPIA RECREATIVA,4,93,MEDICINA FÍSICA Y REHABILITACIÓN Y PROCEDIMIENTOS RELACIONADOS,T,,,,SI
9382,93.82,TERAPIA EDUCATIVA,4,93,MEDICINA FÍSICA Y REHABILITACIÓN Y PROCEDIMIENTOS RELACIONADOS,T,,,,SI
9383,93.83,TERAPIA OCUPACIONAL,4,93,MEDICINA FÍSICA Y REHABILITACIÓN Y PROCEDIMIENTOS RELACIONADOS,T,,,,SI
9384,93.84,MUSICOTERAPIA,4,93,MEDICINA FÍSICA Y REHABILITACIÓN Y PROCEDIMIENTOS RELACIONADOS,T,,,,SI
9385,93.85,REHABILITACIÓN VOCACIONAL,4,93,MEDICINA FÍSICA Y REHABILITACIÓN Y PROCEDIMIENTOS RELACIONADOS,T,,,,SI
9389,93.89,"REHABILITACIÓN, NO CLASIFICADA BAJO OTRO CONCEPTO",4,93,MEDICINA FÍSICA Y REHABILITACIÓN Y PROCEDIMIENTOS RELACIONADOS,T,,,,SI
939,93.9,TERAPIA RESPIRATORIA,3,93,MEDICINA FÍSICA Y REHABILITACIÓN Y PROCEDIMIENTOS RELACIONADOS,,,,,NO
9390,93.90,VENTILACIÓN MECÁNICA NO INVASIVA,4,93,MEDICINA FÍSICA Y REHABILITACIÓN Y PROCEDIMIENTOS RELACIONADOS,T,,,,SI
9391,93.91,RESPIRACIÓN DE PRESIÓN POSITIVA INTERMITENTE [RPPI],4,93,MEDICINA FÍSICA Y REHABILITACIÓN Y PROCEDIMIENTOS RELACIONADOS,T,,,,SI
9393,93.93,MÉTODOS DE RESUSCITACIÓN NO MECÁNICOS,4,93,MEDICINA FÍSICA Y REHABILITACIÓN Y PROCEDIMIENTOS RELACIONADOS,T,,,,SI
9394,93.94,MEDICACIÓN RESPIRATORIA ADMINISTRADA MEDIANTE NEBULIZADOR,4,93,MEDICINA FÍSICA Y REHABILITACIÓN Y PROCEDIMIENTOS RELACIONADOS,T,,,,SI
9395,93.95,OXIGENACIÓN HIPERBÁRICA,4,93,MEDICINA FÍSICA Y REHABILITACIÓN Y PROCEDIMIENTOS RELACIONADOS,T,,,,SI
9396,93.96,OTRO ENRIQUECIMIENTO POR OXÍGENO,4,93,MEDICINA FÍSICA Y REHABILITACIÓN Y PROCEDIMIENTOS RELACIONADOS,T,,,,SI
9397,93.97,CÁMARA DE DESCOMPRESIÓN,4,93,MEDICINA FÍSICA Y REHABILITACIÓN Y PROCEDIMIENTOS RELACIONADOS,T,,,,SI
9398,93.98,OTRO CONTROL DE PRESIÓN Y COMPOSICIÓN ATMOSFÉRICAS,4,93,MEDICINA FÍSICA Y REHABILITACIÓN Y PROCEDIMIENTOS RELACIONADOS,T,,,,SI
9399,93.99,OTROS PROCEDIMIENTOS RESPIRATORIOS,4,93,MEDICINA FÍSICA Y REHABILITACIÓN Y PROCEDIMIENTOS RELACIONADOS,T,,,,SI
94,94,PROCEDIMIENTOS RELACIONADOS CON LA PSIQUE,2,94,PROCEDIMIENTOS RELACIONADOS CON LA PSIQUE,,,,,NO
940,94.0,EVALUACIÓN Y PRUEBAS PSICOLÓGICAS,3,94,PROCEDIMIENTOS RELACIONADOS CON LA PSIQUE,,,,,NO
9401,94.01,ADMINISTRACIÓN DE PRUEBA DE INTELIGENCIA,4,94,PROCEDIMIENTOS RELACIONADOS CON LA PSIQUE,D,,,,SI
9402,94.02,ADIMINISTRACIÓN DE PRUEBA PSICOLÓGICA,4,94,PROCEDIMIENTOS RELACIONADOS CON LA PSIQUE,D,,,,SI
9403,94.03,ANÁLISIS DE CARÁCTER,4,94,PROCEDIMIENTOS RELACIONADOS CON LA PSIQUE,D,,,,SI
9408,94.08,OTRAS PRUEBAS Y EVALUACIÓN PSICOLÓGICAS,4,94,PROCEDIMIENTOS RELACIONADOS CON LA PSIQUE,D,,,,SI
9409,94.09,"DETERMINACIÓN DE ESTADO MENTAL PSICOLÓGICO, NO ESPECIFICADA DE OTRA MANERA",4,94,PROCEDIMIENTOS RELACIONADOS CON LA PSIQUE,D,,,,SI
941,94.1,"ENTREVISTAS, CONSULTAS Y EVALUACIONES PSIQUIÁTRICAS",3,94,PROCEDIMIENTOS RELACIONADOS CON LA PSIQUE,,,,,NO
9411,94.11,DETERMINACIÓN DE ESTADO MENTAL PSIQUIÁTRICO,4,94,PROCEDIMIENTOS RELACIONADOS CON LA PSIQUE,D,,,,SI
9412,94.12,"CONSULTA PSIQUIÁTRICA RUTINARIA, NO ESPECIFICADA DE OTRA MANERA",4,94,PROCEDIMIENTOS RELACIONADOS CON LA PSIQUE,D,,,,SI
9413,94.13,EVALUACIÓN PSIQUIÁTRICA PARA INTERNAMIENTO,4,94,PROCEDIMIENTOS RELACIONADOS CON LA PSIQUE,D,,,,SI
9419,94.19,OTRA ENTREVISTA Y EVALUACIÓN PSIQUIÁTRICAS,4,94,PROCEDIMIENTOS RELACIONADOS CON LA PSIQUE,D,,,,SI
942,94.2,SOMATOTERAPIA PSIQUIÁTRICA,3,94,PROCEDIMIENTOS RELACIONADOS CON LA PSIQUE,,,,,NO
9421,94.21,NARCOANÁLISIS,4,94,PROCEDIMIENTOS RELACIONADOS CON LA PSIQUE,D,,,,SI
9422,94.22,TERAPIA DE LITIO,4,94,PROCEDIMIENTOS RELACIONADOS CON LA PSIQUE,T,,,,SI
9423,94.23,TERAPIA NEUROLÉPTICA,4,94,PROCEDIMIENTOS RELACIONADOS CON LA PSIQUE,T,,,,SI
9424,94.24,TERAPIA DE SHOCK QUÍMICO,4,94,PROCEDIMIENTOS RELACIONADOS CON LA PSIQUE,T,,,,SI
9425,94.25,OTRA TERAPIA PSIQUIÁTRICA CON FÁRMACOS,4,94,PROCEDIMIENTOS RELACIONADOS CON LA PSIQUE,T,,,,SI
9426,94.26,TERAPIA DE ELECTROSHOCK SUBCONVULSIVO,4,94,PROCEDIMIENTOS RELACIONADOS CON LA PSIQUE,T,,,,SI
9427,94.27,OTRA TERAPIA DE ELECTROSHOCK,4,94,PROCEDIMIENTOS RELACIONADOS CON LA PSIQUE,T,,,,SI
9429,94.29,OTRA SOMATOTERAPIA PSIQUIÁTRICA,4,94,PROCEDIMIENTOS RELACIONADOS CON LA PSIQUE,T,,,,SI
943,94.3,PSICOTERAPIA INDIVIDUAL,3,94,PROCEDIMIENTOS RELACIONADOS CON LA PSIQUE,,,,,NO
9431,94.31,PSICOANÁLISIS,4,94,PROCEDIMIENTOS RELACIONADOS CON LA PSIQUE,T,,,,SI
9432,94.32,HIPNOTERAPIA,4,94,PROCEDIMIENTOS RELACIONADOS CON LA PSIQUE,T,,,,SI
9433,94.33,TERAPIA DE COMPORTAMIENTO,4,94,PROCEDIMIENTOS RELACIONADOS CON LA PSIQUE,T,,,,SI
9434,94.34,TERAPIA INDIVIDUAL PARA DISFUNCIÓN PSICOSEXUAL,4,94,PROCEDIMIENTOS RELACIONADOS CON LA PSIQUE,T,,,,SI
9435,94.35,INTERVENCIÓN EN CRISIS,4,94,PROCEDIMIENTOS RELACIONADOS CON LA PSIQUE,T,,,,SI
9436,94.36,PSICOTERAPIA DE JUEGO,4,94,PROCEDIMIENTOS RELACIONADOS CON LA PSIQUE,T,,,,SI
9437,94.37,PSICOTERAPIA VERBAL EXPLORATORIA,4,94,PROCEDIMIENTOS RELACIONADOS CON LA PSIQUE,T,,,,SI
9438,94.38,PSICOTERAPIA VERBAL DE APOYO,4,94,PROCEDIMIENTOS RELACIONADOS CON LA PSIQUE,T,,,,SI
9439,94.39,OTRA PSICOTERAPIA INDIVIDUAL,4,94,PROCEDIMIENTOS RELACIONADOS CON LA PSIQUE,T,,,,SI
944,94.4,OTRA PSICOTERAPIA Y ASESORAMIENTO,3,94,PROCEDIMIENTOS RELACIONADOS CON LA PSIQUE,,,,,NO
9441,94.41,TERAPIA DE GRUPO PARA DISFUNCIÓN PSICOSEXUAL,4,94,PROCEDIMIENTOS RELACIONADOS CON LA PSIQUE,T,,,,SI
9442,94.42,TERAPIA FAMILIAR,4,94,PROCEDIMIENTOS RELACIONADOS CON LA PSIQUE,T,,,,SI
9443,94.43,PSICODRAMA,4,94,PROCEDIMIENTOS RELACIONADOS CON LA PSIQUE,T,,,,SI
9444,94.44,OTRA TERAPIA DE GRUPO,4,94,PROCEDIMIENTOS RELACIONADOS CON LA PSIQUE,T,,,,SI
9445,94.45,ASESORAMIENTO SOBRE TOXICOMANÍA,4,94,PROCEDIMIENTOS RELACIONADOS CON LA PSIQUE,T,,,,SI
9446,94.46,ASESORAMIENTO SOBRE ALCOHOLISMO,4,94,PROCEDIMIENTOS RELACIONADOS CON LA PSIQUE,T,,,,SI
9449,94.49,OTRO ASESORAMIENTO,4,94,PROCEDIMIENTOS RELACIONADOS CON LA PSIQUE,T,,,,SI
945,94.5,REMITIR (AL PACIENTE) HACIA REHABILITACIÓN PSICOLÓGICA,3,94,PROCEDIMIENTOS RELACIONADOS CON LA PSIQUE,,,,,NO
9451,94.51,REMITIR AL PACIENTE HACIA PSICOTERAPIA,4,94,PROCEDIMIENTOS RELACIONADOS CON LA PSIQUE,T,,,,SI
9452,94.52,REMITIR AL PACIENTE HACIA CUIDADOS PSIQUIÁTRICOS POST-TRATAMIENTO,4,94,PROCEDIMIENTOS RELACIONADOS CON LA PSIQUE,T,,,,SI
9453,94.53,REMITIR AL PACIENTE HACIA REHABILITACIÓN DE ALCOHOLISMO,4,94,PROCEDIMIENTOS RELACIONADOS CON LA PSIQUE,T,,,,SI
9454,94.54,REMITIR AL PACIENTE HACIA RAHABILITACIÓN DE TOXICOMANÍA,4,94,PROCEDIMIENTOS RELACIONADOS CON LA PSIQUE,T,,,,SI
9455,94.55,REMITIR AL PACIENTE HACIA REHABILITACIÓN DE PROFESIONAL,4,94,PROCEDIMIENTOS RELACIONADOS CON LA PSIQUE,T,,,,SI
9459,94.59,REMITIR AL PACIENTE HACIA OTRA REHABILITACIÓN PSICOLÓGICA,4,94,PROCEDIMIENTOS RELACIONADOS CON LA PSIQUE,T,,,,SI
946,94.6,REHABILITACIÓN Y DESINTOXICACIÓN DE ALCOHOL Y DROGAS,3,94,PROCEDIMIENTOS RELACIONADOS CON LA PSIQUE,,,,,NO
9461,94.61,REHABILITACIÓN DEL ALCOHOL,4,94,PROCEDIMIENTOS RELACIONADOS CON LA PSIQUE,T,,,,SI
9462,94.62,DESINTOXICACIÓN DEL ALCOHOL,4,94,PROCEDIMIENTOS RELACIONADOS CON LA PSIQUE,T,,,,SI
9463,94.63,REHABILITACIÓN Y DESINTOXICACIÓN DEL ALCOHOL,4,94,PROCEDIMIENTOS RELACIONADOS CON LA PSIQUE,T,,,,SI
9464,94.64,REHABILITACIÓN DE DROGAS,4,94,PROCEDIMIENTOS RELACIONADOS CON LA PSIQUE,T,,,,SI
9465,94.65,DESINTOXICACIÓN DE DROGAS,4,94,PROCEDIMIENTOS RELACIONADOS CON LA PSIQUE,T,,,,SI
9466,94.66,REHABILITACIÓN Y DESINTOXICACIÓN DE DROGAS,4,94,PROCEDIMIENTOS RELACIONADOS CON LA PSIQUE,T,,,,SI
9467,94.67,REHABILITACIÓN COMBINADA DE ALCOHOL Y DROGAS,4,94,PROCEDIMIENTOS RELACIONADOS CON LA PSIQUE,T,,,,SI
9468,94.68,DESINTOXICACIÓN COMBINADA DE ALCOHOL Y DROGAS,4,94,PROCEDIMIENTOS RELACIONADOS CON LA PSIQUE,T,,,,SI
9469,94.69,REHABILITACIÓN Y DESINTOXICACIÓN COMBINADA DE ALCOHOL Y DROGAS,4,94,PROCEDIMIENTOS RELACIONADOS CON LA PSIQUE,T,,,,SI
95,95,DIAGNÓSTICO Y TRATAMIENTO OFTALMOLÓGICOS Y OTOLÓGICOS,2,95,DIAGNÓSTICO Y TRATAMIENTO OFTALMOLÓGICOS Y OTOLÓGICOS,,,,,NO
950,95.0,EXAMEN DE OJOS GENERAL Y SUBJETIVO,3,95,DIAGNÓSTICO Y TRATAMIENTO OFTALMOLÓGICOS Y OTOLÓGICOS,,,,,NO
9501,95.01,EXAMEN DE OJOS LIMITADO,4,95,DIAGNÓSTICO Y TRATAMIENTO OFTALMOLÓGICOS Y OTOLÓGICOS,D,,,,SI
9502,95.02,EXAMEN OFTALMOLÓGICO GLOBAL,4,95,DIAGNÓSTICO Y TRATAMIENTO OFTALMOLÓGICOS Y OTOLÓGICOS,D,,,,SI
9503,95.03,RECONOCIMIENTO OFTALMOLÓGICO EXTENDIDO,4,95,DIAGNÓSTICO Y TRATAMIENTO OFTALMOLÓGICOS Y OTOLÓGICOS,D,,,,SI
9504,95.04,EXAMEN OFTALMOLÓGICO BAJO ANESTESIA,4,95,DIAGNÓSTICO Y TRATAMIENTO OFTALMOLÓGICOS Y OTOLÓGICOS,D,,,,SI
9505,95.05,ESTUDIO DE CAMPO VISUAL,4,95,DIAGNÓSTICO Y TRATAMIENTO OFTALMOLÓGICOS Y OTOLÓGICOS,D,,,,SI
9506,95.06,ESTUDIO DE VISIÓN DE COLORES,4,95,DIAGNÓSTICO Y TRATAMIENTO OFTALMOLÓGICOS Y OTOLÓGICOS,D,,,,SI
9507,95.07,ESTUDIO DE ADAPTACIÓN A LA OSCURIDAD,4,95,DIAGNÓSTICO Y TRATAMIENTO OFTALMOLÓGICOS Y OTOLÓGICOS,D,,,,SI
9509,95.09,"EXAMEN OFTALMOLÓGICO, NO ESPECIFICADO DE OTRA MANERA",4,95,DIAGNÓSTICO Y TRATAMIENTO OFTALMOLÓGICOS Y OTOLÓGICOS,D,,,,SI
951,95.1,EXÁMENES DE FORMA Y ESTRUCTURA DE OJO,3,95,DIAGNÓSTICO Y TRATAMIENTO OFTALMOLÓGICOS Y OTOLÓGICOS,,,,,NO
9510,95.10,FOTOGRAFÍA DEL FONDO DEL OJO CON CÁMARA NO MIDRIÁTICA,4,95,DIAGNÓSTICO Y TRATAMIENTO OFTALMOLÓGICOS Y OTOLÓGICOS,Q,,,,SI
9511,95.11,FOTOGRAFÍA DEL FONDO DEL OJO,4,95,DIAGNÓSTICO Y TRATAMIENTO OFTALMOLÓGICOS Y OTOLÓGICOS,D,,,,SI
9512,95.12,ANGIOGRAFÍA O ANGIOSCOPIA POR FLUORESCENCIA DEL OJO,4,95,DIAGNÓSTICO Y TRATAMIENTO OFTALMOLÓGICOS Y OTOLÓGICOS,D,,,,SI
9513,95.13,ESTUDIO DEL OJO CON ULTRASONIDOS (ECOGRAFÍA),4,95,DIAGNÓSTICO Y TRATAMIENTO OFTALMOLÓGICOS Y OTOLÓGICOS,D,,,,SI
9514,95.14,ESTUDIO RADIOGRÁFICO DEL OJO,4,95,DIAGNÓSTICO Y TRATAMIENTO OFTALMOLÓGICOS Y OTOLÓGICOS,D,,,,SI
9515,95.15,ESTUDIO DE MOVILIDAD OCULAR,4,95,DIAGNÓSTICO Y TRATAMIENTO OFTALMOLÓGICOS Y OTOLÓGICOS,D,,,,SI
9516,95.16,ESTUDIOS DE LOS OJOS CON P32 Y OTROS INDICADORES,4,95,DIAGNÓSTICO Y TRATAMIENTO OFTALMOLÓGICOS Y OTOLÓGICOS,D,,,,SI
952,95.2,PRUEBAS OBJETIVAS DEL FUNCIONAMIENTO DEL OJO,3,95,DIAGNÓSTICO Y TRATAMIENTO OFTALMOLÓGICOS Y OTOLÓGICOS,,,,,NO
9521,95.21,ELECTRORETINOGRAMA [ERG],4,95,DIAGNÓSTICO Y TRATAMIENTO OFTALMOLÓGICOS Y OTOLÓGICOS,D,,,,SI
9522,95.22,ELECTRO-OCULOGRAMA [EOG],4,95,DIAGNÓSTICO Y TRATAMIENTO OFTALMOLÓGICOS Y OTOLÓGICOS,D,,,,SI
9523,95.23,POTENCIAL VISUAL EVOCADO [PVE],4,95,DIAGNÓSTICO Y TRATAMIENTO OFTALMOLÓGICOS Y OTOLÓGICOS,D,,,,SI
9524,95.24,ELECTRONISTAGMOGRAMA [ENG],4,95,DIAGNÓSTICO Y TRATAMIENTO OFTALMOLÓGICOS Y OTOLÓGICOS,D,,,,SI
9525,95.25,ELECTROMIOGRAMA DEL OJO [EMG],4,95,DIAGNÓSTICO Y TRATAMIENTO OFTALMOLÓGICOS Y OTOLÓGICOS,D,,,,SI
9526,95.26,"TONOGRAFÍA, PRUEBAS DE PROVOCACIÓN Y OTRAS PRUEBAS DE GLAUCOMA",4,95,DIAGNÓSTICO Y TRATAMIENTO OFTALMOLÓGICOS Y OTOLÓGICOS,D,,,,SI
953,95.3,SERVICIOS VISUALES ESPECIALES,3,95,DIAGNÓSTICO Y TRATAMIENTO OFTALMOLÓGICOS Y OTOLÓGICOS,,,,,NO
9531,95.31,AJUSTE Y SUMINISTRO DE GAFAS,4,95,DIAGNÓSTICO Y TRATAMIENTO OFTALMOLÓGICOS Y OTOLÓGICOS,T,,,,SI
9532,95.32,"PRESCRIPCIÓN, ADAPTACIÓN Y SUMINISTRO DE LENTES DE CONTACTO",4,95,DIAGNÓSTICO Y TRATAMIENTO OFTALMOLÓGICOS Y OTOLÓGICOS,D,,,,SI
9533,95.33,SUMINISTRO DE OTRAS AYUDAS A LA BAJA VISIÓN,4,95,DIAGNÓSTICO Y TRATAMIENTO OFTALMOLÓGICOS Y OTOLÓGICOS,D,,,,SI
9534,95.34,PRÓTESIS OCULARES,4,95,DIAGNÓSTICO Y TRATAMIENTO OFTALMOLÓGICOS Y OTOLÓGICOS,T,,,,SI
9535,95.35,FORMACIÓN ORTÓPTICA,4,95,DIAGNÓSTICO Y TRATAMIENTO OFTALMOLÓGICOS Y OTOLÓGICOS,D,,,,SI
9536,95.36,ASESORAMIENTO E INSTRUCCIÓN OFTALMOLÓGICOS,4,95,DIAGNÓSTICO Y TRATAMIENTO OFTALMOLÓGICOS Y OTOLÓGICOS,D,,,,SI
954,95.4,PROCEDIMIENTOS NO OPERATORIOS RELACIONADOS CON EL OÍDO,3,95,DIAGNÓSTICO Y TRATAMIENTO OFTALMOLÓGICOS Y OTOLÓGICOS,,,,,NO
9541,95.41,AUDIOMETRÍA,4,95,DIAGNÓSTICO Y TRATAMIENTO OFTALMOLÓGICOS Y OTOLÓGICOS,D,,,,SI
9542,95.42,PRUEBA CLÍNICA DE AUDICIÓN,4,95,DIAGNÓSTICO Y TRATAMIENTO OFTALMOLÓGICOS Y OTOLÓGICOS,D,,,,SI
9543,95.43,EVALUACIÓN AUDIOLÓGICA,4,95,DIAGNÓSTICO Y TRATAMIENTO OFTALMOLÓGICOS Y OTOLÓGICOS,D,,,,SI
9544,95.44,EXAMEN CLÍNICO DE LA FUNCIÓN VESTIBULAR,4,95,DIAGNÓSTICO Y TRATAMIENTO OFTALMOLÓGICOS Y OTOLÓGICOS,D,,,,SI
9545,95.45,PRUEBAS ROTATORIAS,4,95,DIAGNÓSTICO Y TRATAMIENTO OFTALMOLÓGICOS Y OTOLÓGICOS,D,,,,SI
9546,95.46,OTRAS PRUEBAS AUDITIVAS Y VESTIBULARES,4,95,DIAGNÓSTICO Y TRATAMIENTO OFTALMOLÓGICOS Y OTOLÓGICOS,D,,,,SI
9547,95.47,EXAMEN DE LA AUDICIÓN NO ESPECIFICADO DE OTRA MANERA,4,95,DIAGNÓSTICO Y TRATAMIENTO OFTALMOLÓGICOS Y OTOLÓGICOS,D,,,,SI
9548,95.48,APLICACIÓN DE AUDÍFONO,4,95,DIAGNÓSTICO Y TRATAMIENTO OFTALMOLÓGICOS Y OTOLÓGICOS,T,,,,SI
9549,95.49,OTROS PROCEDIMIENTOS NO OPERATORIOS RELACIONADOS CON EL OÍDO,4,95,DIAGNÓSTICO Y TRATAMIENTO OFTALMOLÓGICOS Y OTOLÓGICOS,D,,,,SI
96,96,INTUBACIÓN E IRRIGACIÓN NO QUIRÚRGICAS,2,96,INTUBACIÓN E IRRIGACIÓN NO QUIRÚRGICAS,,,,,NO
960,96.0,INTUBACIÓN NO OPERATORIA DE LOS TRACTOS GASTROINTESTINAL Y RESPIRATORIO,3,96,INTUBACIÓN E IRRIGACIÓN NO QUIRÚRGICAS,,,,,NO
9601,96.01,INSERCIÓN DE VÍA AÉREA NASOFARÍNGEA,4,96,INTUBACIÓN E IRRIGACIÓN NO QUIRÚRGICAS,T,,,,SI
9602,96.02,INSERCIÓN DE VÍA AÉREA OROFARÍNGEA,4,96,INTUBACIÓN E IRRIGACIÓN NO QUIRÚRGICAS,T,,,,SI
9603,96.03,INSERCIÓN DE VÍA AÉREA OBTURADA ESOFÁGICA,4,96,INTUBACIÓN E IRRIGACIÓN NO QUIRÚRGICAS,T,,,,SI
9604,96.04,INSERCIÓN DE TUBO ENDOTRAQUEAL,4,96,INTUBACIÓN E IRRIGACIÓN NO QUIRÚRGICAS,T,,,,SI
9605,96.05,OTRA INTUBACIÓN DEL TRACTO RESPIRATORIO,4,96,INTUBACIÓN E IRRIGACIÓN NO QUIRÚRGICAS,T,,,,SI
9606,96.06,INSERCIÓN DE TUBO DE SENGSTAKEN,4,96,INTUBACIÓN E IRRIGACIÓN NO QUIRÚRGICAS,T,,,,SI
9607,96.07,INSERCIÓN DE OTRO TUBO (NASO-) GÁSTRICO,4,96,INTUBACIÓN E IRRIGACIÓN NO QUIRÚRGICAS,T,,,,SI
9608,96.08,INSERCIÓN DE TUBO (NASO-) INTESTINAL,4,96,INTUBACIÓN E IRRIGACIÓN NO QUIRÚRGICAS,T,,,,SI
9609,96.09,INSERCIÓN DE TUBO RECTAL,4,96,INTUBACIÓN E IRRIGACIÓN NO QUIRÚRGICAS,T,,,,SI
961,96.1,OTRA INSERCIÓN NO QUIRÚRGICA,3,96,INTUBACIÓN E IRRIGACIÓN NO QUIRÚRGICAS,,,,,NO
9611,96.11,TAPONAMIENTO DEL CANAL AUDITIVO EXTERNO,4,96,INTUBACIÓN E IRRIGACIÓN NO QUIRÚRGICAS,T,,,,SI
9614,96.14,TAPONAMIENTO VAGINAL,4,96,INTUBACIÓN E IRRIGACIÓN NO QUIRÚRGICAS,T,F,3650,43800,SI
9615,96.15,INSERCIÓN DE MOLDE VAGINAL,4,96,INTUBACIÓN E IRRIGACIÓN NO QUIRÚRGICAS,T,F,3650,43800,SI
9616,96.16,OTRA DILATACIÓN VAGINAL,4,96,INTUBACIÓN E IRRIGACIÓN NO QUIRÚRGICAS,T,F,3650,43800,SI
9617,96.17,INSERCIÓN DE DIAFRAGMA VAGINAL,4,96,INTUBACIÓN E IRRIGACIÓN NO QUIRÚRGICAS,T,F,3650,43800,SI
9618,96.18,INSERCIÓN DE OTRO PESARIO VAGINAL,4,96,INTUBACIÓN E IRRIGACIÓN NO QUIRÚRGICAS,T,F,3650,43800,SI
9619,96.19,TAPONAMIENTO RECTAL,4,96,INTUBACIÓN E IRRIGACIÓN NO QUIRÚRGICAS,T,,,,SI
962,96.2,DILATACIÓN Y MANIPULACIÓN NO QUIRÚRGICA,3,96,INTUBACIÓN E IRRIGACIÓN NO QUIRÚRGICAS,,,,,NO
9621,96.21,DILATACIÓN DEL CONDUCTO FRONTONASAL,4,96,INTUBACIÓN E IRRIGACIÓN NO QUIRÚRGICAS,T,,,,SI
9622,96.22,DILATACIÓN DEL RECTO,4,96,INTUBACIÓN E IRRIGACIÓN NO QUIRÚRGICAS,T,,,,SI
9623,96.23,DILATACIÓN DEL ESFÍNTER ANAL,4,96,INTUBACIÓN E IRRIGACIÓN NO QUIRÚRGICAS,T,,,,SI
9624,96.24,DILATACIÓN Y MANIPULACIÓN DE ESTOMA DE ESTEROSTOMÍA,4,96,INTUBACIÓN E IRRIGACIÓN NO QUIRÚRGICAS,T,,,,SI
9625,96.25,DISTENSIÓN TERAPÉUTICA DE VEJIGA,4,96,INTUBACIÓN E IRRIGACIÓN NO QUIRÚRGICAS,T,,,,SI
9626,96.26,REDUCCIÓN MANUAL DE PROLAPSO RECTAL,4,96,INTUBACIÓN E IRRIGACIÓN NO QUIRÚRGICAS,T,,,,SI
9627,96.27,REDUCCIÓN MANUAL DE HERNIA,4,96,INTUBACIÓN E IRRIGACIÓN NO QUIRÚRGICAS,T,,,,SI
9628,96.28,REDUCCIÓN MANUAL DE PROLAPSO DE ENTEROSTOMÍA,4,96,INTUBACIÓN E IRRIGACIÓN NO QUIRÚRGICAS,T,,,,SI
9629,96.29,REDUCCIÓN DE INTUSUSCEPCIÓN DEL TRACTO ALIMENTARIO,4,96,INTUBACIÓN E IRRIGACIÓN NO QUIRÚRGICAS,T,,,,SI
963,96.3,"IRRIGACIÓN, LIMPIEZA E INSTALACIÓN LOCAL DEL TRACTO DIGESTIVO NO QUIRÚRGICO",3,96,INTUBACIÓN E IRRIGACIÓN NO QUIRÚRGICAS,,,,,NO
9631,96.31,ENFRIAMIENTO GÁSTRICO,4,96,INTUBACIÓN E IRRIGACIÓN NO QUIRÚRGICAS,T,,,,SI
9632,96.32,CONGELACIÓN GÁSTRICA,4,96,INTUBACIÓN E IRRIGACIÓN NO QUIRÚRGICAS,T,,,,SI
9633,96.33,LAVADO GÁSTRICO,4,96,INTUBACIÓN E IRRIGACIÓN NO QUIRÚRGICAS,T,,,,SI
9634,96.34,OTRA IRRIGACIÓN DE TUBO (NASO-)GÁSTRICO,4,96,INTUBACIÓN E IRRIGACIÓN NO QUIRÚRGICAS,T,,,,SI
9635,96.35,ALIMENTACIÓN GÁSTRICA POR SONDA,4,96,INTUBACIÓN E IRRIGACIÓN NO QUIRÚRGICAS,T,,,,SI
9636,96.36,IRRIGACIÓN DE GASTROSTOMÍA O DE ENTEROSTOMÍA,4,96,INTUBACIÓN E IRRIGACIÓN NO QUIRÚRGICAS,T,,,,SI
9637,96.37,PROCTOCLISIS,4,96,INTUBACIÓN E IRRIGACIÓN NO QUIRÚRGICAS,T,,,,SI
9638,96.38,EXTRACCIÓN DE HECES IMPACTADAS,4,96,INTUBACIÓN E IRRIGACIÓN NO QUIRÚRGICAS,T,,,,SI
9639,96.39,OTRO ENEMA TRANSANAL,4,96,INTUBACIÓN E IRRIGACIÓN NO QUIRÚRGICAS,T,,,,SI
964,96.4,"IRRIGACIÓN, LIMPIEZA E INSTILACIÓN LOCAL NO QUIRÚRGICA DE OTROS ÓRGANOS DIGESTIVOS Y GENITOURINARIOS",3,96,INTUBACIÓN E IRRIGACIÓN NO QUIRÚRGICAS,,,,,NO
9641,96.41,IRRIGACIÓN DE COLECISTOSTOMÍA Y OTRO TUBO BILIAR,4,96,INTUBACIÓN E IRRIGACIÓN NO QUIRÚRGICAS,T,,,,SI
9642,96.42,IRRIGACIÓN DE TUBO PANCREÁTICO,4,96,INTUBACIÓN E IRRIGACIÓN NO QUIRÚRGICAS,T,,,,SI
9643,96.43,"INSTALACIÓN DEL TRACTO DIGESTIVO, SALVO ALIMENTACIÓN GÁSTRICA POR SONDA",4,96,INTUBACIÓN E IRRIGACIÓN NO QUIRÚRGICAS,T,,,,SI
9644,96.44,DUCHA VAGINAL,4,96,INTUBACIÓN E IRRIGACIÓN NO QUIRÚRGICAS,T,F,3650,43800,SI
9645,96.45,IRRIGACIÓN DE NEFROSTOMÍA Y PIELOSTOMÍA,4,96,INTUBACIÓN E IRRIGACIÓN NO QUIRÚRGICAS,T,,,,SI
9646,96.46,IRRIGACIÓN DE URETEROSTOMÍA Y CATÉTER URETERAL,4,96,INTUBACIÓN E IRRIGACIÓN NO QUIRÚRGICAS,T,,,,SI
9647,96.47,IRRIGACIÓN DE CISTOSTOMÍA,4,96,INTUBACIÓN E IRRIGACIÓN NO QUIRÚRGICAS,T,,,,SI
9648,96.48,IRRIGACIÓN DE OTRO CATÉTER URINARIO PERMANENTE,4,96,INTUBACIÓN E IRRIGACIÓN NO QUIRÚRGICAS,T,,,,SI
9649,96.49,OTRA INSTILACIÓN GENITOURINARIA,4,96,INTUBACIÓN E IRRIGACIÓN NO QUIRÚRGICAS,T,,,,SI
965,96.5,OTRA IRRIGACIÓN Y LIMPIEZA NO QUIRÚRGICA,3,96,INTUBACIÓN E IRRIGACIÓN NO QUIRÚRGICAS,,,,,NO
9651,96.51,IRRIGACIÓN DEL OJO,4,96,INTUBACIÓN E IRRIGACIÓN NO QUIRÚRGICAS,T,,,,SI
9652,96.52,IRRIGACIÓN DEL OÍDO,4,96,INTUBACIÓN E IRRIGACIÓN NO QUIRÚRGICAS,T,,,,SI
9653,96.53,IRRIGACIÓN DE CONDUCTOS NASALES,4,96,INTUBACIÓN E IRRIGACIÓN NO QUIRÚRGICAS,T,,,,SI
9654,96.54,"ELIMINACIÓN DE SARRO, PULIDO Y DESBRIDAMIENTO DE DIENTES",4,96,INTUBACIÓN E IRRIGACIÓN NO QUIRÚRGICAS,T,,,,SI
9655,96.55,LIMPIEZA DE TRAQUEOSTOMÍA,4,96,INTUBACIÓN E IRRIGACIÓN NO QUIRÚRGICAS,T,,,,SI
9656,96.56,OTRO LAVADO DE BRONQUIO Y TRÁQUEA,4,96,INTUBACIÓN E IRRIGACIÓN NO QUIRÚRGICAS,T,,,,SI
9657,96.57,IRRIGACIÓN DE CATÉTER VASCULAR,4,96,INTUBACIÓN E IRRIGACIÓN NO QUIRÚRGICAS,T,,,,SI
9658,96.58,IRRIGACIÓN DE CATÉTER DE HERIDA,4,96,INTUBACIÓN E IRRIGACIÓN NO QUIRÚRGICAS,T,,,,SI
9659,96.59,OTRA IRRIGACIÓN DE HERIDA,4,96,INTUBACIÓN E IRRIGACIÓN NO QUIRÚRGICAS,T,,,,SI
966,96.6,INFUSIÓN ENTERAL DE SUSTANCIAS NUTRITIVAS CONCENTRADAS,3,96,INTUBACIÓN E IRRIGACIÓN NO QUIRÚRGICAS,,,,,NO
966X,96.6X,INFUSIÓN ENTERAL DE SUSTANCIAS NUTRITIVAS CONCENTRADAS,4,96,INTUBACIÓN E IRRIGACIÓN NO QUIRÚRGICAS,T,,,,SI
967,96.7,OTRA VENTILACIÓN MECÁNICA CONTINUA INVASIVA,3,96,INTUBACIÓN E IRRIGACIÓN NO QUIRÚRGICAS,,,,,NO
9670,96.70,VENTILACIÓN MECÁNICA INVASIVA CONTINUA DE DURACIÓN NO ESPECIFICADA,4,96,INTUBACIÓN E IRRIGACIÓN NO QUIRÚRGICAS,T,,,,SI
9671,96.71,VENTILACIÓN MECÁNICA INVASIVA CONTINUA INFERIOR A 96 HORAS CONSECUTIVAS,4,96,INTUBACIÓN E IRRIGACIÓN NO QUIRÚRGICAS,T,,,,SI
9672,96.72,VENTILACIÓN MECÁNICA INVASIVA CONTINUA DURANTE 96 HORAS CONSECUTIVAS O MÁS,4,96,INTUBACIÓN E IRRIGACIÓN NO QUIRÚRGICAS,T,,,,SI
97,97,SUSTITUCIÓN Y EXTRACCIÓN DE DISPOSITIVOS TERAPÉUTICOS,2,97,SUSTITUCIÓN Y EXTRACCIÓN DE DISPOSITIVOS TERAPÉUTICOS,,,,,NO
970,97.0,SUSTITUCIÓN NO QUIRÚRGICA DE DISPOSITIVO GASTROINTESTINAL,3,97,SUSTITUCIÓN Y EXTRACCIÓN DE DISPOSITIVOS TERAPÉUTICOS,,,,,NO
9701,97.01,SUSTITUCIÓN DE TUBO (NASO-)GÁSTRICO O DE ESOFAGOSTOMÍA,4,97,SUSTITUCIÓN Y EXTRACCIÓN DE DISPOSITIVOS TERAPÉUTICOS,T,,,,SI
9702,97.02,SUSTITUCIÓN DE TUBO DE GASTROSTOMÍA,4,97,SUSTITUCIÓN Y EXTRACCIÓN DE DISPOSITIVOS TERAPÉUTICOS,T,,,,SI
9703,97.03,SUSTITUCIÓN DE TUBO O DISPOSITIVO DE ENTEROSTOMÍA DEL INTESTINO DELGADO,4,97,SUSTITUCIÓN Y EXTRACCIÓN DE DISPOSITIVOS TERAPÉUTICOS,T,,,,SI
9704,97.04,SUSTITUCIÓN DE TUBO O DISPOSITIVO DE ENTEROSTOMÍA DEL INTESTINO GRUESO,4,97,SUSTITUCIÓN Y EXTRACCIÓN DE DISPOSITIVOS TERAPÉUTICOS,T,,,,SI
9705,97.05,SUSTITUCIÓN DE STENT (TUBO TUTOR) EN VÍAS BILIARES O CONDUCTO PANCREÁTICO,4,97,SUSTITUCIÓN Y EXTRACCIÓN DE DISPOSITIVOS TERAPÉUTICOS,T,,,,SI
971,97.1,SUSTITUCIÓN NO QUIRÚRGICA DE DISPOSITIVO DE LOS SISTEMAS MÚSCULO ESQUELÉTICOS O TEGUMENTARIO,3,97,SUSTITUCIÓN Y EXTRACCIÓN DE DISPOSITIVOS TERAPÉUTICOS,,,,,NO
9711,97.11,SUSTITUCIÓN DE ESCAYOLA EN MIEMBRO SUPERIOR,4,97,SUSTITUCIÓN Y EXTRACCIÓN DE DISPOSITIVOS TERAPÉUTICOS,T,,,,SI
9712,97.12,SUSTITUCIÓN DE ESCAYOLA EN MIEMBRO INFERIOR,4,97,SUSTITUCIÓN Y EXTRACCIÓN DE DISPOSITIVOS TERAPÉUTICOS,T,,,,SI
9713,97.13,SUSTITUCIÓN DE OTRA ESCAYOLA,4,97,SUSTITUCIÓN Y EXTRACCIÓN DE DISPOSITIVOS TERAPÉUTICOS,T,,,,SI
9714,97.14,SUSTITUCIÓN DE OTRO DISPOSITIVO PARA INMOVILIZACIÓN MUSCULOESQUELÉTICO,4,97,SUSTITUCIÓN Y EXTRACCIÓN DE DISPOSITIVOS TERAPÉUTICOS,T,,,,SI
9715,97.15,SUSTITUCIÓN DE CATÉTER DE HERIDA,4,97,SUSTITUCIÓN Y EXTRACCIÓN DE DISPOSITIVOS TERAPÉUTICOS,T,,,,SI
9716,97.16,SUSTITUCIÓN DE TAPÓN O DRENAJE DE HERIDA,4,97,SUSTITUCIÓN Y EXTRACCIÓN DE DISPOSITIVOS TERAPÉUTICOS,T,,,,SI
972,97.2,"OTRA SUSTITUCIÓN, NO QUIRÚRGICA",3,97,SUSTITUCIÓN Y EXTRACCIÓN DE DISPOSITIVOS TERAPÉUTICOS,,,,,NO
9721,97.21,SUSTITUCIÓN DE TAPÓN NASAL,4,97,SUSTITUCIÓN Y EXTRACCIÓN DE DISPOSITIVOS TERAPÉUTICOS,T,,,,SI
9722,97.22,SUSTITUCIÓN DE TAPÓN DENTAL,4,97,SUSTITUCIÓN Y EXTRACCIÓN DE DISPOSITIVOS TERAPÉUTICOS,T,,,,SI
9723,97.23,SUSTITUCIÓN DE TUBO DE TRAQUEOSTOMÍA,4,97,SUSTITUCIÓN Y EXTRACCIÓN DE DISPOSITIVOS TERAPÉUTICOS,T,,,,SI
9724,97.24,SUSTITUCIÓN Y AJUSTE DE DIAFRAGMA VAGINAL,4,97,SUSTITUCIÓN Y EXTRACCIÓN DE DISPOSITIVOS TERAPÉUTICOS,T,F,3650,43800,SI
9725,97.25,SUSTITUCIÓN DE OTRO PESARIO VAGINAL,4,97,SUSTITUCIÓN Y EXTRACCIÓN DE DISPOSITIVOS TERAPÉUTICOS,T,F,3650,43800,SI
9726,97.26,SUSTITUCIÓN DE OTRO TAPÓN O DRENAJE VAGINAL O VULVAR,4,97,SUSTITUCIÓN Y EXTRACCIÓN DE DISPOSITIVOS TERAPÉUTICOS,T,F,3650,43800,SI
9729,97.29,OTRAS SUSTITUCIONES NO QUIRÚRGICAS,4,97,SUSTITUCIÓN Y EXTRACCIÓN DE DISPOSITIVOS TERAPÉUTICOS,T,,,,SI
973,97.3,EXTRACCIÓN NO QUIRÚRGICA DE DISPOSITIVO TERAPÉUTICO DE CABEZA Y CUELLO,3,97,SUSTITUCIÓN Y EXTRACCIÓN DE DISPOSITIVOS TERAPÉUTICOS,,,,,NO
9731,97.31,EXTRACCIÓN DE PRÓTESIS OCULAR,4,97,SUSTITUCIÓN Y EXTRACCIÓN DE DISPOSITIVOS TERAPÉUTICOS,T,,,,SI
9732,97.32,EXTRACCIÓN DE TAPÓN NASAL,4,97,SUSTITUCIÓN Y EXTRACCIÓN DE DISPOSITIVOS TERAPÉUTICOS,T,,,,SI
9733,97.33,EXTRACCIÓN DE FÉRULAS DENTALES,4,97,SUSTITUCIÓN Y EXTRACCIÓN DE DISPOSITIVOS TERAPÉUTICOS,T,,,,SI
9734,97.34,EXTRACCIÓN DE TAPÓN DENTAL,4,97,SUSTITUCIÓN Y EXTRACCIÓN DE DISPOSITIVOS TERAPÉUTICOS,T,,,,SI
9735,97.35,EXTRACCIÓN DE PRÓTESIS DENTAL,4,97,SUSTITUCIÓN Y EXTRACCIÓN DE DISPOSITIVOS TERAPÉUTICOS,T,,,,SI
9736,97.36,EXTRACCIÓN DE OTRO DISPOSITIVO DE FIJACIÓN MANDIBULAR EXTERNA,4,97,SUSTITUCIÓN Y EXTRACCIÓN DE DISPOSITIVOS TERAPÉUTICOS,T,,,,SI
9737,97.37,EXTRACCIÓN DE TUBO DE TRAQUEOSTOMÍA,4,97,SUSTITUCIÓN Y EXTRACCIÓN DE DISPOSITIVOS TERAPÉUTICOS,T,,,,SI
9738,97.38,RETIRADA DE SUTURAS DE CABEZA Y CUELLO (RETIRADA DE PUNTOS),4,97,SUSTITUCIÓN Y EXTRACCIÓN DE DISPOSITIVOS TERAPÉUTICOS,T,,,,SI
9739,97.39,EXTRACCIÓN DE OTRO DISPOSITIVO TERAPÉUTICO DE CABEZA Y CUELLO,4,97,SUSTITUCIÓN Y EXTRACCIÓN DE DISPOSITIVOS TERAPÉUTICOS,T,,,,SI
974,97.4,EXTRACCIÓN NO QUIRÚRGICA DE DISPOSITIVO TERAPÉUTICO DE TÓRAX,3,97,SUSTITUCIÓN Y EXTRACCIÓN DE DISPOSITIVOS TERAPÉUTICOS,,,,,NO
9741,97.41,EXTRACCIÓN DE TUBO DE TORACOTOMÍA O DE DRENAJE DE LA CAVIDAD PLEURAL,4,97,SUSTITUCIÓN Y EXTRACCIÓN DE DISPOSITIVOS TERAPÉUTICOS,T,,,,SI
9742,97.42,EXTRACCIÓN DE DRENAJE MEDIASTÍNICO,4,97,SUSTITUCIÓN Y EXTRACCIÓN DE DISPOSITIVOS TERAPÉUTICOS,T,,,,SI
9743,97.43,RETIRO DE SUTURAS DE TÓRAX (RETIRADA DE PUNTOS),4,97,SUSTITUCIÓN Y EXTRACCIÓN DE DISPOSITIVOS TERAPÉUTICOS,T,,,,SI
9744,97.44,EXTRACCIÓN NO QUIRÚRGICA DE SISTEMA DE ASISTENCIA CARDÍACA,4,97,SUSTITUCIÓN Y EXTRACCIÓN DE DISPOSITIVOS TERAPÉUTICOS,T,,,,SI
9749,97.49,EXTRACCIÓN DE OTRO DISPOSITIVO DE TÓRAX,4,97,SUSTITUCIÓN Y EXTRACCIÓN DE DISPOSITIVOS TERAPÉUTICOS,T,,,,SI
975,97.5,EXTRACCIÓN NO QUIRÚRGICA DE DISPOSITIVO TERAPÉUTICO DEL APARATO DIGESTIVO,3,97,SUSTITUCIÓN Y EXTRACCIÓN DE DISPOSITIVOS TERAPÉUTICOS,,,,,NO
9751,97.51,EXTRACCIÓN DE TUBO DE GASTROSTOMÍA,4,97,SUSTITUCIÓN Y EXTRACCIÓN DE DISPOSITIVOS TERAPÉUTICOS,T,,,,SI
9752,97.52,EXTRACCIÓN DE TUBO DE INTESTINO DELGADO,4,97,SUSTITUCIÓN Y EXTRACCIÓN DE DISPOSITIVOS TERAPÉUTICOS,T,,,,SI
9753,97.53,EXTRACCIÓN DE TUBO DE INTESTINO GRUESO O APÉNDICE,4,97,SUSTITUCIÓN Y EXTRACCIÓN DE DISPOSITIVOS TERAPÉUTICOS,T,,,,SI
9754,97.54,EXTRACCIÓN DE TUBO DE COLECISTOSTOMÍA,4,97,SUSTITUCIÓN Y EXTRACCIÓN DE DISPOSITIVOS TERAPÉUTICOS,T,,,,SI
9755,97.55,"EXTRACCIÓN DE TUBO EN T, OTRO TUBO DE VÍA BILIAR O TUBO HEPÁTICO",4,97,SUSTITUCIÓN Y EXTRACCIÓN DE DISPOSITIVOS TERAPÉUTICOS,T,,,,SI
9756,97.56,EXTRACCIÓN DE TUBO O DRENAJE PANCREÁTICO,4,97,SUSTITUCIÓN Y EXTRACCIÓN DE DISPOSITIVOS TERAPÉUTICOS,T,,,,SI
9759,97.59,EXTRACCIÓN DE OTRO DISPOSITIVO DEL APARATO DIGESTIVO,4,97,SUSTITUCIÓN Y EXTRACCIÓN DE DISPOSITIVOS TERAPÉUTICOS,T,,,,SI
976,97.6,EXTRACCIÓN NO QUIRÚRGICA DE DISPOSITIVO TERAPÉUTICO DEL APARATO URINARIO,3,97,SUSTITUCIÓN Y EXTRACCIÓN DE DISPOSITIVOS TERAPÉUTICOS,,,,,NO
9761,97.61,EXTRACCIÓN DE TUBO DE PIELOSTOMÍA Y NEFROSTOMÍA,4,97,SUSTITUCIÓN Y EXTRACCIÓN DE DISPOSITIVOS TERAPÉUTICOS,T,,,,SI
9762,97.62,EXTRACCIÓN DE TUBO DE URETEROSTOMÍA Y DE CATÉTER URETERAL,4,97,SUSTITUCIÓN Y EXTRACCIÓN DE DISPOSITIVOS TERAPÉUTICOS,T,,,,SI
9763,97.63,EXTRACCIÓN DE TUBO DE CISTOSTOMÍA,4,97,SUSTITUCIÓN Y EXTRACCIÓN DE DISPOSITIVOS TERAPÉUTICOS,T,,,,SI
9764,97.64,EXTRACCIÓN DE OTRO DISPOSITIVO DE DRENAJE URINARIO,4,97,SUSTITUCIÓN Y EXTRACCIÓN DE DISPOSITIVOS TERAPÉUTICOS,T,,,,SI
9765,97.65,EXTRACCIÓN DE SONDA URETRAL,4,97,SUSTITUCIÓN Y EXTRACCIÓN DE DISPOSITIVOS TERAPÉUTICOS,T,,,,SI
9769,97.69,EXTRACCIÓN DE OTRO DISPOSITIVO DEL APARATO URINARIO,4,97,SUSTITUCIÓN Y EXTRACCIÓN DE DISPOSITIVOS TERAPÉUTICOS,T,,,,SI
977,97.7,EXTRACCIÓN NO QUIRÚRGICA DE DISPOSITIVO TERAPÉUTICO DEL APARATO GENITAL,3,97,SUSTITUCIÓN Y EXTRACCIÓN DE DISPOSITIVOS TERAPÉUTICOS,,,,,NO
9771,97.71,EXTRACCIÓN DE DISPOSITIVO ANTICONCEPTIVO INTRAUTERINO,4,97,SUSTITUCIÓN Y EXTRACCIÓN DE DISPOSITIVOS TERAPÉUTICOS,T,F,3650,19710,SI
9772,97.72,EXTRACCIÓN DE TAPÓN INTRAUTERINO,4,97,SUSTITUCIÓN Y EXTRACCIÓN DE DISPOSITIVOS TERAPÉUTICOS,T,F,3650,43800,SI
9773,97.73,EXTRACCIÓN DE DIAFRAGMA VAGINAL,4,97,SUSTITUCIÓN Y EXTRACCIÓN DE DISPOSITIVOS TERAPÉUTICOS,T,F,3650,19710,SI
9774,97.74,EXTRACCIÓN DE OTRO PESARIO VAGINAL,4,97,SUSTITUCIÓN Y EXTRACCIÓN DE DISPOSITIVOS TERAPÉUTICOS,T,F,3650,43800,SI
9775,97.75,EXTRACCIÓN DE TAPÓN VAGINAL O VULVAR,4,97,SUSTITUCIÓN Y EXTRACCIÓN DE DISPOSITIVOS TERAPÉUTICOS,T,F,3650,43800,SI
9779,97.79,EXTRACCIÓN DE OTRO DISPOSITIVO DEL TRACTO GENITAL,4,97,SUSTITUCIÓN Y EXTRACCIÓN DE DISPOSITIVOS TERAPÉUTICOS,T,,,,SI
978,97.8,OTRA EXTRACCIÓN NO QUIRÚRGICA DE DISPOSITIVO TERAPÉUTICO,3,97,SUSTITUCIÓN Y EXTRACCIÓN DE DISPOSITIVOS TERAPÉUTICOS,,,,,NO
9781,97.81,EXTRACCIÓN DE DISPOSITIVO DE DRENAJE RETROPERITONEAL,4,97,SUSTITUCIÓN Y EXTRACCIÓN DE DISPOSITIVOS TERAPÉUTICOS,T,,,,SI
9782,97.82,EXTRACCIÓN DE DISPOSITIVO DE DRENAJE PERITONEAL,4,97,SUSTITUCIÓN Y EXTRACCIÓN DE DISPOSITIVOS TERAPÉUTICOS,T,,,,SI
9783,97.83,EXTRACCIÓN DE SUTURAS DE LA PARED ABDOMINAL,4,97,SUSTITUCIÓN Y EXTRACCIÓN DE DISPOSITIVOS TERAPÉUTICOS,T,,,,SI
9784,97.84,"EXTRACCIÓN DE SUTURAS DEL TRONCO, NO CLASIFICADAS BAJO OTRO CONCEPTO",4,97,SUSTITUCIÓN Y EXTRACCIÓN DE DISPOSITIVOS TERAPÉUTICOS,T,,,,SI
9785,97.85,"EXTRACCIÓN DE TAPÓN DE TRONCO, NO CLASIFICADO BAJO OTRO CONCEPTO",4,97,SUSTITUCIÓN Y EXTRACCIÓN DE DISPOSITIVOS TERAPÉUTICOS,T,,,,SI
9786,97.86,EXTRACCIÓN DE OTRO DISPOSITIVO DE ABDOMEN,4,97,SUSTITUCIÓN Y EXTRACCIÓN DE DISPOSITIVOS TERAPÉUTICOS,T,,,,SI
9787,97.87,EXTRACCIÓN DE OTRO DISPOSITIVO DE TRONCO,4,97,SUSTITUCIÓN Y EXTRACCIÓN DE DISPOSITIVOS TERAPÉUTICOS,T,,,,SI
9788,97.88,EXTRACCIÓN DE DISPOSITIVO DE INMOVILIZACIÓN EXTERNO,4,97,SUSTITUCIÓN Y EXTRACCIÓN DE DISPOSITIVOS TERAPÉUTICOS,T,,,,SI
9789,97.89,EXTRACCIÓN DE OTRO DISPOSITIVO TERAPÉUTICO,4,97,SUSTITUCIÓN Y EXTRACCIÓN DE DISPOSITIVOS TERAPÉUTICOS,T,,,,SI
98,98,EXTRACCIÓN DE CUERPO EXTRAÑO Y CÁLCULO NO OPERATORIO,2,98,EXTRACCIÓN DE CUERPO EXTRAÑO Y CÁLCULO NO OPERATORIO,,,,,NO
980,98.0,EXTRACCIÓN SIN INCISIÓN DE CUERPO EXTRAÑO INTRALUMINAL DEL APARATO DIGESTIVO,3,98,EXTRACCIÓN DE CUERPO EXTRAÑO Y CÁLCULO NO OPERATORIO,,,,,NO
9801,98.01,EXTRACCIÓN SIN INCISIÓN DE CUERPO EXTRAÑO INTRALUMINAL DE LA BOCA,4,98,EXTRACCIÓN DE CUERPO EXTRAÑO Y CÁLCULO NO OPERATORIO,T,,,,SI
9802,98.02,EXTRACCIÓN SIN INCISIÓN DE CUERPO EXTRAÑO INTRALUMINAL DEL ESÓFAGO,4,98,EXTRACCIÓN DE CUERPO EXTRAÑO Y CÁLCULO NO OPERATORIO,T,,,,SI
9803,98.03,EXTRACCIÓN SIN INCISIÓN DE CUERPO EXTRAÑO INTRALUMINAL DEL ESTÓMAGO E INTESTINO DELGADO,4,98,EXTRACCIÓN DE CUERPO EXTRAÑO Y CÁLCULO NO OPERATORIO,T,,,,SI
9804,98.04,EXTRACCIÓN SIN INCISIÓN DE CUERPO EXTRAÑO INTRALUMINAL DEL INTESTINO GRUESO,4,98,EXTRACCIÓN DE CUERPO EXTRAÑO Y CÁLCULO NO OPERATORIO,T,,,,SI
9805,98.05,EXTRACCIÓN SIN INCISIÓN DE CUERPO EXTRAÑO INTRALUMINAL DEL RECTO Y ANO,4,98,EXTRACCIÓN DE CUERPO EXTRAÑO Y CÁLCULO NO OPERATORIO,T,,,,SI
981,98.1,EXTRACCIÓN SIN INCISIÓN DE CUERPO EXTRAÑO INTRALUMINAL DE OTROS SITIOS,3,98,EXTRACCIÓN DE CUERPO EXTRAÑO Y CÁLCULO NO OPERATORIO,,,,,NO
9811,98.11,EXTRACCIÓN SIN INCISIÓN DE CUERPO EXTRAÑO INTRALUMINAL DEL OÍDO,4,98,EXTRACCIÓN DE CUERPO EXTRAÑO Y CÁLCULO NO OPERATORIO,T,,,,SI
9812,98.12,EXTRACCIÓN SIN INCISIÓN DE CUERPO EXTRAÑO INTRALUMINAL DE LA NARIZ,4,98,EXTRACCIÓN DE CUERPO EXTRAÑO Y CÁLCULO NO OPERATORIO,T,,,,SI
9813,98.13,EXTRACCIÓN SIN INCISIÓN DE CUERPO EXTRAÑO INTRALUMINAL DE LA FARINGE,4,98,EXTRACCIÓN DE CUERPO EXTRAÑO Y CÁLCULO NO OPERATORIO,T,,,,SI
9814,98.14,EXTRACCIÓN SIN INCISIÓN DE CUERPO EXTRAÑO INTRALUMINAL DE LA LARINGE,4,98,EXTRACCIÓN DE CUERPO EXTRAÑO Y CÁLCULO NO OPERATORIO,T,,,,SI
9815,98.15,EXTRACCIÓN SIN INCISIÓN DE CUERPO EXTRAÑO INTRALUMINAL DE TRÁQUEA Y BRONQUIO,4,98,EXTRACCIÓN DE CUERPO EXTRAÑO Y CÁLCULO NO OPERATORIO,T,,,,SI
9816,98.16,EXTRACCIÓN SIN INCISIÓN DE CUERPO EXTRAÑO EN ÚTERO,4,98,EXTRACCIÓN DE CUERPO EXTRAÑO Y CÁLCULO NO OPERATORIO,T,F,,,SI
9817,98.17,EXTRACCIÓN SIN INCISIÓN DE CUERPO EXTRAÑO EN VAGINA,4,98,EXTRACCIÓN DE CUERPO EXTRAÑO Y CÁLCULO NO OPERATORIO,T,F,,,SI
9818,98.18,EXTRACCIÓN SIN INCISIÓN DE CUERPO EXTRAÑO EN ESTOMA ARTIFICIAL,4,98,EXTRACCIÓN DE CUERPO EXTRAÑO Y CÁLCULO NO OPERATORIO,T,,,,SI
9819,98.19,EXTRACCIÓN SIN INCISIÓN DE CUERPO EXTRAÑO EN URETRA,4,98,EXTRACCIÓN DE CUERPO EXTRAÑO Y CÁLCULO NO OPERATORIO,T,,,,SI
982,98.2,EXTRACCIÓN SIN INCISIÓN DE OTRO CUERPO EXTRAÑO,3,98,EXTRACCIÓN DE CUERPO EXTRAÑO Y CÁLCULO NO OPERATORIO,,,,,NO
9820,98.20,"EXTRACCIÓN DE CUERPO EXTRAÑO, NO ESPECIFICADO DE OTRA MANERA",4,98,EXTRACCIÓN DE CUERPO EXTRAÑO Y CÁLCULO NO OPERATORIO,T,,,,SI
9821,98.21,EXTRACCIÓN SIN INCISIÓN DE CUERPO EXTRAÑO SUPERFICIAL EN OJO,4,98,EXTRACCIÓN DE CUERPO EXTRAÑO Y CÁLCULO NO OPERATORIO,T,,,,SI
9822,98.22,EXTRACCIÓN SIN INCISIÓN DE OTRO CUERPO EXTRAÑO EN CUELLO Y CABEZA,4,98,EXTRACCIÓN DE CUERPO EXTRAÑO Y CÁLCULO NO OPERATORIO,T,,,,SI
9823,98.23,EXTRACCIÓN SIN INCISIÓN DE CUERPO EXTRAÑO EN VULVA,4,98,EXTRACCIÓN DE CUERPO EXTRAÑO Y CÁLCULO NO OPERATORIO,T,F,,,SI
9824,98.24,EXTRACCIÓN SIN INCISIÓN DE CUERPO EXTRAÑO EN PENE O ESCROTO,4,98,EXTRACCIÓN DE CUERPO EXTRAÑO Y CÁLCULO NO OPERATORIO,T,M,,,SI
9825,98.25,"EXTRACCIÓN SIN INCISIÓN DE OTRO CUERPO EXTRAÑO EN OTRO CONDUCTO SALVO DE ESCROTO, PENE O VULVA",4,98,EXTRACCIÓN DE CUERPO EXTRAÑO Y CÁLCULO NO OPERATORIO,T,,,,SI
9826,98.26,EXTRACCIÓN SIN INCISIÓN DE CUERPO EXTRAÑO EN MIEMBRO EN MANO,4,98,EXTRACCIÓN DE CUERPO EXTRAÑO Y CÁLCULO NO OPERATORIO,T,,,,SI
9827,98.27,"EXTRACCIÓN SIN INCISIÓN DE CUERPO EXTRAÑO EN MIEMBRO SUPERIOR, SALVO DE LA MANO",4,98,EXTRACCIÓN DE CUERPO EXTRAÑO Y CÁLCULO NO OPERATORIO,T,,,,SI
9828,98.28,EXTRACCIÓN SIN INCISIÓN DE CUERPO EXTRAÑO DE PIE,4,98,EXTRACCIÓN DE CUERPO EXTRAÑO Y CÁLCULO NO OPERATORIO,T,,,,SI
9829,98.29,"EXTRACCIÓN SIN INCISIÓN DE CUERPO EXTRAÑO DE MIEMBRO INFERIOR, SALVO DEL PIE",4,98,EXTRACCIÓN DE CUERPO EXTRAÑO Y CÁLCULO NO OPERATORIO,T,,,,SI
985,98.5,LITOTRICIA EXTRACORPÓREA POR ONDAS DE CHOQUE [ESWL],3,98,EXTRACCIÓN DE CUERPO EXTRAÑO Y CÁLCULO NO OPERATORIO,,,,,NO
9851,98.51,"LITOTRICIA POR ONDAS DE CHOQUE EXTRACORPORALES DEL RIÑÓN, DEL URÉTER Y DE LA VEJIGA",4,98,EXTRACCIÓN DE CUERPO EXTRAÑO Y CÁLCULO NO OPERATORIO,T,,,,SI
9852,98.52,LITOTRICIA POR ONDAS DE CHOQUE EXTRACORPORALES DE VESÍCULA O CONDUCTO BILIAR,4,98,EXTRACCIÓN DE CUERPO EXTRAÑO Y CÁLCULO NO OPERATORIO,T,,,,SI
9859,98.59,LITOTRICIA POR ONDAS DE CHOQUE EXTRACORPORALES EN OTROS SITIOS,4,98,EXTRACCIÓN DE CUERPO EXTRAÑO Y CÁLCULO NO OPERATORIO,T,,,,SI
99,99,OTROS PROCEDIMIENTOS NO QUIRÚRGICOS,2,99,OTROS PROCEDIMIENTOS NO QUIRÚRGICOS,,,,,NO
990,99.0,TRANSFUSIÓN DE SANGRE Y DE COMPONENTES SANGUÍNEOS,3,99,OTROS PROCEDIMIENTOS NO QUIRÚRGICOS,,,,,NO
9900,99.00,TRANSFUSIÓN AUTÓLOGA PERIOPERATIVA DE SANGRE TOTAL O DE COMPONENTES DE LA SANGRE,4,99,OTROS PROCEDIMIENTOS NO QUIRÚRGICOS,T,,,,SI
9901,99.01,TRANSFUSIÓN DE SANGRE (PARA CAMBIO),4,99,OTROS PROCEDIMIENTOS NO QUIRÚRGICOS,T,,,,SI
9902,99.02,TRANSFUSIÓN DE SANGRE AUTÓLOGA RECOGIDA PREVIAMENTE,4,99,OTROS PROCEDIMIENTOS NO QUIRÚRGICOS,T,,,,SI
9903,99.03,OTRA TRANSFUSIÓN DE SANGRE ENTERA,4,99,OTROS PROCEDIMIENTOS NO QUIRÚRGICOS,T,,,,SI
9904,99.04,TRANSFUSIÓN DE CONCENTRADO DE HEMATÍES,4,99,OTROS PROCEDIMIENTOS NO QUIRÚRGICOS,T,,,,SI
9905,99.05,TRANSFUSIÓN DE PLAQUETAS,4,99,OTROS PROCEDIMIENTOS NO QUIRÚRGICOS,T,,,,SI
9906,99.06,TRANSFUSIÓN DE FACTORES DE COAGULACIÓN,4,99,OTROS PROCEDIMIENTOS NO QUIRÚRGICOS,T,,,,SI
9907,99.07,TRANSFUSIÓN DE OTRO SUERO,4,99,OTROS PROCEDIMIENTOS NO QUIRÚRGICOS,T,,,,SI
9908,99.08,TRANSFUSIÓN DE EXPANSOR SANGUÍNEO,4,99,OTROS PROCEDIMIENTOS NO QUIRÚRGICOS,T,,,,SI
9909,99.09,TRANSFUSIÓN DE OTRA SUSTANCIA,4,99,OTROS PROCEDIMIENTOS NO QUIRÚRGICOS,T,,,,SI
991,99.1,INYECCIÓN O INFUSIÓN DE SUSTANCIA TERAPÉUTICA O PROFILÁCTICA,3,99,OTROS PROCEDIMIENTOS NO QUIRÚRGICOS,,,,,NO
9910,99.10,INYECCIÓN O INFUSIÓN DE AGENTE TROMBOLÍTICO,4,99,OTROS PROCEDIMIENTOS NO QUIRÚRGICOS,T,,,,SI
9911,99.11,INYECCIÓN DE GLOBULINA INMUNE RH,4,99,OTROS PROCEDIMIENTOS NO QUIRÚRGICOS,T,,,,SI
9912,99.12,INMUNIZACIÓN PARA ALERGIA,4,99,OTROS PROCEDIMIENTOS NO QUIRÚRGICOS,T,,,,SI
9913,99.13,INMUNIZACIÓN PARA ENFERMEDAD AUTOINMUNE,4,99,OTROS PROCEDIMIENTOS NO QUIRÚRGICOS,T,,,,SI
9914,99.14,INYECCIÓN O INFUSIÓN DE GAMMA GLOBULINA,4,99,OTROS PROCEDIMIENTOS NO QUIRÚRGICOS,T,,,,SI
9915,99.15,INFUSIÓN PARENTERAL DE SUSTANCIAS NUTRITIVAS CONCENTRADAS,4,99,OTROS PROCEDIMIENTOS NO QUIRÚRGICOS,T,,,,SI
9916,99.16,INYECCIÓN DE ANTÍDOTO,4,99,OTROS PROCEDIMIENTOS NO QUIRÚRGICOS,T,,,,SI
9917,99.17,INYECCIÓN DE INSULINA,4,99,OTROS PROCEDIMIENTOS NO QUIRÚRGICOS,T,,,,SI
9918,99.18,INYECCIÓN O INFUSIÓN DE ELECTROLITOS,4,99,OTROS PROCEDIMIENTOS NO QUIRÚRGICOS,T,,,,SI
9919,99.19,INYECCIÓN DE ANTICOAGULANTE,4,99,OTROS PROCEDIMIENTOS NO QUIRÚRGICOS,T,,,,SI
992,99.2,INYECCIÓN O INFUSIÓN DE OTRA SUSTANCIA TERAPÉUTICA O PROFILÁCTICA,3,99,OTROS PROCEDIMIENTOS NO QUIRÚRGICOS,,,,,NO
9920,99.20,INYECCIÓN O INFUSIÓN DE INHIBIDOR PLAQUETARIO,4,99,OTROS PROCEDIMIENTOS NO QUIRÚRGICOS,T,,,,SI
9921,99.21,INYECCIÓN DE ANTIBIÓTICO,4,99,OTROS PROCEDIMIENTOS NO QUIRÚRGICOS,T,,,,SI
9922,99.22,INYECCIÓN DE OTRA SUSTANCIA ANTI-INFECCIOSA,4,99,OTROS PROCEDIMIENTOS NO QUIRÚRGICOS,T,,,,SI
9923,99.23,INYECCIÓN DE ESTEROIDE,4,99,OTROS PROCEDIMIENTOS NO QUIRÚRGICOS,T,,,,SI
9924,99.24,INYECCIÓN DE OTRA HORMONA,4,99,OTROS PROCEDIMIENTOS NO QUIRÚRGICOS,T,,,,SI
9925,99.25,INYECCIÓN O INFUSIÓN DE SUSTANCIA QUIMIOTERAPÉUTICA CONTRA CÁNCER,4,99,OTROS PROCEDIMIENTOS NO QUIRÚRGICOS,T,,,,SI
9926,99.26,INYECCIÓN DE TRANQUILIZANTE,4,99,OTROS PROCEDIMIENTOS NO QUIRÚRGICOS,T,,,,SI
9927,99.27,IONTOFORESIS,4,99,OTROS PROCEDIMIENTOS NO QUIRÚRGICOS,T,,,,SI
9928,99.28,INYECCIÓN O INFUSIÓN DE MODIFICADORES DE RESPUESTA BIOLÓGICA (BIOMODULADORES) [BRM] EMPLEDOS COMO AGENTES ANTINEOPLÁSICOS,4,99,OTROS PROCEDIMIENTOS NO QUIRÚRGICOS,T,,,,SI
9929,99.29,INYECCIÓN O INFUSIÓN DE OTRA SUSTANCIA TERAPÉUTICA O PROFILÁCTICA,4,99,OTROS PROCEDIMIENTOS NO QUIRÚRGICOS,T,,,,SI
992A,99.2A,INFUSIÓN O APLICACIÓN DE SURFACTANTE,4,99,OTROS PROCEDIMIENTOS NO QUIRÚRGICOS,T,,,,SI
993,99.3,VACUNACIÓN E INOCULACIÓN PROFILÁCTICAS CONTRA CIERTAS ENFERMEDADES BACTERIANAS,3,99,OTROS PROCEDIMIENTOS NO QUIRÚRGICOS,,,,,NO
9931,99.31,VACUNACIÓN CONTRA CÓLERA,4,99,OTROS PROCEDIMIENTOS NO QUIRÚRGICOS,T,,,,SI
9932,99.32,VACUNACIÓN CONTRA FIEBRE TIFOIDEA Y PARATIFOIDEA,4,99,OTROS PROCEDIMIENTOS NO QUIRÚRGICOS,T,,,,SI
9933,99.33,VACUNACIÓN CONTRA TUBERCULOSIS,4,99,OTROS PROCEDIMIENTOS NO QUIRÚRGICOS,T,,,,SI
9934,99.34,VACUNACIÓN CONTRA PESTE,4,99,OTROS PROCEDIMIENTOS NO QUIRÚRGICOS,T,,,,SI
9935,99.35,VACUNACIÓN CONTRA TULAREMIA,4,99,OTROS PROCEDIMIENTOS NO QUIRÚRGICOS,T,,,,SI
9936,99.36,ADMINISTRACIÓN DE TOXOIDE DIFTÉRICO,4,99,OTROS PROCEDIMIENTOS NO QUIRÚRGICOS,T,,,,SI
9937,99.37,VACUNACIÓN CONTRA TOSFERINA,4,99,OTROS PROCEDIMIENTOS NO QUIRÚRGICOS,T,,,,SI
9938,99.38,ADMINISTRACIÓN DE TOXOIDE DE TÉTANOS,4,99,OTROS PROCEDIMIENTOS NO QUIRÚRGICOS,T,,,,SI
9939,99.39,ADMINISTRACIÓN DE VACUNA COMBINADA DE DIFTERIA-TÉTANOS-TOSFERINA,4,99,OTROS PROCEDIMIENTOS NO QUIRÚRGICOS,T,,,,SI
993A,99.3A,"ADMINISTRACIÓN DE VACUNA PENTAVALENTE (DPT, HV, HIP)",4,99,OTROS PROCEDIMIENTOS NO QUIRÚRGICOS,T,,,,SI
993B,99.3B,VACUNACIÓN CONTRA DIFTERIA Y TÉTANOS (TD),4,99,OTROS PROCEDIMIENTOS NO QUIRÚRGICOS,T,,,,SI
993C,99.3C,VACUNACIÓN CONTRA NEUMOCOCO 23 VALENTE,4,99,OTROS PROCEDIMIENTOS NO QUIRÚRGICOS,T,,,,SI
993D,99.3D,VACUNACIÓN CONTRA NEUMOCOCO CONJUGADO (HEPTAVALENTE),4,99,OTROS PROCEDIMIENTOS NO QUIRÚRGICOS,T,,,,SI
994,99.4,VACUNACIÓN E INOCULACIÓN PROFILÁCTICA CONTRA CIERTAS ENFERMEDADES VÍRICAS,3,99,OTROS PROCEDIMIENTOS NO QUIRÚRGICOS,,,,,NO
9941,99.41,ADMINISTRACIÓN DE VACUNA CONTRA LA POLIOMIELITIS (SABIN),4,99,OTROS PROCEDIMIENTOS NO QUIRÚRGICOS,T,,,,SI
9942,99.42,VACUNACIÓN CONTRA VIRUELA,4,99,OTROS PROCEDIMIENTOS NO QUIRÚRGICOS,T,,,,SI
9943,99.43,VACUNACIÓN CONTRA FIEBRE AMARILLA,4,99,OTROS PROCEDIMIENTOS NO QUIRÚRGICOS,T,,,,SI
9944,99.44,VACUNACIÓN CONTRA RABIA,4,99,OTROS PROCEDIMIENTOS NO QUIRÚRGICOS,T,,,,SI
9945,99.45,VACUNACIÓN CONTRA SARAMPIÓN,4,99,OTROS PROCEDIMIENTOS NO QUIRÚRGICOS,T,,,,SI
9946,99.46,VACUNACIÓN CONTRA PAROTIDITIS,4,99,OTROS PROCEDIMIENTOS NO QUIRÚRGICOS,T,,,,SI
9947,99.47,VACUNACIÓN CONTRA RUBÉOLA,4,99,OTROS PROCEDIMIENTOS NO QUIRÚRGICOS,T,,,,SI
9948,99.48,ADMINISTRACIÓN DE VACUNA CONTRA SARAMPIÓN-PAROTIDITIS-RUBÉOLA,4,99,OTROS PROCEDIMIENTOS NO QUIRÚRGICOS,T,,,,SI
994A,99.4A,VACUNACIÓN CONTRA ROTAVIRUS,4,99,OTROS PROCEDIMIENTOS NO QUIRÚRGICOS,T,,,,SI
994B,99.4B,VACUNACIÓN CONTRA HEPATITIS A (HA),4,99,OTROS PROCEDIMIENTOS NO QUIRÚRGICOS,T,,,,SI
994C,99.4C,VACUNACIÓN CONTRA HEPATITIS B (HB),4,99,OTROS PROCEDIMIENTOS NO QUIRÚRGICOS,T,,,,SI
994D,99.4D,VACUNACIÓN CONTRA HEPATITIS C (HC),4,99,OTROS PROCEDIMIENTOS NO QUIRÚRGICOS,T,,,,SI
994E,99.4E,VACUNACIÓN CONTRA HEPATITIS AB (HAB),4,99,OTROS PROCEDIMIENTOS NO QUIRÚRGICOS,T,,,,SI
994F,99.4F,VACUNACIÓN CONTRA SARAMPIÓN Y RUBÉOLA (SR) (DOBLE VIRAL),4,99,OTROS PROCEDIMIENTOS NO QUIRÚRGICOS,T,,,,SI
994G,99.4G,VACUNACIÓN CONTRA EL VIRUS DEL PAPILOMA HUMANO,4,99,OTROS PROCEDIMIENTOS NO QUIRÚRGICOS,T,,,,SI
994H,99.4H,VACUNACIÓN CONTRA VARICELA,4,99,OTROS PROCEDIMIENTOS NO QUIRÚRGICOS,T,,,,SI
994I,99.4I,"VACUNACIÓN CONTRA COVID-19 (VIRUS SARS–COV2), NO ESPECIFICADA DE OTRA MANERA",4,99,OTROS PROCEDIMIENTOS NO QUIRÚRGICOS,T,,,,SI
994J,99.4J,VACUNA CONTRA COVID-19 (VIRUS SARS–COV2) ASTRAZENECA/OXFORD (CHAD),4,99,OTROS PROCEDIMIENTOS NO QUIRÚRGICOS,T,,,,SI
994K,99.4K,VACUNA CONTRA COVID-19 (VIRUS SARS–COV2) BIONTECH/PFIZER,4,99,OTROS PROCEDIMIENTOS NO QUIRÚRGICOS,T,,,,SI
994L,99.4L,VACUNA CONTRA COVID-19 (VIRUS SARS–COV2) CANSINO BIOLOGICS,4,99,OTROS PROCEDIMIENTOS NO QUIRÚRGICOS,T,,,,SI
994M,99.4M,VACUNA CONTRA COVID-19 (VIRUS SARS–COV2) SPUTNIK V,4,99,OTROS PROCEDIMIENTOS NO QUIRÚRGICOS,T,,,,SI
994N,99.4N,OTRA VACUNA ESPECIFICADA CONTRA COVID-19 VIRUS SARS–COV2,4,99,OTROS PROCEDIMIENTOS NO QUIRÚRGICOS,T,,,,SI
994O,99.4O,"VACUNA CONTRA COVID-19 (VIRUS SARS–COV2) (JANSSEN, JOHNSON & JOHNSON)",4,99,OTROS PROCEDIMIENTOS NO QUIRÚRGICOS,T,,,,SI
994P,99.4P,VACUNA CONTRA COVID-19 (VIRUS SARS–COV2) (MODERNA),4,99,OTROS PROCEDIMIENTOS NO QUIRÚRGICOS,T,,,,SI
994Q,99.4Q,VACUNA CONTRA COVID-19 (VIRUS SARS–COV2) (SINOVAC),4,99,OTROS PROCEDIMIENTOS NO QUIRÚRGICOS,T,,,,SI
995,99.5,OTRA VACUNACIÓN E INOCULACIÓN,3,99,OTROS PROCEDIMIENTOS NO QUIRÚRGICOS,,,,,NO
9951,99.51,VACUNACIÓN PROFILÁCTICA CONTRA EL RESFRIADO COMÚN,4,99,OTROS PROCEDIMIENTOS NO QUIRÚRGICOS,T,,,,SI
9952,99.52,VACUNACIÓN PROFILÁCTICA CONTRA LA GRIPE [INFLUENZA],4,99,OTROS PROCEDIMIENTOS NO QUIRÚRGICOS,T,,,,SI
9953,99.53,VACUNACIÓN PROFILÁCTICA CONTRA ENCEFALITIS VÍRICA TRANSMITIDA POR ARTRÓPODOS,4,99,OTROS PROCEDIMIENTOS NO QUIRÚRGICOS,T,,,,SI
9954,99.54,VACUNACIÓN PROFILÁCTICA CONTRA OTRAS ENFERMEDADES VÍRICAS TRANSMITIDAS POR ARTRÓPODOS,4,99,OTROS PROCEDIMIENTOS NO QUIRÚRGICOS,T,,,,SI
9955,99.55,ADMINISTRACIÓN PROFILÁCTICA DE VACUNA CONTRA OTRAS ENFERMEDADES,4,99,OTROS PROCEDIMIENTOS NO QUIRÚRGICOS,T,,,,SI
9956,99.56,ADMINISTRACIÓN DE ANTITOXINA TETÁNICA,4,99,OTROS PROCEDIMIENTOS NO QUIRÚRGICOS,T,,,,SI
9957,99.57,ADMINISTRACIÓN DE ANTITOXINA DE BOTULISMO,4,99,OTROS PROCEDIMIENTOS NO QUIRÚRGICOS,T,,,,SI
9958,99.58,ADMINISTRACIÓN DE OTRAS ANTITOXINAS,4,99,OTROS PROCEDIMIENTOS NO QUIRÚRGICOS,T,,,,SI
9959,99.59,OTRA VACUNACIÓN E INOCULACIÓN,4,99,OTROS PROCEDIMIENTOS NO QUIRÚRGICOS,T,,,,SI
996,99.6,CONVERSIÓN DEL RITMO CARDIACO,3,99,OTROS PROCEDIMIENTOS NO QUIRÚRGICOS,,,,,NO
9960,99.60,"RESUSCITACIÓN CARDIOPULMONAR, NO ESPECIFICADA DE OTRA MANERA",4,99,OTROS PROCEDIMIENTOS NO QUIRÚRGICOS,T,,,,SI
9961,99.61,CARDIOVERSIÓN AURICULAR,4,99,OTROS PROCEDIMIENTOS NO QUIRÚRGICOS,T,,,,SI
9962,99.62,OTRO CHOQUE ELÉCTRICO AL CORAZÓN,4,99,OTROS PROCEDIMIENTOS NO QUIRÚRGICOS,T,,,,SI
9963,99.63,MASAJE CARDIACO A TÓRAX CERRADO,4,99,OTROS PROCEDIMIENTOS NO QUIRÚRGICOS,T,,,,SI
9964,99.64,ESTIMULACIÓN DE SENO CAROTÍDEO,4,99,OTROS PROCEDIMIENTOS NO QUIRÚRGICOS,T,,,,SI
9969,99.69,OTRA CONVERSIÓN DE RITMO CARDIACO,4,99,OTROS PROCEDIMIENTOS NO QUIRÚRGICOS,T,,,,SI
997,99.7,"AFÉRESIS TERAPÉUTICA U OTRA INYECCIÓN, ADMINISTRACIÓN O INFUSIÓN DE OTRA SUSTANCIA TERAPEÚTICA O PROFILÁCTICA",3,99,OTROS PROCEDIMIENTOS NO QUIRÚRGICOS,,,,,NO
9971,99.71,PLASMAFÉRESIS TERAPÉUTICA,4,99,OTROS PROCEDIMIENTOS NO QUIRÚRGICOS,T,,,,SI
9972,99.72,LEUCOFERESIS TERAPÉUTICA,4,99,OTROS PROCEDIMIENTOS NO QUIRÚRGICOS,T,,,,SI
9973,99.73,ERITROCITOFÉRESIS TERAPÉUTICA,4,99,OTROS PROCEDIMIENTOS NO QUIRÚRGICOS,T,,,,SI
9974,99.74,PLAQUETOFÉRESIS TERAPÉUTICA,4,99,OTROS PROCEDIMIENTOS NO QUIRÚRGICOS,T,,,,SI
9975,99.75,ADMINISTRACIÓN DE AGENTE NEUROPROTECTOR,4,99,OTROS PROCEDIMIENTOS NO QUIRÚRGICOS,T,,,,SI
9976,99.76,INMUNOADSORCIÓN EXTRACORPÓREA,4,99,OTROS PROCEDIMIENTOS NO QUIRÚRGICOS,T,,,,SI
9977,99.77,APLICACIÓN O ADMINISTRACIÓN DE SUSTANCIA ANTIADHERENCIA,4,99,OTROS PROCEDIMIENTOS NO QUIRÚRGICOS,T,,,,SI
9978,99.78,ACUAFÉRESIS,4,99,OTROS PROCEDIMIENTOS NO QUIRÚRGICOS,T,,,,SI
9979,99.79,OTRA AFÉRESIS TERAPÉUTICA,4,99,OTROS PROCEDIMIENTOS NO QUIRÚRGICOS,T,,,,SI
998,99.8,PROCEDIMIENTOS FÍSICOS MISCELÁNEOS,3,99,OTROS PROCEDIMIENTOS NO QUIRÚRGICOS,,,,,NO
9981,99.81,HIPOTERMIA (CENTRAL) (LOCAL),4,99,OTROS PROCEDIMIENTOS NO QUIRÚRGICOS,T,,,,SI
9982,99.82,TERAPIA DE LUZ ULTRAVIOLETA,4,99,OTROS PROCEDIMIENTOS NO QUIRÚRGICOS,T,,,,SI
9983,99.83,OTRA FOTOTERAPIA,4,99,OTROS PROCEDIMIENTOS NO QUIRÚRGICOS,T,,,,SI
9984,99.84,AISLAMIENTO,4,99,OTROS PROCEDIMIENTOS NO QUIRÚRGICOS,T,,,,SI
9985,99.85,HIPERTERMIA PARA TRATAMIENTO DEL CÁNCER,4,99,OTROS PROCEDIMIENTOS NO QUIRÚRGICOS,T,,,,SI
9986,99.86,COLOCACIÓN INCRUENTA DE UN ESTIMULADOR DEL CRECIMIENTO ÓSEO,4,99,OTROS PROCEDIMIENTOS NO QUIRÚRGICOS,T,,,,SI
9988,99.88,FOTOFÉRESIS TERAPÉUTICA,4,99,OTROS PROCEDIMIENTOS NO QUIRÚRGICOS,T,,,,SI
999,99.9,OTROS PROCEDIMIENTOS MISCELÁNEOS,3,99,OTROS PROCEDIMIENTOS NO QUIRÚRGICOS,,,,,NO
9991,99.91,ACUPUNTURA PARA ANESTESIA,4,99,OTROS PROCEDIMIENTOS NO QUIRÚRGICOS,T,,,,SI
9992,99.92,OTRA ACUPUNTURA,4,99,OTROS PROCEDIMIENTOS NO QUIRÚRGICOS,T,,,,SI
9993,99.93,MASAJE RECTAL (PARA ESPASMO DE MÚSCULO ELEVADOR),4,99,OTROS PROCEDIMIENTOS NO QUIRÚRGICOS,T,,,,SI
9994,99.94,MASAJE PROSTÁTICO,4,99,OTROS PROCEDIMIENTOS NO QUIRÚRGICOS,T,M,3650,43800,SI
9995,99.95,ESTIRAMIENTO DE PREPUCIO,4,99,OTROS PROCEDIMIENTOS NO QUIRÚRGICOS,T,M,3650,43800,SI
9996,99.96,RECOGIDA DE ESPERMA PARA INSEMINACIÓN ARTIFICIAL,4,99,OTROS PROCEDIMIENTOS NO QUIRÚRGICOS,T,M,3650,43800,SI
9997,99.97,COLOCACIÓN DE DENTADURA POSTIZA,4,99,OTROS PROCEDIMIENTOS NO QUIRÚRGICOS,T,,,,SI
9998,99.98,EXTRACCIÓN DE LECHE DE MAMA DE MADRE LACTANTE,4,99,OTROS PROCEDIMIENTOS NO QUIRÚRGICOS,T,F,3650,19710,SI
9999,99.99,OTROS PROCEDIMIENTO MISCELÁNEO,4,99,OTROS PROCEDIMIENTOS NO QUIRÚRGICOS,T,,,,SI
